Hour,Demand,Temperature,Weekend,Holiday,CompetitorPrice,CurrentPrice,UnitsSold,RecommendedPrice
2,Medium,21,0,0,191.34,133.96,3,157.84
18,Medium,17,1,0,194.24,134.46,47,166.16
15,High,26,0,0,181.65,144.85,32,162.01
10,Medium,29,1,0,150.51,174.83,25,150.44
10,Medium,19,1,0,158.79,151.86,37,152.54
20,Medium,32,0,0,155.26,180.87,17,156.4
2,Medium,29,0,0,127.45,186.69,3,142.63
16,High,16,0,1,183.35,129.9,47,164.61
4,Low,37,1,0,169.06,171.2,3,149.35
2,High,13,0,0,166.03,130.54,3,154.29
12,Medium,29,0,0,132.63,129.66,16,131.23
23,High,23,0,0,127.25,142.93,7,134.99
17,High,29,0,0,184.84,131.6,48,163.02
18,High,32,0,0,129.35,168.09,35,148.62
17,High,30,0,0,120.9,171.55,35,147.44
18,Medium,29,1,0,165.05,166.55,32,156.69
12,High,34,0,0,171.35,162.4,7,160.69
3,Medium,30,0,0,124.57,175.78,5,137.87
20,Low,33,1,0,131.55,175.22,5,139.46
10,High,22,0,0,178.1,181.57,45,173.11
12,High,17,0,0,189.37,170.06,28,173.05
8,Medium,18,1,0,153.12,148.13,34,148.82
4,Medium,28,0,0,178.36,159.1,10,155.08
22,Low,26,1,0,140.55,156.89,3,136.96
18,High,14,0,0,171.26,132.01,70,163.18
15,High,17,0,0,159.58,177.76,43,169.38
9,High,38,0,0,182.46,184.34,37,173.72
19,High,31,0,0,177.07,188.99,28,174.4
13,Medium,32,0,0,137.73,141.12,16,135.78
10,Medium,17,1,0,126.96,131.22,36,137.21
10,Medium,13,1,0,179.61,132.22,36,156.02
5,High,19,0,0,117.62,177.28,3,142.08
2,Low,35,1,0,169.32,166.06,3,147.92
13,Low,25,1,0,153.07,174.15,21,146.91
21,Low,33,1,0,121.02,183.84,9,135.21
1,Low,25,1,0,170.08,139.71,3,142.0
20,Medium,25,0,0,153.63,148.67,20,147.37
19,High,28,0,0,183.81,176.5,34,173.37
6,Low,37,1,0,131.69,141.86,3,126.85
15,Low,23,1,0,115.18,157.89,19,130.34
3,Low,28,1,0,125.44,153.82,3,127.03
18,High,36,0,0,136.57,163.69,38,151.68
16,Low,22,1,0,167.18,189.23,38,165.63
8,High,34,0,0,144.01,131.74,27,143.58
1,Low,26,1,0,124.46,156.5,12,126.87
23,Medium,35,0,0,193.53,187.33,3,170.26
10,High,24,0,0,123.66,147.61,42,140.66
21,Low,28,1,0,143.41,173.14,3,139.92
16,Medium,20,1,0,185.13,185.4,43,170.8
18,High,29,0,1,167.21,140.64,39,156.65
18,High,20,0,0,140.58,130.29,64,148.27
4,Medium,28,0,0,192.63,129.92,3,155.12
8,High,33,0,0,155.09,129.74,29,147.14
11,Low,23,1,0,115.65,147.78,17,127.38
11,High,23,0,0,115.49,133.2,32,134.04
1,Medium,20,0,0,190.28,151.33,3,163.27
13,Low,31,1,0,137.49,174.02,12,140.19
3,Low,27,1,0,179.97,144.38,3,148.28
17,High,25,0,0,118.48,156.16,47,143.68
16,Medium,12,1,0,126.75,133.28,49,138.55
22,Medium,14,1,0,183.54,170.39,7,164.99
17,Medium,12,1,1,194.53,145.65,46,169.74
8,High,34,0,0,119.15,133.79,29,132.54
23,Low,34,1,0,128.41,187.05,11,139.74
9,Medium,13,1,0,172.83,175.03,46,169.31
7,Medium,13,1,0,157.36,167.4,17,158.47
21,Low,33,1,0,147.48,171.99,3,141.78
8,High,26,0,0,130.56,152.66,34,144.56
1,Low,20,1,0,190.63,144.39,5,154.54
11,Low,28,1,0,128.78,157.5,17,133.38
19,Medium,18,1,0,136.22,178.64,36,153.73
4,Low,17,1,0,140.94,187.65,3,151.04
11,High,21,0,0,126.09,164.34,37,148.38
3,Low,36,1,0,157.9,149.46,3,137.13
16,Low,32,1,0,142.31,171.68,17,143.85
11,Low,17,1,0,163.63,170.31,29,156.51
7,Low,27,1,0,144.43,141.09,7,134.77
5,Low,35,1,0,124.31,153.31,3,127.3
13,High,37,0,0,184.81,133.71,15,157.63
16,Medium,32,1,0,155.77,151.15,22,146.78
22,Low,15,1,0,140.75,174.58,8,147.33
10,High,18,0,0,116.31,145.4,51,142.34
3,High,17,0,0,162.83,166.15,8,160.63
19,High,16,0,0,177.6,146.3,53,168.18
15,High,16,0,0,167.0,134.56,45,158.69
16,Medium,20,1,0,178.02,173.19,42,167.67
2,Medium,26,0,0,127.4,163.31,9,136.9
7,Low,22,1,0,192.74,178.65,18,167.45
18,High,23,0,0,131.91,169.13,52,153.46
19,High,18,0,0,136.34,178.12,47,159.11
10,Medium,16,1,0,155.99,135.07,39,149.66
19,High,38,0,0,115.42,164.95,26,142.56
20,Low,28,1,0,150.4,148.88,5,139.18
9,Medium,18,1,0,130.66,173.52,43,148.41
21,High,33,0,0,174.92,162.71,12,158.87
6,High,34,0,1,175.62,128.52,13,150.13
5,Low,38,1,0,164.26,159.68,7,144.69
16,Medium,16,1,0,148.73,173.38,42,159.09
15,High,29,0,0,139.82,142.08,26,143.54
3,Low,38,1,0,181.2,167.54,5,152.37
19,High,33,0,0,155.57,179.66,21,163.12
4,High,18,0,0,154.72,129.24,3,144.81
19,Low,36,1,0,124.07,162.57,18,135.12
0,Medium,23,0,0,132.47,182.69,5,147.12
19,High,25,0,0,143.84,133.22,34,146.5
18,Low,27,1,0,170.91,142.5,28,152.97
18,Medium,32,1,0,182.62,165.69,23,164.18
15,High,15,0,0,194.43,163.04,48,178.63
11,Low,26,1,0,149.19,176.57,18,147.64
16,Medium,34,1,0,151.26,165.89,15,148.13
6,Medium,26,0,0,176.28,162.43,6,159.32
18,High,19,0,0,140.7,154.37,64,153.45
13,Medium,13,1,1,158.24,130.09,20,145.92
11,High,26,0,0,169.16,163.42,27,161.5
12,Low,30,1,0,133.9,135.18,10,125.63
13,Medium,26,0,0,137.37,189.73,24,152.62
0,Low,38,1,0,143.5,130.1,3,124.9
3,Low,28,1,1,161.21,129.92,3,133.22
5,Medium,25,0,0,136.63,176.18,3,145.18
2,Low,13,1,0,131.65,131.58,8,127.87
10,Low,27,1,0,126.96,151.33,19,131.59
16,Medium,16,1,0,179.74,185.29,39,175.52
15,High,31,0,0,185.88,176.21,21,173.04
11,High,16,0,0,187.38,140.13,45,166.54
20,Low,36,1,0,180.73,141.32,9,147.65
13,Low,20,1,0,125.98,163.5,15,135.43
1,Medium,23,0,0,122.82,156.62,3,134.16
18,High,15,0,0,154.93,132.59,73,156.02
13,High,17,0,0,156.71,135.31,35,152.4
15,Low,36,1,0,173.63,177.19,14,156.05
13,Low,19,1,0,132.83,147.41,16,134.37
13,Low,25,1,0,189.48,176.94,11,162.11
2,High,38,0,0,139.79,137.34,3,138.63
13,High,28,0,0,161.22,163.96,30,158.53
19,High,13,0,0,184.14,157.83,59,177.06
7,Low,21,1,0,156.88,146.22,22,144.83
14,High,22,0,0,175.28,164.56,28,165.52
0,Medium,19,0,0,174.92,133.09,3,150.02
8,High,18,0,0,178.2,180.67,50,176.27
10,High,25,0,0,179.88,173.32,40,170.31
23,Low,22,1,0,146.4,143.65,6,135.48
5,Low,19,1,1,144.08,162.71,3,140.04
6,Low,23,1,0,179.28,183.64,8,162.05
9,Medium,21,1,0,161.38,152.45,36,154.46
23,High,18,0,0,163.62,148.62,7,155.41
20,High,24,0,0,147.95,176.93,32,156.68
0,Medium,37,0,1,131.13,125.08,5,126.79
5,Low,25,1,1,151.55,169.61,3,142.26
19,Low,28,1,0,192.57,139.03,17,155.26
1,Medium,38,0,1,138.27,170.13,3,141.74
20,Low,28,1,0,136.76,153.46,8,135.16
6,Low,18,1,1,125.46,126.32,7,122.56
22,Medium,22,0,0,153.49,181.83,3,154.88
7,Low,25,1,0,138.08,160.53,14,138.31
10,Low,24,1,0,169.97,145.38,26,149.66
15,High,16,0,0,125.81,170.72,45,152.69
3,High,14,0,0,134.78,157.24,3,148.21
13,Low,21,1,0,119.95,127.27,14,120.94
12,Low,36,1,0,118.32,167.27,17,130.66
18,Medium,31,1,0,180.13,188.02,27,170.99
23,Medium,34,0,0,187.47,139.43,3,153.33
15,Medium,16,1,0,176.11,181.09,27,168.04
9,Low,23,1,0,184.21,165.36,25,161.37
9,High,27,0,0,121.93,130.06,31,134.91
10,Low,23,1,0,186.85,172.45,33,164.05
19,High,23,0,0,152.28,153.7,44,155.41
7,High,21,0,0,176.49,176.59,24,170.99
4,Medium,13,1,0,164.26,166.32,7,157.14
8,High,35,0,0,142.99,125.18,29,140.18
0,Low,37,1,0,136.18,133.21,3,124.33
2,Medium,14,1,0,124.45,147.91,5,136.5
2,Low,23,1,0,148.01,156.32,3,139.08
18,Low,25,1,0,154.53,185.59,35,159.23
17,Medium,33,1,0,193.65,178.43,25,173.2
16,Low,38,1,0,117.98,177.11,21,135.29
11,Low,23,1,0,162.21,160.07,14,150.05
17,Medium,32,1,0,157.0,131.04,22,143.55
3,Medium,37,0,0,116.83,173.48,9,134.94
21,Medium,34,0,0,141.38,130.63,4,134.79
12,High,19,0,0,148.83,130.94,20,145.01
22,Low,34,1,0,154.54,141.58,7,132.7
3,Low,23,1,0,133.68,184.97,3,141.69
11,Medium,12,1,0,117.73,173.74,32,144.69
16,High,32,0,0,138.51,129.98,30,142.47
11,Medium,34,0,1,181.91,184.73,21,167.22
10,High,21,0,0,179.63,175.92,51,171.25
3,Low,24,1,0,129.46,164.24,3,132.46
9,Medium,21,1,0,166.7,133.25,37,148.2
5,High,15,0,0,188.89,145.81,7,164.3
7,Low,38,1,0,128.77,144.54,9,127.22
16,High,12,0,0,125.29,166.6,74,156.16
15,Low,27,1,0,116.77,163.21,24,132.59
14,Medium,12,1,0,128.79,143.02,22,139.75
8,High,30,0,0,180.12,145.22,34,159.97
23,Low,36,1,0,180.12,158.7,3,151.1
2,Low,29,1,0,158.24,179.95,3,147.49
8,Low,28,1,1,141.69,133.2,20,130.78
2,Medium,34,0,0,179.54,172.17,5,159.27
8,High,38,0,0,130.6,189.72,26,153.73
23,Medium,35,0,0,126.19,173.73,3,138.74
8,High,18,0,0,122.14,153.7,46,143.59
21,Low,27,1,0,183.11,172.56,5,158.34
11,Low,34,1,0,172.19,180.94,18,156.66
16,Medium,19,1,0,164.97,174.95,35,164.66
10,High,30,0,0,173.2,125.83,25,151.23
6,Medium,12,1,0,126.48,133.55,7,134.25
18,Medium,35,1,0,145.78,131.96,22,137.74
23,Low,28,1,0,180.13,127.07,3,141.79
6,Low,32,1,0,188.34,171.44,3,158.71
18,Medium,34,1,0,156.05,142.38,17,145.51
6,High,17,0,0,124.76,171.93,21,150.25
17,High,24,0,0,193.28,168.3,49,181.09
18,Medium,35,1,0,146.6,159.03,19,147.33
10,High,16,0,0,140.52,128.88,60,148.22
17,High,34,0,0,124.6,144.84,41,140.01
6,Low,19,1,0,116.01,126.76,16,120.25
1,Medium,27,0,0,163.29,184.15,3,155.22
2,Low,25,1,0,163.99,145.06,6,142.43
10,High,30,0,0,133.74,131.17,32,136.2
21,Medium,34,0,0,127.96,125.16,7,124.26
3,Medium,21,0,0,157.24,164.75,3,152.97
10,High,16,0,0,149.83,165.36,47,162.13
16,High,23,0,0,139.29,189.67,45,162.38
4,Medium,28,0,0,132.46,143.76,3,133.74
17,Medium,32,1,0,183.74,128.02,22,155.9
7,High,32,0,0,193.71,175.66,16,172.24
19,High,21,0,0,143.45,144.8,50,150.29
13,Low,37,1,0,170.85,146.49,4,145.83
13,High,14,0,0,184.24,184.0,33,179.19
4,High,15,0,0,117.15,162.4,3,144.21
11,High,12,0,0,187.65,151.02,42,170.63
20,High,37,0,0,154.93,186.79,20,159.74
0,Low,16,1,0,159.54,142.24,3,140.69
18,Medium,28,1,0,158.19,126.4,28,144.71
11,High,33,0,0,134.43,140.01,21,141.07
17,Medium,32,1,0,177.58,127.87,29,152.7
15,High,37,0,0,173.59,151.5,20,160.49
10,High,13,0,0,122.66,179.02,64,157.22
7,High,22,0,0,160.02,188.39,24,166.49
15,High,25,0,0,191.56,170.52,33,172.67
3,Medium,30,0,0,184.69,185.2,3,164.07
14,High,28,0,0,165.07,151.55,24,154.3
2,Low,27,1,0,130.9,144.68,10,124.88
15,High,20,0,1,142.78,135.02,30,144.3
15,High,14,0,0,127.03,157.56,47,149.15
2,Medium,23,0,1,180.75,146.25,3,155.38
18,High,19,0,0,177.29,131.99,61,164.47
9,High,26,0,0,187.83,185.57,36,180.05
18,High,33,0,0,120.07,133.04,36,134.96
0,Medium,26,0,0,192.18,173.08,3,167.46
4,Medium,27,0,0,192.31,129.42,3,155.21
11,High,13,0,0,168.95,159.26,29,165.88
4,Medium,29,0,0,185.54,168.86,7,161.46
7,High,23,0,0,150.08,140.24,32,150.2
15,High,15,0,0,140.07,129.92,48,146.35
3,Medium,17,1,0,127.35,163.57,3,141.25
16,Medium,33,1,0,117.53,164.19,16,134.74
2,Medium,36,0,0,118.36,145.28,3,129.43
4,Medium,25,0,0,170.33,149.45,4,153.22
14,High,38,0,0,141.93,127.96,24,137.74
19,Medium,16,1,0,119.32,144.23,37,136.62
4,Low,20,1,1,123.98,182.37,5,136.18
7,Low,37,1,0,168.22,136.13,14,140.19
22,High,16,0,0,190.09,155.42,6,167.64
23,Medium,29,0,0,147.64,168.99,9,144.78
13,High,17,0,0,177.21,177.19,34,171.32
10,Medium,20,1,0,192.89,130.27,27,160.25
8,Low,24,1,0,171.66,163.47,29,152.4
14,Medium,21,0,0,172.84,165.77,28,164.08
14,Low,35,1,0,164.27,137.83,11,141.12
7,High,38,0,0,193.21,127.01,18,160.2
0,Medium,25,0,0,138.98,179.88,3,148.61
3,Medium,26,0,0,177.64,153.6,5,157.39
23,Medium,13,1,0,148.21,128.95,3,137.51
10,High,18,0,0,127.43,162.57,52,151.99
11,Medium,13,1,0,174.15,149.5,25,162.72
11,Low,35,1,0,181.35,130.21,13,144.49
18,High,18,0,0,184.09,143.66,65,170.77
1,Low,21,1,0,188.75,146.24,5,152.13
1,Medium,34,0,1,174.59,162.37,3,154.19
6,Low,31,1,0,157.21,151.22,5,139.64
11,High,28,0,0,190.1,131.95,30,157.65
16,High,13,0,1,131.77,166.3,51,156.9
11,Low,27,1,0,121.18,172.37,15,135.99
10,Medium,27,1,0,149.53,157.97,15,145.73
22,Medium,20,0,0,161.58,129.12,7,144.05
3,Low,32,1,1,169.4,131.71,3,137.37
13,Medium,37,0,0,180.23,186.4,15,165.86
13,Medium,18,1,0,117.14,137.31,21,130.55
11,Medium,20,1,0,179.16,144.99,19,157.0
19,High,20,0,0,163.01,169.69,42,169.82
6,Low,34,1,0,191.24,176.47,3,160.41
22,Low,14,1,0,142.83,184.22,4,148.91
7,High,36,0,0,164.36,150.69,12,154.36
13,High,32,0,0,176.32,189.5,25,170.68
12,High,25,0,0,156.31,131.75,29,149.37
20,Medium,27,0,0,127.47,178.72,26,147.74
10,High,36,0,0,118.98,142.69,21,134.49
6,Low,32,1,0,123.91,185.91,5,136.27
0,Low,19,1,1,154.59,181.5,3,149.11
8,High,13,0,0,166.17,174.55,64,170.53
19,High,29,0,0,160.64,164.24,34,156.58
0,Medium,15,1,0,172.03,138.94,3,152.86
21,Medium,14,1,0,118.12,155.03,13,135.14
13,Medium,38,0,0,125.91,127.26,9,126.85
3,Medium,24,0,0,175.89,171.11,3,164.09
7,High,29,0,0,177.49,132.53,18,153.62
13,High,17,0,0,171.18,141.79,33,159.55
7,High,14,0,0,174.63,140.93,39,162.81
2,High,13,0,0,192.08,176.22,3,177.79
15,High,21,0,0,190.54,151.04,36,169.8
16,High,12,0,0,166.56,159.75,53,170.93
2,Medium,23,0,0,140.55,138.56,8,137.56
6,High,20,0,0,116.13,146.72,12,136.59
5,Medium,26,0,0,165.53,158.27,3,151.45
15,Low,27,1,0,149.5,137.62,30,136.81
17,High,20,0,0,126.76,169.84,57,156.08
17,High,24,0,0,132.22,154.2,53,151.82
22,Medium,14,1,0,189.92,188.94,9,173.39
18,Medium,20,1,0,120.3,141.02,47,135.9
7,High,38,0,0,178.0,150.74,17,160.69
2,Medium,38,0,0,187.16,185.1,6,167.38
14,High,25,0,0,170.07,182.59,23,169.65
21,Low,37,1,0,119.91,156.47,8,125.13
23,Medium,25,0,1,182.67,133.03,6,150.74
5,High,15,0,0,167.26,151.57,3,160.62
5,Low,35,1,0,137.16,163.18,3,133.37
0,Low,23,1,0,165.37,141.52,3,143.85
3,Medium,28,0,0,125.92,137.42,3,130.94
13,High,29,0,0,171.61,159.54,12,159.57
13,Low,20,1,0,187.24,136.44,17,152.28
8,Low,31,1,0,156.73,181.84,23,151.94
7,Low,25,1,0,191.17,129.83,18,150.44
19,Medium,21,1,0,150.05,189.18,32,162.02
11,High,20,0,0,183.61,159.97,27,168.54
19,Low,32,1,0,176.89,188.93,20,162.18
23,Low,18,1,0,122.07,173.85,4,136.49
7,Medium,15,1,0,188.01,134.94,26,159.45
4,Medium,35,0,0,187.83,139.78,7,153.75
22,High,20,0,0,143.11,131.95,6,143.08
15,High,29,0,0,178.48,172.39,24,170.17
6,Low,31,1,1,132.97,135.96,9,125.12
14,Low,34,1,0,117.43,171.45,10,131.8
12,Medium,28,0,0,131.63,180.87,19,146.55
21,Low,31,1,0,153.72,151.76,3,138.39
6,Low,34,1,1,119.62,167.97,4,126.75
23,Low,37,1,0,127.8,183.19,8,134.89
22,High,13,0,0,191.04,173.95,12,178.35
4,Medium,32,0,0,154.51,133.5,5,140.64
3,High,16,0,0,180.85,144.01,5,160.38
12,Medium,36,1,0,131.53,159.82,17,137.75
1,Medium,13,1,0,122.08,142.18,3,130.84
7,High,18,0,0,177.44,157.89,35,168.92
10,High,17,0,0,142.91,186.93,61,164.43
23,Low,28,1,0,151.78,154.46,3,141.04
23,Medium,12,1,0,194.37,142.01,3,161.27
3,High,12,0,0,140.32,134.53,3,143.99
21,Medium,25,0,0,152.85,183.57,13,156.76
2,Low,38,1,0,165.78,139.94,3,139.44
17,Medium,26,1,0,122.13,137.59,30,134.8
20,Low,24,1,0,172.31,160.82,14,154.1
21,Low,29,1,0,151.14,155.01,7,138.45
5,Medium,26,0,0,129.0,150.07,9,136.49
21,Low,22,1,0,149.44,162.61,12,146.03
2,Low,27,1,0,151.85,162.01,3,141.61
12,High,12,0,0,166.26,129.45,53,155.66
11,High,18,0,0,189.97,151.97,37,171.29
7,High,30,0,0,176.21,171.86,10,162.77
0,Medium,21,0,0,145.6,149.81,3,144.35
18,High,13,0,0,192.57,189.85,73,188.35
8,Medium,15,1,0,178.27,140.3,30,158.99
15,High,35,0,0,117.24,157.26,25,139.06
9,Medium,20,1,1,124.33,168.81,17,143.66
8,Medium,12,1,0,132.44,160.61,44,147.48
21,Low,31,1,0,121.68,127.54,9,120.03
2,Medium,26,0,0,153.83,158.39,3,147.96
17,High,24,0,1,142.26,187.82,48,164.97
17,High,36,0,0,192.83,151.43,32,170.68
9,Medium,20,1,0,152.82,132.55,32,143.75
6,High,27,0,0,131.97,126.38,14,132.12
0,Medium,32,0,0,192.66,151.8,3,157.8
22,Low,28,1,0,156.11,137.04,3,134.93
22,Low,17,1,0,120.84,179.26,6,138.13
5,Medium,30,0,0,121.47,186.9,7,142.13
0,Low,32,1,0,169.02,186.13,6,152.74
2,High,15,0,0,154.58,149.34,3,153.68
1,High,16,0,0,164.94,154.56,3,160.38
19,High,30,0,0,182.97,145.48,30,163.84
21,Medium,15,1,0,169.51,133.39,7,149.51
3,Medium,35,0,0,183.94,161.34,6,158.96
17,High,14,0,0,174.42,137.1,81,168.65
4,Low,38,1,0,168.95,128.86,9,136.71
8,High,30,0,0,125.78,180.21,23,148.56
14,Medium,23,0,0,153.63,176.9,23,156.54
17,High,19,0,0,149.65,185.21,67,168.65
20,Low,21,1,1,158.26,146.28,13,142.5
1,Low,32,1,0,146.29,181.6,5,144.04
4,Low,32,1,0,164.63,150.9,6,143.37
6,High,17,0,1,146.4,129.73,21,143.42
7,Low,26,1,0,159.61,154.76,15,143.52
23,Low,38,1,0,146.59,161.0,6,135.62
18,Medium,18,1,0,187.14,153.09,43,170.02
7,Low,30,1,0,144.87,176.05,13,144.56
23,Low,16,1,0,173.47,147.87,5,148.98
11,Medium,34,0,0,164.1,184.87,20,161.11
12,High,16,0,0,145.84,129.82,39,148.3
10,Medium,20,1,0,179.61,171.83,26,166.06
3,Medium,24,0,0,189.21,185.38,3,171.41
22,Low,22,1,0,175.84,160.96,5,152.25
0,Low,16,1,0,190.89,182.11,4,166.57
4,Medium,29,0,1,149.9,169.97,3,143.81
5,Medium,12,1,0,188.1,125.94,3,154.48
6,Medium,38,0,0,185.1,168.63,6,161.67
3,Medium,13,1,0,175.99,167.68,3,162.52
0,Medium,21,0,0,181.82,125.0,6,150.91
16,High,37,0,0,173.41,151.6,24,161.99
23,Medium,16,1,0,155.98,127.52,3,141.8
2,High,13,0,0,159.19,144.04,6,151.82
7,High,32,0,0,148.41,189.13,15,159.22
12,High,13,0,0,168.14,186.12,33,172.17
22,Low,36,1,0,140.98,169.52,3,136.18
16,High,24,0,0,174.17,148.85,48,163.86
18,High,35,0,0,155.41,150.77,34,155.89
13,High,18,0,0,143.26,127.48,31,144.45
10,Medium,15,1,0,126.78,146.99,33,140.32
4,Medium,37,0,0,135.44,175.98,3,142.62
20,High,32,0,0,166.22,158.76,20,157.76
19,Low,36,1,0,144.59,155.98,25,142.24
0,Medium,20,0,0,117.65,130.92,3,129.01
17,Medium,22,1,0,141.38,184.74,39,157.16
2,Medium,27,0,0,144.31,143.4,8,138.76
17,Medium,24,1,0,133.74,149.89,41,142.15
19,High,18,0,1,137.91,146.5,39,151.04
3,Low,22,1,0,171.39,146.37,3,148.66
10,Low,28,1,0,174.7,163.96,23,153.75
2,High,13,0,0,191.71,165.76,3,175.51
13,High,21,0,0,124.45,163.91,28,146.82
22,High,19,0,0,139.94,129.45,10,140.28
1,High,13,0,1,121.16,188.02,3,150.71
9,Medium,15,1,0,164.06,171.41,40,165.66
23,Medium,25,0,0,116.31,182.38,3,140.88
7,Medium,14,1,1,131.43,135.38,19,136.79
3,High,21,0,0,161.96,185.59,3,164.54
11,Low,27,1,0,143.7,171.91,18,143.67
12,Low,35,1,0,158.55,157.55,8,141.58
15,Medium,14,1,0,166.22,126.5,39,150.87
7,Low,23,1,0,182.12,141.46,17,150.47
22,Medium,14,1,0,146.43,179.52,13,152.53
12,Low,23,1,1,137.31,149.65,20,133.31
6,Low,24,1,0,158.1,169.09,4,150.51
23,Medium,33,0,0,120.57,172.5,3,136.27
22,Low,23,1,0,118.35,175.42,3,133.76
11,Low,37,1,0,151.18,149.85,16,137.25
0,Low,15,1,0,132.45,184.14,4,144.36
14,Medium,13,1,0,115.58,143.99,27,132.19
13,High,12,0,1,169.35,179.34,26,171.71
3,Medium,21,0,0,180.29,152.61,8,157.24
15,High,17,0,0,126.83,140.22,41,144.55
20,High,14,0,0,160.11,147.32,36,156.99
2,Medium,18,0,0,193.72,176.97,3,171.4
17,High,38,0,0,136.5,164.97,37,154.18
3,Low,33,1,0,173.47,133.88,3,141.47
17,High,12,1,0,127.97,133.06,64,145.37
10,Low,36,1,0,189.57,169.67,20,160.71
0,Medium,17,0,0,115.03,140.57,3,130.32
23,High,22,0,0,138.58,138.56,12,143.63
3,Low,20,1,0,193.11,173.72,3,163.29
14,High,22,0,0,168.66,145.97,29,158.43
4,Low,32,1,0,131.95,129.44,5,120.53
22,Low,31,1,0,178.31,152.61,5,146.77
17,Medium,28,1,0,186.85,162.0,41,166.95
19,Medium,28,0,0,153.98,164.1,32,155.24
10,Low,31,1,0,127.48,128.8,24,124.52
11,Medium,16,1,0,135.69,154.48,29,145.0
15,High,22,0,0,190.45,148.37,37,168.11
18,High,14,0,0,127.89,154.18,73,152.04
20,Low,31,1,0,139.95,127.71,9,128.4
0,Medium,23,0,0,126.64,144.21,3,132.83
15,Low,29,1,0,123.45,166.82,14,132.73
2,Medium,27,0,0,156.76,133.18,3,140.7
6,Low,19,1,0,146.74,187.35,11,150.89
19,High,15,0,0,118.69,189.6,60,157.5
6,Medium,38,0,0,126.62,148.43,9,134.83
19,High,19,0,0,118.01,169.26,47,151.66
11,High,14,0,0,116.97,166.3,37,148.71
5,Medium,20,0,0,129.28,135.87,9,134.2
8,Low,36,1,0,174.49,150.23,23,150.83
12,High,19,0,0,116.18,188.74,34,151.26
18,High,38,0,0,139.36,133.3,30,143.89
14,High,24,0,0,160.18,162.39,27,158.38
22,Low,35,1,0,174.5,163.95,3,148.48
20,Low,29,1,0,169.23,135.89,16,143.27
18,Medium,13,1,0,194.07,159.79,55,173.27
14,Medium,25,0,0,137.05,184.64,27,151.37
6,Low,23,1,0,115.01,132.52,6,119.44
9,High,17,0,0,118.06,137.33,52,138.27
2,Low,26,1,0,122.8,141.62,3,122.86
8,High,14,0,0,193.02,173.81,55,181.61
22,Low,30,1,0,160.6,162.52,3,144.66
10,Low,34,1,0,178.95,157.73,20,152.74
2,High,14,0,0,193.81,176.48,3,177.85
15,Low,24,1,1,182.54,188.59,18,163.7
23,Medium,29,0,0,147.61,137.74,10,136.09
20,Medium,13,1,1,185.07,177.78,21,168.59
6,Low,22,1,0,149.7,149.06,11,140.4
10,Medium,18,1,0,124.12,134.49,36,133.39
12,Medium,13,1,1,158.85,141.67,17,148.96
5,Medium,33,0,0,188.26,150.95,8,158.23
6,High,24,0,0,177.76,183.45,14,171.46
5,Low,32,1,0,147.15,156.1,3,138.5
23,Medium,27,0,0,183.39,164.93,8,160.77
17,High,35,0,0,152.13,127.16,41,146.91
20,High,38,0,1,169.77,129.16,7,150.11
19,Low,28,1,0,141.65,185.99,22,151.94
23,Medium,21,0,0,130.58,179.49,16,146.1
2,Medium,23,0,0,140.08,156.83,8,141.71
21,Medium,34,0,0,185.01,138.03,8,150.23
1,Medium,23,0,0,194.18,127.61,4,152.97
11,Low,26,1,0,136.11,188.4,17,147.61
14,Medium,17,1,0,128.23,125.37,25,131.38
8,Low,38,1,0,120.69,140.45,16,123.21
3,Low,29,1,0,175.31,169.45,3,151.44
4,Medium,20,0,0,157.24,185.96,3,162.63
19,Medium,27,1,0,159.49,132.61,31,144.83
7,High,22,0,0,118.62,175.3,24,149.03
7,High,16,0,0,121.48,146.56,38,140.93
22,Medium,35,0,0,188.17,169.18,3,164.71
3,Medium,35,0,0,161.14,131.28,3,139.74
21,Low,34,1,0,132.54,181.21,7,137.82
22,High,21,0,0,131.6,170.97,3,147.5
14,Medium,18,1,1,134.27,187.11,22,150.66
3,High,13,0,1,120.1,157.66,3,143.2
3,Medium,31,0,0,118.98,182.7,3,138.4
6,High,20,0,1,172.6,160.13,9,163.29
13,Medium,36,0,0,136.1,158.33,25,140.24
3,Medium,35,0,0,145.76,131.15,3,134.12
10,Medium,15,1,0,157.99,177.92,38,161.02
2,Low,36,1,0,140.61,151.79,4,134.04
12,Medium,15,1,0,153.3,164.0,19,154.0
0,Medium,25,0,1,184.2,167.29,6,161.91
17,Medium,24,1,0,134.53,175.36,37,150.76
1,Low,37,1,0,178.3,162.4,3,149.4
4,Medium,29,0,0,136.12,165.29,3,139.87
4,Low,35,1,0,129.96,158.85,3,131.37
19,Medium,28,1,0,120.81,164.91,22,136.51
1,Low,34,1,0,169.74,153.87,3,143.68
10,High,35,0,0,147.93,175.47,23,157.88
14,High,35,0,0,176.63,177.68,19,165.57
12,High,23,0,0,125.61,158.61,24,144.14
16,High,22,0,0,163.27,134.53,53,155.45
19,High,38,0,0,116.04,149.28,32,137.76
9,High,32,0,0,133.71,179.6,31,152.84
19,High,36,0,0,163.77,184.59,29,164.65
7,Low,27,1,0,119.48,142.36,8,125.04
23,Medium,37,0,0,145.18,186.17,7,149.46
12,Medium,31,0,0,159.93,142.99,18,145.27
17,High,32,0,0,173.21,184.73,41,173.52
21,High,16,0,0,171.45,185.8,14,172.64
19,Medium,27,1,0,126.85,157.81,22,139.69
20,Low,31,1,1,121.01,186.79,8,137.53
12,Low,32,1,0,145.11,160.7,18,135.85
1,Low,37,1,0,134.26,149.63,3,129.23
11,High,20,0,0,139.46,177.66,28,157.27
4,Low,20,1,0,142.4,132.05,4,130.25
21,Low,38,1,0,146.77,139.08,4,132.05
5,Medium,38,0,0,156.49,138.86,6,142.33
5,Low,16,1,0,115.74,165.43,4,131.16
5,Low,22,1,0,138.84,171.08,7,142.37
15,Low,37,1,0,136.15,179.43,20,144.1
13,High,17,0,0,133.9,183.49,34,157.84
22,Medium,33,0,0,178.09,181.88,10,161.41
9,High,15,0,1,135.1,169.33,54,158.84
6,High,16,0,0,127.08,184.46,14,154.22
1,Low,33,1,0,183.15,142.91,3,146.37
0,Medium,28,0,0,145.64,172.14,3,147.41
8,Low,26,1,0,129.72,129.98,27,127.59
22,Medium,35,0,1,175.1,133.14,3,147.03
12,High,20,0,0,167.57,139.7,27,156.33
21,Low,25,1,0,190.62,131.67,7,147.7
2,Medium,28,0,0,185.22,187.77,6,169.1
2,Medium,31,0,0,170.55,155.31,3,150.4
20,High,20,0,0,127.88,183.94,25,153.29
2,Medium,29,0,0,153.65,155.98,7,145.22
1,Low,24,1,0,124.5,170.48,3,132.96
9,Low,26,1,0,158.95,145.91,26,144.55
22,Low,35,1,0,188.34,186.79,3,162.49
16,Medium,22,1,0,115.31,127.27,34,127.69
2,Medium,30,0,0,185.08,170.33,3,161.84
20,Low,37,1,0,158.15,186.77,9,151.87
20,High,32,0,0,127.1,176.23,22,148.55
19,High,38,0,0,183.47,178.79,27,174.04
21,Low,27,1,0,157.95,144.45,5,139.94
5,High,19,0,0,150.85,154.37,3,151.82
23,Low,38,1,0,154.98,133.85,3,132.6
7,Low,29,1,0,126.79,149.47,10,129.14
19,High,18,0,0,124.02,125.55,47,140.02
13,High,20,0,0,167.92,175.62,23,167.95
18,Medium,19,1,0,185.43,186.95,45,176.9
15,Low,34,1,0,170.56,170.56,10,152.25
15,Medium,14,1,0,182.26,177.67,34,172.22
14,Low,31,1,0,182.58,158.38,10,154.04
18,High,26,0,0,117.56,137.46,50,137.39
17,High,13,0,0,176.68,171.85,81,179.92
3,Low,28,1,0,176.77,144.45,3,145.12
19,High,32,0,0,143.0,154.87,31,150.01
12,Low,31,1,0,147.79,183.54,18,146.99
7,Low,26,1,0,174.64,149.24,21,150.2
12,Medium,21,1,0,193.92,143.81,12,162.78
23,High,16,0,0,194.03,127.06,4,162.19
20,Medium,12,1,0,152.91,170.59,22,157.02
20,High,21,0,0,178.16,138.99,28,161.49
11,Low,29,1,0,152.28,166.56,13,142.87
18,High,13,0,0,184.28,148.83,75,175.8
9,Low,38,1,0,166.98,176.2,18,152.95
16,High,27,0,0,189.93,182.84,39,177.62
15,High,19,0,0,194.78,140.32,43,171.87
5,Medium,37,0,1,141.42,176.5,3,142.93
6,Medium,16,1,0,193.35,134.93,10,160.51
1,Medium,37,0,0,170.4,134.16,3,146.84
3,Medium,19,0,0,134.05,152.85,3,141.06
10,High,22,0,0,115.25,146.09,45,139.44
11,High,23,0,0,169.71,189.17,32,169.75
3,Medium,38,0,0,132.79,177.26,3,142.28
10,High,18,0,0,133.51,182.87,56,159.38
14,Low,38,1,0,159.17,133.84,5,137.06
5,Low,21,1,0,117.47,171.41,3,133.11
8,Medium,19,1,0,148.31,164.28,26,151.97
8,Medium,29,1,0,178.95,131.45,10,149.49
12,High,30,0,0,117.18,176.59,14,141.36
8,Medium,21,1,0,164.92,180.5,32,162.79
17,High,15,0,0,127.67,184.42,76,160.77
7,Low,22,1,0,184.03,186.09,23,165.18
10,High,26,0,0,146.25,132.01,37,146.72
9,High,13,0,0,179.97,182.34,63,178.25
4,High,14,0,0,172.91,186.45,3,172.29
16,Medium,36,1,1,185.23,169.9,19,165.41
5,High,12,0,0,156.35,136.95,3,152.84
7,Low,22,1,0,153.89,151.05,4,143.03
19,High,32,0,0,117.99,130.86,29,132.11
22,High,20,0,0,157.71,125.28,9,147.48
16,Low,25,1,0,156.76,184.8,36,155.41
21,Medium,14,1,0,163.51,188.2,15,164.92
20,Low,33,1,0,125.48,184.75,12,139.02
11,Low,29,1,0,158.2,141.51,14,138.41
18,Medium,34,1,0,151.32,165.37,21,151.38
7,High,35,0,0,162.68,157.48,15,157.66
11,Low,21,1,0,167.84,157.24,27,150.15
12,Medium,13,1,0,143.91,152.84,26,145.14
23,Medium,21,0,0,155.32,186.18,10,157.76
20,High,15,0,0,146.61,176.41,32,162.46
11,Low,26,1,0,176.24,180.05,14,161.1
15,High,15,0,0,178.71,127.25,51,161.53
4,Low,36,1,0,138.44,151.78,5,129.14
19,High,28,0,0,135.76,163.87,32,150.93
13,High,18,0,0,169.27,167.82,31,167.39
12,Medium,36,0,0,176.92,183.17,18,165.16
18,High,32,0,0,115.87,135.86,34,136.16
15,High,23,0,0,149.19,130.85,33,144.8
1,High,15,0,0,139.62,183.06,3,156.0
6,Low,21,1,0,176.32,157.93,9,152.75
4,Low,27,1,1,126.48,160.05,5,130.39
17,High,32,0,0,177.26,182.85,41,173.57
0,Medium,19,0,0,167.91,173.74,4,160.71
4,Low,32,1,0,182.43,172.5,5,155.1
14,Low,19,1,0,194.22,137.09,20,155.31
16,Medium,18,1,0,153.12,165.39,33,155.59
12,Low,24,1,0,170.95,154.25,15,149.62
20,High,16,0,1,171.8,164.72,25,166.53
22,Medium,22,0,0,182.57,162.42,10,163.15
3,Medium,21,0,0,156.45,126.71,3,140.42
22,Low,19,1,0,123.61,147.35,10,129.89
14,Low,32,1,0,193.35,154.76,3,156.14
15,Low,20,1,0,119.55,157.51,23,133.78
2,Low,30,1,0,191.99,131.47,3,147.26
14,Low,31,1,0,135.43,183.41,15,142.11
17,Medium,29,1,0,154.4,146.73,38,147.87
13,High,19,0,0,191.05,156.81,23,171.1
2,Medium,34,0,0,169.13,168.14,3,155.73
12,High,18,0,0,161.84,171.74,27,164.91
22,Low,19,1,0,141.07,149.57,3,133.76
17,High,35,0,0,138.39,133.39,33,143.11
3,Low,21,1,0,117.62,138.48,3,121.57
23,Medium,30,0,0,161.91,135.73,8,142.93
23,Medium,13,1,0,149.41,140.87,6,141.05
4,Low,28,1,0,132.94,164.24,3,133.75
19,High,35,0,0,145.74,159.82,26,153.41
9,Medium,31,1,1,190.28,135.96,13,155.48
14,Medium,27,1,0,182.87,169.3,20,162.22
10,High,34,0,0,149.43,129.14,34,141.8
18,High,20,0,1,193.4,184.12,43,184.11
23,Low,22,1,0,151.97,161.8,5,144.62
19,Medium,13,1,0,142.93,163.38,37,152.72
22,Medium,30,0,0,146.03,143.58,5,141.08
22,Low,31,1,0,184.97,158.26,3,152.87
2,Medium,32,0,0,136.42,152.71,3,136.77
6,Low,32,1,0,132.77,186.8,12,140.73
17,Medium,15,1,1,191.84,129.95,42,163.73
14,High,29,0,0,173.74,154.82,18,159.26
1,Medium,32,0,0,176.1,176.45,3,159.44
2,Low,17,1,0,174.22,160.4,3,155.7
12,Medium,24,0,0,169.63,161.74,22,159.8
14,High,36,0,1,122.3,184.23,6,146.1
4,Medium,23,0,0,175.29,149.42,3,153.57
4,Medium,32,0,0,134.91,125.13,3,126.23
3,Medium,26,0,0,125.59,185.17,3,146.61
13,Low,29,1,0,193.64,127.15,4,149.47
0,Low,28,1,0,117.23,176.83,3,132.32
13,Low,29,1,1,117.53,134.07,8,118.31
11,Medium,33,0,0,139.79,126.34,20,132.93
11,High,36,0,0,182.54,148.05,23,160.22
16,Medium,19,1,1,193.24,181.16,38,172.14
12,Low,37,1,0,124.48,127.4,13,119.42
17,Medium,28,1,0,146.64,142.07,26,144.44
18,High,28,0,0,173.74,143.14,45,162.24
22,High,20,0,0,166.64,131.16,14,150.6
19,Medium,23,1,0,133.67,131.02,23,136.33
12,High,29,0,0,141.34,184.03,13,154.29
11,Low,21,1,0,162.55,170.19,17,154.04
5,Low,19,1,0,117.83,145.22,3,126.61
14,Low,34,1,0,175.66,140.49,14,146.42
3,Medium,23,0,0,137.03,127.79,8,132.83
22,Low,29,1,0,181.27,148.32,8,146.96
20,Medium,12,1,0,169.69,144.57,26,154.85
2,Medium,14,1,0,166.63,184.61,3,160.19
18,Medium,34,1,1,176.39,139.33,22,153.99
2,High,15,0,0,121.01,151.33,3,138.62
17,Medium,33,1,0,135.8,169.33,32,147.04
2,Low,36,1,0,156.74,145.88,3,136.78
11,Low,24,1,1,177.17,175.82,18,157.13
15,High,35,0,1,182.92,172.21,17,168.56
17,Medium,23,1,0,145.57,127.31,39,141.94
10,High,37,0,0,178.49,180.63,26,170.32
22,Low,18,1,0,132.62,148.65,3,133.65
18,Medium,23,1,0,121.59,131.23,41,132.5
4,Medium,22,0,0,134.73,170.39,8,144.76
16,High,33,0,0,187.25,173.56,30,172.93
17,High,13,0,0,158.52,129.62,81,158.81
8,High,34,0,1,153.51,148.0,25,149.66
17,High,12,0,0,174.47,183.21,81,180.74
21,Low,20,1,0,115.81,168.51,10,133.0
19,Low,28,1,0,124.46,159.7,21,131.36
18,High,15,0,0,122.97,157.77,70,153.28
15,Low,25,1,0,124.73,164.55,24,134.15
6,Medium,38,0,0,151.28,167.45,11,149.78
19,Low,34,1,0,137.45,129.47,23,130.41
8,High,12,0,0,177.86,146.72,57,169.4
12,High,27,0,0,182.12,159.23,14,163.48
7,Medium,28,0,0,189.0,172.47,25,167.29
7,High,13,0,0,130.68,173.28,32,155.24
3,Low,29,1,0,155.23,164.36,3,142.39
23,Low,26,1,0,118.9,163.12,3,129.31
3,Low,30,1,0,134.19,148.9,3,129.2
2,Low,20,1,0,164.21,179.26,3,154.27
22,Low,18,1,0,148.79,184.57,9,151.05
13,High,31,0,0,170.26,180.01,14,165.87
10,High,31,0,0,182.14,181.67,33,172.59
17,Medium,16,1,0,119.76,184.07,56,152.92
9,Medium,17,1,0,190.09,138.13,44,162.26
3,Low,27,1,0,118.39,158.4,3,124.16
17,High,34,0,0,193.53,159.75,44,175.65
4,Medium,17,0,0,166.01,156.55,3,156.01
13,Medium,17,1,1,118.46,180.15,24,142.33
22,Medium,33,0,0,146.49,146.13,3,139.51
22,Low,30,1,0,135.66,135.49,3,127.15
8,Low,36,1,0,178.89,142.83,18,148.73
18,High,33,0,0,133.04,134.3,32,143.76
14,Low,37,1,0,181.1,151.31,5,151.25
11,Medium,17,1,0,139.99,132.59,16,138.04
3,Medium,19,0,0,194.13,130.69,14,156.68
9,Medium,18,1,0,136.63,154.32,31,145.26
15,High,13,0,1,169.8,164.07,32,170.01
23,Medium,33,0,0,179.02,164.5,6,156.98
0,Medium,29,0,0,132.32,131.0,3,129.63
17,High,14,1,0,121.06,188.15,46,159.77
20,Medium,17,1,0,159.1,132.91,8,143.96
22,Medium,17,1,0,169.17,167.93,7,158.48
10,Medium,22,1,0,180.38,182.76,25,169.53
2,Medium,24,0,1,136.82,182.51,4,147.99
6,Medium,19,1,0,184.78,158.29,11,159.24
20,Medium,37,0,0,188.26,143.03,16,157.1
21,Medium,17,1,0,177.33,178.81,9,162.92
15,Low,27,1,0,115.61,164.82,18,129.74
2,Low,23,1,0,121.98,176.42,3,135.71
2,Low,22,1,0,194.82,151.0,3,156.23
11,Low,34,1,0,173.72,184.37,9,158.9
14,Low,38,1,0,165.14,185.42,19,155.73
0,High,12,0,1,187.11,172.93,3,172.47
16,Medium,24,1,0,118.17,186.27,20,146.18
13,Medium,15,1,0,175.59,154.48,23,157.58
0,Low,23,1,0,167.37,137.64,3,141.55
2,Low,28,1,0,182.86,167.63,3,154.82
10,High,23,0,0,177.23,167.47,39,169.11
17,High,20,0,1,153.79,156.94,58,158.86
19,High,20,0,0,120.68,141.94,44,140.02
10,High,20,0,0,187.75,165.58,50,177.55
7,High,20,0,0,176.08,136.75,31,159.88
23,Low,22,1,0,143.51,173.96,3,142.74
11,Low,30,1,0,193.71,183.94,16,167.08
7,Medium,14,1,0,139.89,135.83,21,141.97
10,Medium,13,1,0,144.64,178.32,35,158.67
0,Low,25,1,0,192.97,137.9,3,150.47
7,Low,30,1,0,168.45,157.53,16,146.93
12,Low,18,1,0,185.34,185.4,32,168.57
22,High,17,0,1,186.02,130.38,4,158.63
17,Low,28,1,0,157.92,130.83,31,142.73
18,Low,22,1,0,136.36,187.32,40,152.3
13,Low,31,1,0,182.8,135.33,9,147.02
2,Low,15,1,0,155.15,147.23,7,143.9
9,High,15,0,0,160.15,154.83,71,161.71
23,Medium,26,0,0,158.31,125.44,3,139.44
1,Medium,22,0,0,115.77,137.23,9,128.88
21,Medium,31,0,0,118.67,178.85,6,138.0
16,High,25,0,0,164.31,158.73,37,161.94
6,Low,21,1,1,178.55,150.6,8,152.03
18,High,16,0,0,151.56,169.33,74,168.38
20,Medium,16,1,0,130.23,146.11,21,134.96
1,Low,32,1,0,147.53,153.5,4,136.58
2,Medium,18,1,0,176.47,189.59,3,163.76
15,High,25,0,0,123.69,175.33,37,149.36
23,Medium,34,0,0,159.82,161.01,6,147.27
0,Low,36,1,0,171.18,159.24,7,145.73
15,Medium,19,1,0,148.27,179.88,24,156.51
3,Low,14,1,0,163.1,164.06,3,151.87
15,High,32,0,0,185.68,147.05,23,165.1
14,High,30,0,0,132.03,152.16,15,140.39
2,Medium,20,0,0,125.81,136.92,3,133.53
16,Medium,28,1,0,119.87,187.37,27,145.12
21,Low,17,1,0,173.1,167.39,14,156.09
20,High,30,0,0,187.04,150.91,17,165.95
0,Medium,31,0,0,170.23,148.39,5,150.22
5,Low,20,1,0,193.12,183.95,3,165.0
5,Low,24,1,0,171.65,148.42,3,146.0
10,Medium,21,1,1,138.08,174.16,20,147.79
3,High,12,0,0,135.45,179.3,3,155.56
20,Medium,15,1,0,168.33,184.14,24,166.15
18,High,37,0,0,169.06,149.25,42,161.58
19,Low,24,1,0,156.9,174.75,21,151.99
4,Medium,15,0,0,157.15,146.25,3,149.39
0,Medium,13,0,1,148.33,186.36,8,157.55
21,Low,21,1,0,142.99,125.73,5,130.46
6,Low,38,1,0,165.72,162.06,3,145.97
15,Medium,22,0,0,174.8,158.15,29,162.95
21,Low,38,1,0,180.07,182.05,8,158.34
0,Medium,25,0,0,139.63,139.06,3,136.93
0,Medium,32,0,1,183.62,130.67,3,148.49
0,Medium,33,0,0,139.22,180.02,3,144.87
3,Medium,12,1,0,139.39,147.76,9,141.37
1,High,12,0,0,179.48,146.12,5,162.97
19,Medium,36,1,1,192.55,131.85,12,156.11
14,Low,37,1,1,189.58,184.8,9,164.22
23,High,15,0,0,123.89,166.14,11,146.39
19,High,29,0,0,138.08,169.99,25,153.19
23,Medium,36,0,0,175.79,183.37,9,160.2
5,Medium,37,0,0,179.5,179.85,3,162.2
6,Low,20,1,1,155.34,154.37,12,139.93
20,Low,34,1,0,116.29,135.39,10,121.28
5,Medium,29,0,0,155.15,168.7,3,152.65
1,Medium,37,0,0,117.49,167.3,3,133.11
16,Medium,15,1,0,137.51,128.06,50,140.91
19,Low,28,1,1,167.55,183.46,17,158.11
23,High,12,0,0,125.77,146.79,22,141.55
22,Medium,21,0,0,172.0,152.87,8,155.3
2,Low,12,1,0,164.71,158.4,3,151.57
18,Medium,23,1,1,149.38,184.28,24,158.93
20,Low,33,1,0,144.77,136.08,17,132.12
16,High,29,0,0,188.17,148.96,33,167.09
19,High,20,0,0,159.25,157.59,49,161.05
20,Medium,23,0,0,186.11,189.47,34,175.17
10,Medium,21,1,0,148.0,153.58,34,149.87
0,Medium,31,0,0,162.57,150.9,3,144.45
10,Medium,19,1,0,191.37,185.78,39,173.13
4,Medium,14,1,1,124.93,168.0,4,138.78
2,Medium,25,0,0,136.02,135.63,3,133.21
2,Medium,34,0,0,188.34,136.43,7,152.59
16,High,24,0,1,148.76,166.89,36,158.37
12,Medium,17,1,0,136.76,155.36,28,143.6
12,Medium,13,1,0,194.79,125.58,26,159.26
17,Medium,37,1,1,123.18,154.16,27,138.03
13,Low,32,1,0,163.92,186.08,10,152.65
15,High,16,0,0,178.05,173.58,37,175.52
2,High,13,0,0,177.94,161.31,4,169.65
20,High,15,0,0,150.35,137.69,36,150.16
10,Medium,22,1,0,118.52,146.82,27,131.04
3,Medium,33,0,0,182.28,189.78,3,166.64
19,High,16,0,0,179.22,167.84,42,175.4
17,Medium,34,1,0,133.99,142.96,25,138.47
1,High,12,0,1,142.24,172.97,3,153.34
4,Low,31,1,0,156.01,130.94,3,129.8
0,Low,19,1,1,124.13,149.09,3,127.43
6,Low,37,1,0,180.65,139.89,6,145.91
2,Low,24,1,0,188.77,183.24,7,162.7
17,High,19,0,0,139.66,172.78,66,161.81
12,Medium,18,1,0,188.92,157.34,21,164.63
23,Low,34,1,0,179.07,151.51,4,148.36
17,Medium,22,1,0,173.23,180.81,38,167.68
14,Medium,21,0,0,192.53,137.7,33,162.1
12,Medium,31,0,0,140.97,129.86,12,136.01
1,Medium,26,0,0,188.25,180.37,3,166.68
1,Low,29,1,0,122.87,180.67,6,133.12
14,High,24,0,0,153.24,140.8,21,149.81
0,Low,13,1,0,159.16,137.69,3,140.88
1,High,12,0,0,124.82,171.88,3,148.19
5,Medium,13,1,0,173.99,134.32,10,151.14
21,Low,27,1,1,153.01,165.43,3,142.07
11,High,25,0,0,151.44,170.58,22,158.61
17,Medium,32,1,0,161.52,165.43,27,155.14
9,High,36,0,0,125.78,152.75,18,141.59
4,High,16,0,0,131.0,178.05,3,153.8
8,High,37,0,0,129.45,185.45,32,153.81
2,Medium,37,0,0,191.15,170.87,3,164.15
18,Low,28,1,1,176.86,152.23,23,154.21
4,Low,26,1,0,157.34,189.72,3,150.57
9,Medium,16,1,0,167.76,154.21,42,158.97
23,Low,16,1,0,167.0,132.56,3,144.41
14,High,12,0,1,135.99,136.87,35,147.5
11,Medium,29,0,0,121.93,147.62,29,133.45
13,Low,23,1,0,159.4,136.12,12,140.34
18,High,17,0,0,136.04,175.59,66,160.76
6,Medium,15,1,0,184.88,125.92,12,152.2
15,Medium,13,1,0,133.88,151.38,37,144.42
20,Low,29,1,0,160.83,182.08,12,152.9
13,Low,30,1,0,148.61,132.65,11,132.49
10,Low,29,1,0,174.43,162.45,14,153.14
3,Low,14,1,0,191.06,185.7,3,169.44
5,High,13,0,0,147.93,129.65,3,143.03
22,High,14,0,0,118.55,147.73,7,139.66
12,Low,32,1,0,167.91,127.45,10,137.05
7,Low,31,1,0,125.33,169.34,11,132.03
10,Medium,19,1,0,123.36,152.14,44,139.06
13,High,13,0,0,167.92,186.58,31,175.28
12,Low,20,1,0,123.22,169.93,25,137.13
16,Low,33,1,0,125.3,164.13,27,136.88
6,High,15,0,0,150.13,184.17,22,163.09
15,High,33,0,1,151.19,133.43,15,146.8
10,Low,24,1,0,188.1,175.92,28,163.23
22,High,15,0,0,137.09,172.44,8,153.76
3,Medium,37,0,0,147.07,168.76,10,147.07
3,Medium,25,0,0,171.6,166.47,3,157.2
11,Low,30,1,0,181.16,133.08,14,147.26
12,High,14,0,0,142.93,177.91,41,158.28
16,Low,22,1,0,165.49,166.29,31,155.84
9,High,29,0,0,164.93,175.15,36,164.4
21,Medium,29,0,0,139.26,181.95,12,148.52
11,Medium,13,1,0,124.49,160.26,32,140.67
3,Medium,28,0,0,169.6,187.2,3,161.04
2,Low,37,1,0,136.45,132.1,4,123.89
23,Low,33,1,0,140.46,125.26,3,124.2
3,Low,17,1,0,160.79,146.45,6,145.14
22,Medium,36,0,0,127.86,139.08,3,129.94
6,Medium,30,0,0,134.32,160.98,15,140.39
2,Low,13,1,0,150.69,143.22,6,141.99
7,High,15,0,0,185.28,169.73,36,176.33
14,High,36,0,0,176.78,186.45,18,167.39
10,High,17,0,0,140.41,175.0,56,160.73
18,High,14,0,0,139.17,152.32,77,158.34
14,Medium,24,0,0,193.99,189.06,11,175.97
9,Medium,26,1,0,167.27,175.13,24,159.6
15,High,27,0,0,169.84,177.71,29,166.25
23,Low,29,1,0,119.41,138.31,4,117.49
9,Medium,38,1,0,123.4,169.65,24,140.31
3,Medium,32,0,0,138.56,129.59,8,131.89
9,Medium,12,1,0,182.36,140.3,49,161.99
20,High,14,0,0,187.85,126.07,23,164.45
5,High,12,0,1,130.28,170.84,3,152.04
22,Medium,22,0,0,172.14,126.36,13,145.08
14,Low,21,1,0,184.93,154.2,21,157.46
14,Low,37,1,0,185.31,167.18,13,157.0
7,Low,21,1,0,151.7,144.82,17,141.12
22,Medium,12,1,0,135.7,148.87,11,141.3
0,Medium,35,0,0,191.5,181.43,3,168.51
7,Low,19,1,0,137.13,183.59,23,145.46
10,Low,36,1,0,135.22,180.82,21,144.38
11,High,32,0,0,131.45,173.75,21,147.94
11,High,35,0,0,157.6,143.04,23,149.69
3,Medium,34,0,0,123.57,129.85,3,122.85
5,High,15,0,0,160.66,156.77,8,158.46
2,Medium,28,0,0,190.5,185.09,4,169.11
13,Low,23,1,0,155.4,139.52,21,139.42
8,High,28,0,0,192.23,138.62,27,163.3
13,Low,32,1,1,187.46,175.68,5,157.49
14,Low,25,1,0,178.38,163.48,17,156.33
16,High,20,0,0,163.64,151.28,55,160.47
13,Low,36,1,0,185.45,181.07,13,161.89
15,High,29,0,0,159.4,162.86,22,160.03
14,High,35,0,0,131.58,184.82,21,154.41
15,Medium,18,1,0,189.01,148.93,26,162.56
14,Low,34,1,0,155.18,153.86,15,141.99
7,High,20,0,0,187.62,129.83,29,160.96
5,Low,24,1,0,146.45,148.9,3,137.63
18,Medium,35,1,0,141.86,136.68,23,139.97
8,Medium,21,1,0,176.28,127.13,30,150.51
13,Medium,18,1,1,165.76,141.62,17,148.22
4,Medium,36,0,0,150.18,156.89,3,143.34
10,High,38,0,0,185.29,141.08,30,160.78
12,High,20,0,0,156.33,132.09,32,149.65
15,Medium,20,1,0,116.02,154.35,30,135.56
12,Low,18,1,1,170.46,134.61,18,144.48
8,Medium,12,1,0,120.05,130.59,38,132.57
23,Low,26,1,0,153.49,187.41,4,150.2
12,Low,18,1,0,130.37,155.94,20,137.39
19,High,34,0,0,134.36,177.15,28,152.36
17,High,16,0,0,193.39,136.1,76,173.44
13,Low,29,1,0,124.08,155.0,12,127.9
21,Medium,25,0,0,175.62,130.85,3,152.5
3,Low,28,1,0,166.0,151.77,4,141.72
22,High,15,0,1,130.6,178.72,10,152.52
20,Low,24,1,0,189.83,183.03,16,167.17
12,Low,28,1,0,131.11,158.74,8,132.45
17,Medium,21,1,0,156.25,143.62,38,150.51
12,Low,35,1,0,178.24,172.68,8,155.12
6,Low,26,1,0,176.09,166.53,5,152.18
19,Medium,21,1,0,140.58,155.58,28,146.84
5,High,12,0,0,182.14,155.9,3,167.05
7,Medium,16,1,0,191.97,157.06,32,166.96
12,Low,24,1,0,152.92,147.05,23,137.96
20,Medium,22,0,0,167.19,158.73,26,156.86
9,Medium,35,0,0,144.16,128.73,30,137.44
11,High,33,0,0,143.33,162.06,29,151.17
0,Low,16,1,0,152.58,157.25,8,142.01
2,Low,27,1,1,130.77,152.34,3,129.53
1,Medium,24,0,0,170.15,146.06,3,151.73
1,Medium,14,1,0,128.25,165.42,3,139.54
20,Medium,29,0,1,115.41,156.52,13,132.9
20,Low,26,1,0,150.16,131.55,14,133.33
19,High,14,0,1,121.11,149.34,45,146.42
1,Medium,24,0,1,160.0,129.97,3,141.81
1,Medium,31,0,0,156.63,149.65,3,145.06
6,Medium,20,0,1,125.98,159.63,19,138.72
13,Medium,21,0,0,134.68,150.42,22,142.68
8,Medium,14,1,0,116.96,147.21,42,138.18
11,High,17,0,0,162.52,143.27,33,157.18
4,Medium,38,0,0,138.43,149.82,3,136.76
17,Medium,28,1,0,172.04,129.51,35,151.48
7,High,16,0,0,165.39,189.6,35,169.05
1,Medium,25,0,0,144.89,161.1,3,143.75
17,Medium,17,1,0,116.74,166.35,50,145.69
21,Medium,23,0,0,140.61,136.9,20,138.54
0,Low,15,1,0,140.99,185.02,3,147.98
10,High,28,0,0,141.62,162.13,34,150.2
19,Medium,27,1,0,191.28,151.93,27,163.29
16,High,29,0,1,128.16,171.36,26,148.39
20,Low,23,1,0,136.6,144.78,24,132.35
9,Medium,19,1,0,181.59,185.75,46,174.0
8,Medium,18,1,0,189.01,136.01,38,159.2
17,High,17,0,0,152.46,179.15,75,169.28
3,Medium,23,0,0,158.2,187.83,3,156.98
5,Low,24,1,0,119.23,156.96,3,127.05
14,High,30,0,0,179.64,181.98,18,171.27
16,High,13,0,0,162.56,129.65,62,159.83
2,Low,19,1,0,153.32,165.34,4,145.64
12,High,35,0,0,139.21,148.16,3,142.14
8,High,36,0,0,150.5,148.68,29,149.76
12,Low,37,1,1,173.82,154.27,8,147.77
23,Low,20,1,0,121.46,163.79,3,130.25
1,Low,15,1,0,155.55,165.04,9,148.49
23,Low,17,1,1,117.77,143.09,3,125.54
10,High,15,0,0,176.78,149.96,47,167.4
18,High,37,0,0,131.88,141.22,38,143.64
10,Low,35,1,0,187.27,166.12,21,158.34
7,Low,33,1,0,153.09,131.63,11,133.68
18,High,31,0,0,151.58,152.53,47,157.05
16,Medium,21,1,0,143.83,188.6,35,160.19
3,Low,24,1,0,156.31,189.27,5,151.23
16,High,34,0,0,142.04,158.67,32,151.04
18,Medium,33,1,0,143.79,141.08,31,143.39
9,High,26,0,1,130.65,162.93,31,148.19
22,Medium,34,0,0,142.62,156.75,3,141.7
15,Low,21,1,0,179.94,127.76,29,146.51
8,High,23,0,0,134.66,189.29,40,159.82
0,Medium,34,0,0,180.7,146.27,4,152.4
16,Medium,22,1,0,183.91,150.95,30,163.0
5,Medium,32,0,0,168.31,158.38,3,150.9
18,High,24,0,0,117.45,182.22,44,154.79
12,Low,20,1,0,159.88,176.94,17,152.58
11,High,17,0,0,181.65,138.36,35,166.09
3,Low,28,1,0,144.26,171.57,3,140.1
17,High,24,0,0,137.63,181.85,51,160.87
3,Low,21,1,0,140.71,171.43,3,140.49
10,High,32,0,0,148.85,134.05,25,144.18
20,Medium,12,1,0,120.61,160.03,27,141.07
22,Medium,14,1,0,134.01,179.51,7,148.83
23,Low,37,1,0,166.75,137.72,3,138.81
22,Medium,29,0,0,152.8,160.0,9,146.32
13,High,26,0,0,134.79,168.52,28,150.0
4,Medium,12,1,0,189.47,166.3,5,168.82
20,High,28,0,0,138.64,131.93,8,140.76
19,Low,23,1,0,125.35,143.03,29,132.69
23,Low,28,1,0,130.95,160.89,3,132.21
15,Medium,13,1,0,138.73,138.57,24,141.43
3,Medium,26,0,0,156.8,146.69,3,145.21
12,Low,27,1,0,120.31,151.98,17,126.19
10,Medium,19,1,1,183.4,125.89,28,154.56
20,High,13,0,0,185.2,158.18,34,173.16
9,Low,38,1,0,140.47,189.66,18,149.36
7,High,31,0,1,177.02,151.54,19,159.93
1,Medium,28,0,0,162.98,142.83,3,145.95
20,High,32,0,0,182.64,141.44,12,158.39
18,Medium,30,1,0,137.16,158.49,25,141.51
0,Medium,15,1,0,163.82,154.64,3,152.91
10,Low,24,1,1,120.82,181.03,18,138.34
11,Low,35,1,0,115.76,166.55,19,130.55
11,Low,19,1,0,184.98,150.91,21,158.06
22,Medium,38,0,0,138.56,150.07,8,138.2
3,High,13,0,0,150.63,160.57,4,156.43
7,High,20,0,0,133.54,141.47,27,141.46
4,Low,21,1,0,185.14,152.48,3,155.22
5,Medium,28,0,0,145.76,143.53,3,137.58
21,High,16,0,0,129.33,158.51,6,146.21
22,High,18,0,0,163.64,160.53,6,159.23
1,Low,29,1,0,131.44,180.04,3,137.07
15,Medium,19,1,0,135.86,141.33,31,139.62
5,Low,35,1,0,168.82,183.81,3,152.41
4,Medium,35,0,0,191.74,159.79,3,162.24
7,High,20,0,1,175.38,172.24,20,166.68
4,Low,27,1,0,124.93,164.76,3,130.29
11,High,20,0,0,140.0,178.89,37,155.51
23,Low,21,1,0,178.71,168.1,6,154.64
14,Low,30,1,1,137.01,125.72,11,122.61
17,High,19,0,1,174.21,150.37,56,168.33
11,Medium,16,1,0,152.74,185.99,27,160.46
0,High,18,0,0,185.75,154.34,3,165.21
2,Medium,37,0,1,143.73,178.85,3,142.87
6,Low,19,1,0,189.77,181.48,14,164.47
5,Low,21,1,0,147.59,146.62,3,135.87
20,High,28,0,0,173.1,180.75,17,167.67
20,Medium,14,1,0,130.62,149.53,22,142.13
20,Low,19,1,0,157.46,126.65,15,137.13
15,High,16,0,0,139.81,170.14,37,156.48
13,Low,36,1,0,116.02,178.32,6,130.18
15,Low,37,1,0,149.98,154.35,8,140.5
9,High,32,0,0,128.8,136.27,33,135.52
16,High,18,0,0,191.69,164.99,57,176.65
19,Low,28,1,0,179.69,172.99,19,160.93
18,High,29,0,0,174.16,167.56,34,170.63
14,Low,35,1,0,151.27,148.13,18,138.13
1,Low,16,1,0,135.73,148.94,3,134.52
17,Low,31,1,0,140.95,160.69,23,145.1
8,High,17,0,0,131.35,137.57,54,144.05
17,High,27,0,0,159.15,180.0,47,167.16
12,Low,35,1,1,179.9,131.65,11,142.23
21,High,13,0,0,129.99,156.63,13,149.89
8,Medium,15,1,0,115.36,180.86,29,145.76
22,Low,33,1,0,125.05,159.41,3,128.91
20,Medium,12,1,1,151.87,174.46,29,157.57
7,Low,30,1,0,116.49,140.57,8,120.75
11,High,25,0,0,147.26,153.96,28,150.78
12,High,21,0,0,123.89,171.35,28,146.82
18,High,35,0,0,123.62,182.74,36,152.3
16,Low,34,1,0,172.01,166.8,21,155.53
20,Low,20,1,0,194.96,140.78,18,157.5
8,Medium,12,1,0,130.56,134.51,42,139.77
12,Medium,15,1,0,133.37,179.7,18,150.41
10,High,14,0,0,138.71,161.01,54,156.34
21,Low,38,1,0,177.81,136.95,3,142.45
7,High,28,0,0,155.47,156.57,11,151.6
14,High,30,0,0,160.65,133.21,13,146.38
2,High,18,0,0,158.72,131.84,5,149.97
20,Medium,34,0,0,189.99,184.8,15,169.14
9,Low,31,1,0,117.79,160.4,24,130.5
8,High,32,0,1,127.63,141.18,23,137.44
13,High,24,0,0,145.57,182.28,24,157.74
11,Low,30,1,0,154.04,189.93,10,151.69
20,Low,26,1,0,124.11,182.47,15,139.53
12,High,22,0,0,186.45,173.59,26,171.83
12,Medium,28,0,0,169.23,187.53,29,163.1
2,Low,20,1,0,189.58,137.83,3,151.26
0,Low,37,1,0,190.26,182.05,4,160.68
9,High,31,0,0,156.0,148.32,30,150.85
23,Medium,31,0,0,183.24,127.1,3,148.08
22,Medium,31,0,1,173.94,127.1,8,143.79
15,High,24,0,0,143.84,137.21,41,147.65
15,Low,37,1,0,167.59,175.67,17,153.99
9,High,17,0,0,191.22,183.28,54,182.47
4,Low,27,1,0,176.12,133.32,3,142.65
0,High,13,0,0,171.75,179.95,3,171.6
8,Medium,19,1,0,132.75,174.11,41,146.84
7,Low,27,1,0,181.49,128.39,18,144.36
4,Medium,25,0,0,146.17,172.54,3,146.31
6,Low,37,1,0,164.93,127.49,12,134.27
0,Low,28,1,1,169.22,142.07,4,141.89
14,Medium,23,1,1,156.22,159.51,19,147.99
22,High,23,0,0,128.25,184.1,9,150.96
16,High,28,0,0,170.8,131.85,40,156.31
10,Low,33,1,0,134.78,147.64,21,131.86
10,High,19,0,0,136.23,162.5,46,152.66
7,Low,27,1,0,125.14,173.11,15,137.47
3,Low,27,1,0,164.6,184.5,3,153.53
14,High,12,0,0,124.39,155.48,41,150.58
13,High,36,0,1,142.62,179.66,13,149.69
0,Low,27,1,0,186.16,165.11,3,155.83
9,High,18,0,0,151.25,138.26,54,150.17
6,Medium,29,0,0,186.56,162.67,10,161.43
4,Low,30,1,1,154.42,145.4,3,134.15
16,High,36,0,0,129.31,170.74,35,148.59
12,High,12,0,0,175.71,143.5,37,163.47
15,High,23,0,0,143.28,142.08,31,147.54
17,High,16,0,0,192.31,186.45,75,188.57
23,Medium,27,0,0,135.97,184.07,3,146.0
19,High,25,0,0,180.77,154.36,34,166.26
14,Low,24,1,0,154.51,174.76,19,150.37
21,Medium,38,0,0,182.37,188.83,15,168.37
11,Low,26,1,0,129.64,130.76,20,129.12
23,Medium,23,0,0,165.69,164.4,3,155.24
18,Medium,13,1,0,124.05,141.48,52,142.15
15,High,19,0,0,179.44,177.0,44,174.5
21,Low,36,1,0,133.85,131.59,7,125.95
12,High,24,0,1,149.21,176.27,23,155.98
17,Medium,36,1,0,167.48,138.04,28,150.2
6,Low,26,1,0,153.26,154.64,12,140.84
23,Medium,26,0,0,177.31,177.9,14,163.29
14,Low,23,1,0,170.05,129.39,12,143.75
18,High,27,0,0,125.43,185.33,55,155.53
11,High,13,0,0,176.88,139.13,48,164.96
20,High,13,0,0,148.88,157.55,46,156.52
1,Low,24,1,0,162.82,172.75,3,149.7
2,Low,28,1,0,132.33,133.03,3,121.34
12,Low,26,1,0,148.85,164.57,15,142.68
17,Low,23,1,0,180.37,158.51,42,163.78
19,Medium,19,1,0,189.1,163.08,35,169.45
10,Medium,31,1,0,190.1,168.06,21,164.23
15,Low,28,1,0,171.01,152.34,22,149.9
13,High,13,0,0,121.31,144.42,33,142.12
23,Low,24,1,0,150.41,136.95,3,132.42
15,High,31,0,0,130.45,186.04,25,150.69
10,High,33,0,0,170.81,151.09,25,158.56
23,Low,19,1,0,127.91,143.34,4,128.58
2,High,36,0,1,193.21,128.42,3,154.95
23,Medium,29,0,0,130.56,173.83,4,142.33
3,Low,23,1,0,119.22,159.3,3,130.02
6,Low,28,1,0,182.48,137.41,7,147.02
19,High,35,0,0,131.18,183.07,22,153.22
17,High,18,0,0,116.92,185.7,67,156.84
23,High,16,0,0,158.85,182.24,11,166.12
17,High,23,0,0,192.54,161.46,53,178.35
15,High,14,0,1,136.4,149.26,34,150.87
8,Low,34,1,0,147.7,135.52,21,133.34
0,Medium,38,0,0,133.97,149.52,5,136.29
2,Low,28,1,0,159.64,164.79,3,145.79
7,Medium,38,0,0,140.82,139.73,15,138.41
0,Low,13,1,1,162.31,155.16,3,151.18
12,Low,29,1,0,153.24,162.25,11,143.69
18,High,23,0,0,189.31,172.54,54,180.65
23,Low,19,1,0,168.6,130.94,3,142.24
11,High,20,0,0,169.61,181.35,30,170.31
21,Low,26,1,0,153.92,154.64,13,139.69
23,Low,29,1,0,139.25,162.83,4,134.19
20,Low,16,1,0,140.12,186.12,27,150.35
11,Low,28,1,0,155.32,135.92,21,135.63
7,Low,37,1,0,130.35,182.49,10,139.12
23,High,12,0,0,125.59,177.29,7,151.69
5,Medium,35,0,0,144.79,189.61,5,153.18
9,Low,28,1,0,125.44,150.55,28,129.83
1,Low,21,1,0,133.46,133.25,5,128.29
19,High,31,0,0,157.8,125.92,27,147.65
15,Low,28,1,0,178.21,176.52,19,159.93
2,Medium,32,0,0,132.98,133.88,3,129.8
5,High,14,0,0,178.33,144.89,3,164.92
13,Medium,13,1,0,116.24,189.18,20,145.99
12,Low,29,1,0,194.76,153.74,12,156.19
19,Medium,20,1,0,156.36,140.03,31,148.88
6,Low,18,1,0,153.07,173.96,9,150.16
22,Medium,23,0,0,167.04,142.65,11,149.9
10,Low,31,1,1,153.01,159.52,9,142.23
19,High,16,0,0,147.64,135.23,54,153.09
5,Low,38,1,1,144.68,154.95,3,134.49
0,Low,23,1,0,193.23,132.06,3,149.84
1,High,16,0,0,183.92,175.25,3,174.77
8,Medium,13,1,0,155.19,148.73,41,153.01
22,Medium,35,0,0,181.92,145.72,3,153.09
1,Low,15,1,0,126.93,189.6,3,145.48
8,High,23,0,1,157.36,178.93,32,161.09
2,Medium,30,0,1,151.01,161.01,3,142.92
22,Low,25,1,0,140.99,186.37,5,144.62
16,Medium,19,1,0,188.48,138.74,32,160.77
18,High,14,0,0,181.6,162.28,75,178.27
17,Low,31,1,0,187.57,185.39,20,169.41
15,Low,25,1,0,165.82,162.03,31,153.63
18,High,13,1,1,145.1,145.02,48,153.22
0,Medium,16,1,0,175.55,177.76,3,164.15
20,High,27,0,0,123.69,134.02,15,136.23
17,Medium,16,1,1,183.25,134.88,40,161.06
17,Medium,22,1,0,117.3,172.52,39,145.42
9,Medium,15,1,0,180.46,129.51,44,156.64
19,Medium,33,1,0,171.32,128.29,21,148.4
9,Medium,29,1,0,122.08,149.64,24,132.25
1,Low,33,1,0,126.76,150.86,3,124.16
21,Medium,13,1,0,151.19,155.53,11,149.25
5,Low,22,1,0,138.99,173.15,3,141.18
2,Low,19,1,0,184.38,161.98,3,157.53
14,Low,28,1,0,130.43,171.38,10,137.9
5,Medium,34,0,0,148.37,128.24,9,134.0
20,High,18,0,0,135.84,145.52,31,145.91
10,Medium,32,1,0,125.17,187.82,27,146.95
0,Medium,27,0,0,135.78,152.8,3,137.79
22,Low,34,1,0,183.8,139.46,14,145.44
12,Medium,14,1,0,172.24,189.49,24,169.5
6,Medium,38,0,0,188.14,151.74,14,157.46
16,High,23,0,1,147.42,156.12,37,154.04
12,High,19,0,0,134.23,139.55,29,144.39
0,High,16,0,0,117.11,167.66,3,142.34
18,Medium,38,1,0,154.61,138.47,23,143.54
9,Low,35,1,0,118.18,164.65,26,131.32
16,High,15,0,0,115.34,174.23,61,152.65
21,Medium,24,0,0,163.38,167.41,15,157.75
14,Medium,31,0,0,128.19,130.87,22,130.63
16,Medium,27,1,0,159.78,130.19,33,145.42
6,Medium,17,1,0,160.88,179.75,14,157.84
5,Medium,21,0,0,172.91,183.8,3,165.2
9,Medium,21,1,1,145.65,133.82,27,138.92
20,High,19,0,1,171.41,149.4,23,162.02
12,Low,37,1,0,144.28,167.51,11,140.52
8,High,17,0,0,122.82,179.31,55,153.75
18,Low,31,1,0,139.8,184.08,30,149.64
20,Low,36,1,1,115.61,170.41,8,128.92
21,Medium,33,0,0,152.0,134.59,19,138.7
7,Medium,33,1,1,174.22,174.94,8,156.56
17,Medium,16,1,0,177.78,180.84,49,175.78
14,High,15,0,0,133.57,147.83,31,147.65
10,High,33,0,0,123.45,157.12,20,141.08
9,High,32,0,0,129.83,135.81,25,139.07
2,Low,32,1,0,193.7,144.79,5,151.03
6,Medium,23,0,0,139.97,181.54,17,148.49
13,High,26,0,0,149.34,130.78,17,146.06
21,Medium,12,1,0,121.05,174.56,13,143.24
20,Low,19,1,0,178.15,131.35,23,147.69
4,Low,26,1,0,150.88,144.02,3,135.17
16,High,15,0,0,121.99,162.86,69,151.12
2,Low,15,1,0,152.84,125.22,6,134.51
16,High,13,0,0,172.06,168.9,69,174.56
8,High,17,0,0,152.84,145.55,54,153.44
10,Medium,38,1,0,192.49,173.66,10,168.22
17,Medium,30,1,0,184.73,188.39,26,173.51
10,Medium,37,1,1,156.18,152.07,21,143.53
19,High,18,0,0,190.24,126.95,49,166.62
12,Low,28,1,0,179.91,180.18,16,158.33
23,Medium,36,0,0,144.46,142.85,10,136.9
15,High,21,0,0,176.71,134.66,40,160.6
7,Medium,29,0,0,155.47,182.15,17,157.49
18,Medium,30,1,0,158.13,140.11,29,147.55
9,High,34,0,0,156.65,164.34,23,155.81
12,Low,38,1,0,179.29,141.51,13,146.7
3,Medium,28,0,0,188.49,171.31,4,164.79
2,Low,27,1,0,140.56,167.17,3,136.75
13,Low,35,1,0,166.35,158.1,16,145.44
4,Low,30,1,0,165.27,161.08,3,144.49
23,Medium,21,0,0,186.0,139.77,7,157.5
20,High,29,0,0,150.78,126.43,26,141.96
16,Medium,26,1,0,130.21,177.05,23,147.54
17,High,18,0,1,131.25,182.8,62,159.03
14,Low,25,1,0,119.1,175.56,23,135.92
1,Medium,28,0,0,123.06,171.02,5,135.76
9,Low,36,1,0,139.1,155.68,19,137.65
11,High,27,0,0,123.21,162.95,27,144.45
21,High,16,0,0,184.69,169.96,12,172.49
5,Medium,38,0,0,143.96,126.7,3,133.17
11,Low,27,1,0,144.48,152.54,18,138.39
8,Medium,19,1,0,175.6,139.6,27,153.45
3,Medium,32,0,0,139.11,148.69,3,135.41
2,Medium,22,0,0,172.21,173.7,3,160.46
8,High,21,0,1,180.79,148.62,37,164.57
1,Low,34,1,0,143.81,173.04,8,138.66
1,Medium,35,0,0,153.22,188.17,10,152.97
8,High,26,0,0,140.78,185.02,29,154.98
4,Low,22,1,0,148.85,178.8,3,148.67
13,Low,35,1,0,161.46,180.44,11,153.15
0,Low,16,1,0,142.97,150.61,5,137.32
7,Low,32,1,0,152.13,172.55,11,143.48
10,Low,27,1,0,154.7,168.36,28,149.98
23,Low,35,1,0,116.96,188.89,5,131.09
15,Low,23,1,0,128.09,162.37,16,138.46
21,Low,34,1,0,158.31,152.93,6,141.31
8,Medium,12,1,0,115.21,179.42,34,145.56
10,High,32,0,0,171.34,173.72,25,167.37
10,Medium,13,1,0,187.44,133.12,39,160.07
21,Low,29,1,0,175.37,163.76,10,152.11
23,Low,17,1,0,140.13,163.5,5,140.43
23,Low,38,1,0,150.99,166.06,3,138.9
18,High,32,0,0,167.06,186.2,46,173.84
12,High,14,0,0,169.43,164.13,30,166.16
12,Low,36,1,0,193.2,181.55,13,163.69
23,Low,18,1,1,154.44,148.29,7,141.48
6,Low,26,1,0,134.96,128.73,9,127.0
8,Medium,14,1,0,143.98,149.39,34,146.05
21,Low,14,1,0,188.8,159.62,8,163.22
9,High,18,0,0,165.62,179.17,59,171.25
5,Medium,26,0,0,184.14,166.07,6,162.0
13,Low,26,1,0,172.93,153.74,15,149.22
7,Medium,35,0,0,192.23,155.02,11,162.47
21,High,16,0,0,155.1,189.78,16,165.01
21,Low,32,1,0,190.99,134.19,13,148.63
7,Medium,12,1,0,185.87,138.36,22,160.46
12,High,19,0,0,182.45,165.64,27,170.07
23,High,16,0,0,190.13,170.59,8,174.08
17,High,15,0,1,157.04,150.67,67,162.33
5,Medium,27,0,0,174.43,127.09,3,145.96
14,Low,36,1,0,159.43,158.93,15,145.0
14,High,30,0,0,177.1,134.38,25,154.63
15,Low,35,1,0,176.1,128.64,10,142.34
0,Medium,27,0,0,175.67,147.41,3,153.2
7,Medium,13,1,0,149.28,133.82,25,142.56
20,High,21,0,0,178.7,153.53,30,166.64
5,Low,34,1,0,185.12,174.51,3,156.4
7,Medium,13,1,0,165.9,128.06,30,149.92
7,High,14,0,0,151.37,157.49,27,159.63
4,Medium,34,0,0,183.26,157.3,3,157.07
3,High,13,0,0,177.28,125.12,3,157.19
8,High,37,0,0,152.57,172.99,32,158.67
20,Low,32,1,0,161.39,130.83,17,137.34
0,Low,29,1,0,169.87,185.58,3,154.81
6,Medium,26,0,0,170.07,166.56,3,156.95
1,High,14,0,0,139.88,143.71,3,148.3
13,Low,23,1,0,138.42,185.14,22,146.54
6,Low,33,1,0,185.99,151.03,9,150.07
19,Medium,36,1,1,189.96,141.92,24,156.91
14,Low,24,1,0,147.17,149.99,17,140.52
18,Medium,34,1,0,188.07,164.75,35,165.53
15,Low,32,1,0,152.66,172.03,7,149.12
10,Medium,13,1,0,128.38,168.02,37,149.23
20,High,28,0,0,173.63,184.88,13,168.0
11,Low,28,1,0,118.67,187.15,20,138.7
22,Medium,26,0,1,124.11,137.81,3,127.42
23,Low,32,1,0,190.28,184.32,8,160.65
14,Low,36,1,0,156.41,131.93,16,134.65
16,High,26,0,0,136.31,187.2,41,158.7
6,High,20,0,0,153.43,141.86,15,150.85
19,High,38,0,0,161.25,142.28,23,153.84
16,Low,38,1,0,166.11,152.4,24,149.08
21,Medium,30,0,0,142.86,136.81,7,136.06
6,Medium,29,0,0,145.99,178.8,14,149.65
18,Medium,14,1,0,158.98,133.11,59,152.07
11,Low,22,1,0,165.13,153.55,21,150.14
4,Medium,17,0,0,188.71,183.97,8,172.44
4,Medium,25,0,0,146.38,166.3,3,148.84
13,Low,34,1,0,184.97,164.47,14,155.01
7,Medium,18,1,0,194.46,189.65,16,176.45
2,Low,38,1,0,142.12,126.47,3,125.22
10,High,15,0,0,117.18,145.79,52,143.9
15,High,14,0,0,163.35,133.13,53,158.74
7,High,38,0,0,187.29,137.0,16,159.58
22,Low,14,1,0,119.27,139.04,10,126.78
18,High,31,0,0,130.77,165.75,36,149.45
12,Medium,32,0,0,169.09,142.69,15,149.21
22,High,20,0,0,179.77,168.17,3,170.19
10,High,13,0,0,121.93,172.97,50,152.18
3,Low,20,1,0,144.1,151.12,3,136.56
0,High,13,0,0,134.1,159.86,3,147.62
22,Low,30,1,0,192.19,133.59,3,146.49
23,Medium,35,0,0,169.6,173.92,5,155.28
17,High,38,0,0,153.05,152.24,46,154.28
2,Low,33,1,0,183.99,179.25,8,157.92
7,Low,32,1,0,158.01,159.2,12,144.46
0,Low,35,1,0,187.91,170.29,3,156.73
1,Medium,32,0,0,134.1,148.31,4,133.49
5,Low,29,1,0,117.19,149.17,3,120.41
13,High,38,0,0,149.3,153.37,19,146.32
1,Low,20,1,0,131.34,166.34,3,135.22
23,Medium,23,0,0,181.86,157.92,6,158.51
10,Medium,36,1,0,157.63,177.28,16,154.05
6,High,20,0,0,138.09,128.56,17,140.21
12,Medium,20,1,0,176.89,183.54,9,165.91
18,High,16,0,0,157.15,185.19,72,175.4
7,Medium,19,1,0,155.22,140.86,11,148.31
1,Low,28,1,0,129.46,131.55,3,122.0
1,Medium,35,0,0,194.62,162.17,3,160.76
20,High,15,0,0,167.72,129.17,38,155.71
2,Low,30,1,0,183.39,139.93,3,145.08
15,Low,32,1,0,175.78,157.99,16,152.89
9,Medium,36,1,1,155.23,164.9,19,147.9
18,Medium,32,1,0,115.78,137.63,21,127.36
1,Medium,16,0,0,168.33,185.63,6,165.82
21,Medium,25,0,0,123.06,136.79,14,129.69
16,High,37,0,0,191.92,134.99,28,163.58
10,High,36,0,0,134.94,135.55,23,138.59
4,Medium,28,0,1,144.39,185.42,3,149.36
23,Low,38,1,0,159.12,182.12,3,148.67
7,High,30,0,0,155.21,127.15,13,140.48
11,High,13,0,0,167.41,172.23,41,170.03
9,Low,36,1,0,177.68,129.78,18,145.75
5,Low,16,1,0,175.61,129.9,3,146.02
9,High,22,0,0,187.65,129.94,47,165.91
3,Low,18,1,0,152.59,178.93,3,149.28
0,Low,31,1,0,157.73,152.78,3,138.87
6,Medium,12,1,0,184.93,161.21,16,166.79
2,Low,29,1,0,137.59,127.0,3,123.66
9,Low,35,1,1,134.67,183.56,16,144.62
20,High,33,0,1,115.73,188.83,16,146.72
3,Low,20,1,0,174.08,140.29,3,146.15
0,Low,36,1,1,170.01,167.67,3,147.35
2,Low,21,1,0,137.14,169.12,3,139.13
12,Low,30,1,0,125.39,187.81,12,138.9
6,Low,25,1,0,118.4,156.44,6,126.54
11,Medium,13,1,0,154.03,140.46,33,149.28
0,High,12,0,0,130.48,148.42,5,147.16
7,High,16,0,0,178.47,166.57,26,168.44
9,High,37,0,0,191.0,155.71,31,170.21
10,Low,37,1,0,177.15,130.16,13,144.51
13,Low,23,1,0,183.13,177.48,19,163.21
18,High,38,0,0,194.26,181.18,34,179.82
11,High,13,0,1,174.26,156.09,32,166.51
20,High,38,0,0,160.39,159.03,8,157.02
12,High,18,0,0,179.8,156.95,29,167.24
6,High,12,0,0,160.11,159.43,15,162.27
5,Medium,32,0,0,149.6,131.67,3,135.54
7,Medium,22,0,0,117.6,153.19,27,135.51
14,Medium,19,1,0,166.44,154.11,26,155.29
5,Low,32,1,0,186.8,189.85,3,162.57
21,Low,20,1,0,170.45,128.16,3,143.09
11,High,32,0,0,147.33,145.29,20,145.95
20,Medium,17,1,0,164.35,157.24,24,155.81
16,Medium,14,1,0,180.04,180.07,43,174.69
8,Medium,20,1,0,176.14,154.98,32,161.35
5,Medium,28,0,0,154.29,143.92,3,141.61
17,Medium,18,1,0,143.93,159.79,45,154.29
7,Medium,15,1,0,146.75,144.31,20,144.13
5,Low,32,1,0,187.63,160.64,3,153.9
22,Medium,25,0,0,128.59,169.84,9,141.86
11,Medium,23,1,0,184.04,159.5,19,161.12
1,Low,18,1,0,130.62,164.63,4,136.52
11,High,12,0,0,193.47,127.52,38,165.26
11,Medium,13,1,0,150.87,167.82,29,156.2
20,Low,30,1,0,173.67,188.03,5,158.62
17,High,14,0,0,173.35,156.96,72,172.46
4,Low,18,1,0,176.8,177.18,3,158.35
3,Low,36,1,0,178.15,160.68,3,150.41
14,High,21,0,0,118.13,170.76,32,146.35
1,Medium,32,0,0,136.87,145.14,3,133.47
7,Low,21,1,0,133.38,187.85,16,146.03
3,Low,37,1,0,170.89,138.98,3,138.88
0,Medium,34,0,0,169.67,135.34,3,145.05
22,Low,24,1,0,138.76,127.96,7,127.73
2,Medium,30,0,0,178.48,160.18,3,156.24
0,Medium,23,0,0,139.93,165.23,3,145.54
22,Low,37,1,0,142.43,167.22,3,138.84
4,Medium,21,0,0,146.91,136.2,3,139.04
19,Medium,34,1,0,174.57,167.34,20,159.29
0,Medium,28,0,0,115.94,135.73,3,122.32
3,Low,29,1,0,187.52,174.07,7,157.33
2,Low,21,1,0,170.36,142.89,10,144.24
16,High,34,0,0,161.93,152.43,31,158.34
14,Low,32,1,0,133.99,148.87,12,131.8
11,Medium,34,0,1,177.84,148.9,16,156.37
5,Medium,33,0,0,184.82,171.86,3,161.79
2,High,16,0,0,155.12,189.86,3,165.9
13,High,35,0,0,138.4,159.28,22,147.14
5,Medium,34,0,1,145.44,151.07,3,142.15
14,High,18,0,0,148.3,144.09,32,151.98
16,Medium,38,1,0,139.47,165.59,28,145.9
20,Low,26,1,0,171.98,154.33,16,150.2
11,Low,20,1,0,142.37,175.23,26,147.71
0,Medium,18,0,0,180.7,164.43,3,164.84
6,High,21,0,0,152.1,151.77,18,151.55
20,High,13,0,0,165.32,186.95,38,172.72
12,Low,30,1,0,190.84,125.73,13,149.66
14,Low,31,1,1,150.68,169.82,7,141.75
10,High,30,0,0,128.63,151.7,30,143.14
3,Medium,26,0,0,158.99,132.91,3,142.2
21,High,21,0,0,154.73,131.03,8,147.23
18,Medium,31,1,0,177.61,167.21,29,161.6
23,Medium,35,0,0,183.82,134.61,9,153.93
20,High,14,0,0,172.01,180.64,29,173.96
6,Low,22,1,0,192.72,145.21,4,154.52
6,High,38,0,0,136.54,147.35,5,138.89
5,Low,35,1,0,134.14,167.91,3,132.02
22,Low,38,1,0,138.3,139.31,3,128.39
13,Medium,16,1,1,168.67,125.46,23,145.58
10,High,24,0,0,133.6,153.98,37,147.1
23,Low,15,1,0,122.07,159.31,7,132.4
14,Medium,35,0,0,193.22,153.98,15,163.68
21,Low,26,1,0,140.17,154.77,10,136.05
23,Low,18,1,0,132.79,168.27,8,139.76
1,Low,14,1,0,143.7,179.97,3,149.18
8,Low,31,1,0,127.67,148.76,15,128.98
17,Medium,33,1,0,117.86,176.36,25,140.38
19,Medium,35,1,0,139.43,129.07,16,134.02
3,Medium,38,0,0,142.03,156.22,5,140.91
7,High,33,0,0,179.88,149.45,14,160.07
13,High,33,0,0,149.85,155.29,19,147.33
19,High,33,0,0,173.94,130.95,29,155.4
2,Low,38,1,0,173.86,134.02,3,138.61
14,High,24,0,0,178.12,144.08,29,160.83
7,High,32,0,0,188.48,142.78,10,162.46
5,Low,34,1,0,154.89,150.03,3,134.38
12,High,15,0,0,123.32,154.72,29,147.11
9,Medium,30,1,0,118.09,139.38,22,126.79
15,Low,21,1,1,129.95,165.25,19,139.93
7,Low,15,1,0,181.34,149.43,24,157.51
19,Medium,16,1,0,160.95,128.91,36,148.66
1,Low,15,1,1,126.21,140.84,3,128.62
20,High,36,0,0,125.61,161.41,17,141.64
0,Medium,32,0,0,186.32,164.45,3,158.35
17,High,14,0,0,156.6,176.98,71,173.16
8,Low,28,1,0,128.75,140.96,23,128.09
9,Medium,29,1,0,186.74,161.54,17,164.62
0,Medium,26,0,0,172.66,155.95,3,155.13
16,High,28,0,0,153.22,180.15,45,162.47
3,Medium,36,0,0,152.21,172.45,3,149.9
15,High,26,0,0,168.81,133.58,27,154.97
17,Medium,29,1,0,142.06,187.32,20,157.33
20,High,27,0,0,194.99,148.09,17,166.89
16,Low,22,1,0,177.76,187.05,34,166.89
7,High,36,0,0,166.28,143.54,18,153.33
17,High,23,0,0,170.0,155.48,50,166.52
19,Low,33,1,0,194.69,160.78,17,160.17
7,Medium,28,0,0,115.86,129.13,21,126.42
2,Medium,30,0,0,116.83,171.52,3,136.67
21,Low,32,1,0,177.8,131.81,6,142.19
3,Medium,31,0,1,131.75,135.67,4,127.47
14,High,27,0,0,169.81,143.87,22,155.88
5,Medium,28,0,0,155.27,187.45,7,155.06
3,Low,25,1,0,140.49,188.25,3,144.51
18,Medium,21,1,0,133.51,156.81,44,146.6
3,Low,31,1,0,177.14,159.67,4,149.64
16,High,35,0,0,128.68,138.77,23,141.68
16,High,31,0,0,127.7,152.17,32,144.55
1,Medium,32,0,0,150.35,188.99,3,152.13
4,Medium,34,0,0,124.54,176.4,3,140.2
19,Medium,21,1,0,166.32,170.33,28,160.99
12,High,13,0,0,194.36,143.1,35,170.98
2,Low,21,1,0,174.83,174.6,3,156.12
23,Low,32,1,0,163.26,187.83,3,151.96
6,Low,34,1,0,146.57,189.22,5,147.78
0,Medium,25,0,0,194.04,163.99,5,166.09
22,Medium,33,0,0,185.4,135.45,3,150.31
0,Medium,14,1,0,180.65,187.66,6,167.58
13,Low,29,1,0,133.4,160.19,14,135.04
23,Medium,30,0,0,124.89,127.49,4,125.51
13,High,25,0,0,129.24,130.3,27,137.58
14,Low,31,1,0,135.7,162.52,21,136.09
9,Medium,25,1,0,121.54,179.29,28,143.94
3,Medium,26,0,0,186.07,186.2,3,169.1
13,Low,28,1,0,129.82,186.39,15,139.26
21,Medium,33,0,0,133.13,162.61,3,137.89
2,Low,18,1,0,186.05,188.79,3,167.02
21,Low,20,1,0,191.65,134.72,15,153.22
9,High,23,0,0,132.74,131.15,48,143.0
12,Medium,17,1,0,138.53,126.97,17,137.69
3,Medium,21,0,1,179.01,175.32,15,163.41
14,High,21,0,0,192.62,184.58,23,179.47
4,Low,20,1,0,166.97,179.59,4,153.38
6,Medium,23,0,0,150.41,186.08,10,157.3
17,Medium,25,1,0,168.97,160.62,43,157.68
1,Low,30,1,0,177.42,174.6,3,152.24
10,Medium,20,1,0,124.01,146.89,31,136.89
14,High,34,0,0,149.82,174.83,10,155.03
3,Medium,24,0,0,183.58,173.95,10,164.77
7,High,31,0,0,171.43,153.31,14,157.47
8,Medium,15,1,0,127.3,127.84,38,132.82
15,High,16,0,0,175.42,142.31,44,161.66
23,Low,24,1,0,168.4,182.54,3,155.61
20,High,21,0,1,136.17,163.17,11,149.66
4,Medium,25,0,0,142.52,151.33,3,141.54
0,Low,16,1,0,140.15,186.58,3,147.88
1,Low,24,1,0,194.46,148.82,3,154.9
14,Low,30,1,0,129.7,146.33,23,129.18
3,Medium,31,0,0,181.35,175.08,4,161.43
5,Low,18,1,0,157.45,148.09,5,142.47
20,Low,21,1,0,185.44,154.01,16,156.23
20,Low,26,1,0,193.55,171.96,8,166.78
20,Medium,25,1,0,191.89,152.96,14,163.19
6,Medium,33,0,0,183.34,145.95,6,156.6
14,Medium,22,0,0,148.09,126.0,28,141.71
14,Low,30,1,1,136.7,180.94,8,140.54
4,Medium,35,0,0,140.56,159.24,3,140.42
13,High,20,0,0,167.25,180.34,32,168.49
12,High,34,0,0,142.35,165.16,15,149.05
9,High,20,0,0,149.79,138.04,50,152.62
18,High,21,0,0,121.38,148.61,54,144.79
16,Low,29,1,0,176.68,152.12,21,151.78
12,Low,28,1,0,123.92,173.08,9,133.13
17,High,26,0,0,141.96,160.63,43,155.04
18,High,18,0,1,162.23,166.37,54,167.12
13,High,14,0,0,157.49,173.95,31,164.42
6,Low,36,1,0,186.45,142.8,10,148.79
18,High,35,0,0,167.7,182.33,35,168.87
17,High,35,0,0,178.12,154.46,38,167.18
23,Low,25,1,0,139.28,167.97,4,137.03
3,Low,35,1,0,125.58,139.18,3,120.65
10,High,24,0,0,174.47,140.17,35,158.81
22,Medium,14,1,0,127.29,172.77,11,143.88
12,Medium,17,1,0,181.73,147.78,16,160.02
22,High,19,0,0,190.44,181.94,8,176.3
0,Low,22,1,0,137.63,168.21,3,136.99
0,Medium,37,0,0,175.88,168.25,3,157.97
19,Medium,20,1,0,149.99,149.72,36,149.76
8,High,28,0,0,138.92,183.67,33,155.8
12,High,19,0,0,149.49,186.4,33,163.88
10,Medium,29,1,1,166.74,141.77,16,148.72
9,Medium,27,1,0,194.05,158.45,30,164.52
22,High,16,0,0,139.0,183.95,6,158.79
2,Medium,24,0,0,171.48,131.58,3,148.65
18,Medium,14,1,0,141.79,144.34,53,149.28
21,Low,36,1,0,135.11,187.04,9,140.09
15,Medium,31,1,0,165.55,156.52,13,153.04
9,Medium,37,1,0,175.9,186.85,24,166.55
3,Medium,35,0,0,172.39,149.71,3,151.1
16,High,17,0,0,190.41,159.29,59,176.94
11,Low,31,1,0,123.59,154.52,10,130.32
3,Low,14,1,0,158.25,154.72,3,145.47
8,High,37,0,0,138.27,184.65,25,156.58
23,Low,33,1,1,180.36,170.15,4,151.97
6,Medium,30,0,0,119.96,186.47,6,139.6
4,Medium,38,0,0,129.06,146.42,3,130.99
16,High,34,0,0,176.76,189.6,21,174.92
4,Medium,35,0,0,143.37,171.0,4,145.58
22,High,14,0,0,169.54,133.54,14,156.26
20,Medium,12,1,0,194.88,151.84,15,167.88
23,Medium,37,0,0,151.79,141.16,4,139.98
21,Low,18,1,0,157.64,140.3,9,142.32
5,Low,23,1,0,193.03,185.42,6,169.06
5,Low,13,1,0,174.71,187.4,3,163.16
8,High,28,0,0,130.74,125.92,33,137.13
11,High,34,0,0,179.34,133.97,18,156.5
21,High,34,0,0,156.27,143.06,5,147.4
17,Medium,27,1,0,177.99,180.1,35,167.04
15,High,29,0,0,162.88,164.72,30,161.77
21,Low,25,1,0,133.19,161.75,3,135.46
15,Low,24,1,0,180.16,163.89,28,157.62
9,Low,26,1,0,115.16,186.79,23,137.72
9,High,37,0,0,186.04,142.93,20,163.07
12,High,18,0,0,180.49,133.02,29,159.27
2,Low,24,1,0,192.61,164.51,3,158.28
17,High,28,0,0,117.84,187.98,37,152.32
15,High,27,0,0,150.01,171.15,19,157.56
17,Medium,12,1,0,128.53,182.99,55,157.11
12,Medium,19,1,0,144.92,183.25,17,153.7
18,High,29,0,0,143.78,139.25,46,148.14
22,Medium,30,0,0,162.8,169.56,5,153.09
13,Medium,31,0,0,149.99,181.04,19,152.45
10,High,38,0,0,192.25,131.59,28,160.78
2,Low,30,1,0,137.22,167.35,7,134.67
18,Medium,27,1,0,148.5,142.68,27,145.62
21,High,20,0,0,171.05,178.41,13,170.04
16,High,22,0,0,137.12,139.51,40,145.78
20,High,34,0,0,172.9,149.27,19,158.09
20,High,24,0,0,171.7,168.99,28,165.64
19,High,31,0,1,171.98,161.13,26,162.34
12,High,15,0,0,169.01,132.8,32,156.48
2,Low,15,1,1,180.4,139.64,3,150.76
0,Low,17,1,0,194.59,182.58,3,165.2
4,Low,17,1,0,119.43,189.27,3,138.77
10,Medium,28,1,0,154.77,170.11,26,153.64
17,High,29,0,0,180.05,125.63,39,160.23
10,Low,27,1,0,115.0,173.32,21,135.82
0,Medium,19,0,0,158.61,166.78,11,155.17
5,Low,27,1,0,167.78,151.77,4,144.89
23,Low,15,1,0,130.34,139.82,10,128.41
23,Low,24,1,0,147.07,135.77,3,132.21
9,High,16,0,1,178.16,130.43,44,161.86
19,Medium,14,1,0,120.33,166.55,44,144.48
17,Medium,16,1,0,125.79,146.92,57,142.72
22,High,15,0,0,180.45,158.67,4,168.49
21,Low,24,1,0,179.74,159.14,6,155.23
15,High,26,0,0,162.23,164.47,25,161.23
9,High,28,0,0,148.29,163.65,38,154.99
15,Low,23,1,0,123.45,158.74,28,135.39
7,High,16,0,0,179.91,135.08,31,161.4
8,High,12,0,0,134.34,126.76,55,146.0
14,Medium,31,0,0,188.06,162.45,9,162.76
13,High,38,0,0,177.07,152.51,11,160.37
13,Medium,19,1,0,121.47,151.66,26,135.35
9,Medium,17,1,0,165.84,152.95,42,156.32
9,High,20,0,0,188.65,132.38,55,165.94
0,Medium,17,0,0,185.33,136.65,3,156.66
14,Medium,18,1,0,164.07,168.04,21,159.42
13,Low,25,1,1,128.76,158.4,12,131.31
22,Low,33,1,1,169.42,164.63,4,146.88
12,Low,31,1,0,168.29,133.41,17,139.0
11,Low,37,1,0,162.1,177.92,11,152.82
1,Medium,21,0,0,136.26,149.22,3,140.45
4,Low,25,1,0,187.02,164.85,3,156.43
8,Medium,22,1,1,155.21,155.27,14,149.11
9,High,13,0,1,138.77,155.44,57,156.48
8,High,22,0,1,135.42,175.61,41,155.27
9,Medium,19,1,0,137.48,132.17,40,137.69
18,Medium,24,1,0,151.89,129.86,37,145.36
3,Low,16,1,0,133.47,131.57,9,128.24
7,High,32,0,0,156.39,189.69,19,162.9
3,Medium,34,0,0,130.36,185.26,4,141.8
7,Low,37,1,0,136.68,170.54,12,139.43
16,High,14,0,0,124.57,154.09,65,149.68
1,Low,15,1,0,143.59,130.53,3,132.69
8,High,38,0,0,147.48,178.36,30,155.77
0,Medium,34,0,0,147.3,137.31,3,136.89
22,Medium,27,0,0,172.99,142.73,8,150.37
17,Medium,20,1,0,153.67,179.65,40,160.25
5,Low,25,1,0,170.44,141.73,3,143.22
4,Medium,26,0,0,117.65,179.9,12,139.19
2,Medium,34,0,0,149.93,176.09,4,150.85
11,High,26,0,0,122.18,179.42,32,147.59
18,Medium,12,1,0,151.97,168.83,59,162.02
14,Low,30,1,0,164.22,147.89,3,141.1
21,Low,32,1,0,178.74,167.46,5,153.15
8,High,20,0,0,159.02,178.89,46,167.15
6,High,15,0,0,145.36,173.71,9,158.77
11,High,15,0,0,136.16,181.03,40,159.15
4,Low,34,1,0,191.6,188.93,3,165.54
23,Medium,24,0,0,130.86,169.86,3,142.01
4,Medium,26,0,0,118.39,185.33,3,141.84
11,Low,37,1,0,125.07,142.67,20,125.79
12,High,13,0,0,194.8,188.28,18,183.58
1,Low,17,1,0,187.49,184.17,3,164.32
11,High,34,0,0,140.62,127.68,26,137.41
10,Low,26,1,0,115.31,163.38,24,132.05
6,High,12,0,0,176.38,157.69,26,169.08
3,Low,30,1,0,139.04,178.01,3,139.81
1,High,15,0,0,116.77,133.21,3,133.11
0,Medium,33,0,0,151.53,159.3,3,144.21
11,High,33,0,0,148.93,157.58,19,150.86
2,Low,34,1,0,143.94,150.71,3,131.6
23,Medium,24,0,0,167.27,189.49,4,163.98
5,Medium,19,0,1,173.08,160.07,3,158.2
15,High,35,0,1,159.73,151.86,15,152.12
16,Low,27,1,0,116.12,180.67,21,140.03
11,Low,29,1,0,116.79,134.04,18,119.18
21,Medium,15,1,0,185.54,143.69,7,159.03
2,Medium,28,0,0,129.92,143.13,3,133.29
5,Low,27,1,0,146.85,185.69,3,146.98
6,Low,19,1,0,123.28,182.22,12,139.13
3,Low,32,1,0,133.34,164.43,3,132.24
7,Medium,15,1,0,153.83,145.78,27,147.31
7,High,31,0,0,133.84,155.43,18,143.66
18,Medium,37,1,1,167.73,162.12,23,157.46
7,High,27,0,0,144.38,160.11,20,148.01
21,Low,14,1,0,178.08,141.64,14,152.6
18,High,26,0,0,163.16,133.48,49,155.14
21,Low,26,1,0,135.32,184.0,4,142.18
2,Low,26,1,0,179.67,166.66,3,152.31
23,Low,19,1,0,189.57,134.43,11,150.32
14,Low,28,1,0,124.6,189.34,15,142.9
23,Low,19,1,0,168.57,151.73,9,147.41
8,High,27,0,0,165.46,172.64,27,164.09
22,Low,28,1,0,168.58,136.49,3,138.54
14,Low,29,1,0,117.49,185.63,8,139.09
1,Medium,33,0,0,117.25,130.15,4,123.08
9,Medium,35,1,0,138.58,187.13,18,150.46
3,Low,32,1,0,121.42,172.26,3,131.42
22,Low,33,1,0,144.29,139.77,12,130.69
7,Low,35,1,0,184.79,136.76,15,147.41
5,Medium,18,0,0,143.35,179.41,5,152.98
13,High,19,0,0,146.43,127.6,22,142.71
10,High,26,0,0,136.4,132.43,27,140.6
2,Low,24,1,0,148.73,168.74,5,142.11
19,Low,30,1,0,178.8,130.03,9,146.48
20,Medium,12,1,0,181.47,160.18,22,165.34
17,High,15,0,0,148.68,162.31,71,164.63
14,Low,32,1,0,146.75,126.16,8,129.58
9,High,34,0,0,130.61,149.52,28,141.71
13,High,20,0,0,193.05,126.85,22,164.35
12,Low,20,1,0,139.88,187.85,13,148.48
3,Medium,27,0,0,142.41,139.0,3,137.14
1,Low,24,1,0,149.39,169.83,5,141.73
6,High,16,0,0,121.43,168.79,10,147.76
10,High,25,0,0,141.28,175.2,38,154.5
3,Low,34,1,0,189.45,146.8,3,152.22
2,Low,31,1,0,120.95,136.99,3,120.36
20,Low,34,1,0,134.24,159.48,10,134.46
8,High,29,0,0,132.42,170.13,26,149.96
14,Low,35,1,0,133.81,174.09,16,137.3
12,Low,18,1,0,191.37,128.18,22,152.42
17,High,13,0,0,171.68,173.92,71,178.22
17,High,15,0,0,188.58,132.31,74,171.51
7,High,38,0,0,183.61,159.1,17,164.38
20,Low,29,1,0,164.98,161.1,7,148.22
8,Medium,18,1,0,159.78,133.26,32,148.69
20,Low,35,1,0,155.73,187.66,13,152.69
9,Medium,20,1,0,170.16,166.47,32,159.13
2,Medium,28,0,0,171.15,139.55,3,147.7
18,Medium,18,1,0,162.96,128.31,41,150.83
0,Low,14,1,0,150.92,175.38,3,148.24
18,High,19,0,0,169.03,179.69,66,173.96
1,Low,18,1,1,127.53,130.89,6,126.22
4,Medium,26,0,0,159.12,141.73,3,143.6
14,Medium,12,1,0,156.54,166.75,32,157.06
22,Low,18,1,1,157.77,152.23,5,142.31
9,Medium,27,1,0,155.87,147.26,16,147.14
2,Low,22,1,0,175.02,152.59,3,149.52
5,Low,29,1,0,175.6,157.84,3,150.73
21,High,29,0,0,141.37,137.0,3,139.19
17,High,38,0,0,143.06,150.22,34,151.54
2,Low,34,1,0,116.32,129.54,3,113.19
9,High,18,0,0,124.06,125.39,57,136.76
6,Low,30,1,0,135.99,188.39,7,143.72
4,Medium,28,0,0,176.26,128.56,8,147.96
20,Low,28,1,0,178.83,127.83,9,144.39
14,Low,33,1,0,134.84,182.85,13,143.15
4,High,15,0,0,184.58,188.44,3,176.0
15,Low,22,1,0,145.06,179.89,28,151.91
9,High,34,0,0,178.84,134.07,35,156.27
1,Medium,36,0,0,152.35,166.57,3,147.86
10,Medium,13,1,0,172.01,170.3,43,169.25
4,Medium,24,0,0,143.51,175.16,3,148.04
5,Low,19,1,0,120.65,132.34,3,124.59
21,Low,16,1,0,135.32,150.4,13,137.75
17,High,13,1,0,170.77,142.95,60,164.31
3,Low,26,1,0,188.44,167.54,3,159.88
20,Low,30,1,0,165.26,147.33,12,142.43
13,High,26,0,0,176.52,158.07,20,162.71
20,High,21,0,1,116.13,165.72,23,143.63
17,High,32,0,1,175.81,181.28,40,172.33
8,High,29,0,0,181.84,184.86,32,177.31
12,High,36,0,0,148.01,170.07,18,151.77
12,High,21,0,0,154.51,135.17,20,151.15
17,Medium,18,1,0,119.19,182.78,43,147.11
5,Low,24,1,0,128.97,138.29,3,122.51
7,Low,25,1,0,119.52,128.46,20,121.26
5,Medium,24,0,0,173.51,153.42,3,155.72
7,Low,34,1,0,178.99,169.5,14,156.89
3,Medium,13,1,0,123.69,134.71,3,133.01
0,Medium,26,0,0,188.73,144.46,3,157.29
22,Low,23,1,0,182.16,130.2,4,145.9
1,Low,17,1,0,161.1,165.18,3,149.79
21,Low,29,1,0,193.26,171.04,3,162.13
0,Medium,33,0,0,185.6,158.78,3,156.95
18,Medium,26,1,0,132.81,153.89,32,142.08
7,Medium,14,1,0,191.32,180.1,19,175.04
12,Medium,14,1,0,150.44,152.25,24,150.49
6,Medium,23,0,0,127.39,153.72,29,139.75
11,High,30,0,0,131.01,162.53,20,144.92
10,High,20,0,0,169.74,170.75,53,168.31
12,Low,20,1,0,194.0,175.51,7,167.62
9,High,35,0,0,150.62,127.65,29,142.87
12,High,12,0,0,160.85,180.33,40,171.48
19,Medium,14,1,0,139.02,154.34,39,148.17
10,High,16,0,0,182.64,183.88,50,179.3
8,Medium,38,1,0,124.21,159.86,18,136.75
3,Low,25,1,1,161.58,155.93,5,141.73
8,High,16,0,1,161.9,137.7,51,154.92
3,Low,20,1,0,115.09,155.52,6,128.39
4,Low,38,1,0,190.24,157.04,3,152.1
22,Low,30,1,0,192.95,183.14,3,162.87
2,Low,18,1,0,152.4,182.66,3,150.87
11,High,18,0,0,173.05,156.62,33,163.05
20,Medium,14,1,0,182.9,181.39,22,170.44
22,Low,32,1,0,124.34,180.54,3,134.76
3,Low,15,1,0,121.77,186.65,3,142.54
3,Low,19,1,0,170.14,148.5,5,146.41
8,Medium,21,1,0,159.76,138.79,31,146.7
13,Low,28,1,0,169.35,186.36,10,157.59
23,Medium,28,0,0,160.76,163.02,5,151.68
4,Medium,33,0,0,173.11,155.33,3,153.61
3,Medium,20,0,0,127.39,151.74,3,137.5
6,Low,22,1,0,132.25,130.51,13,126.08
20,Medium,22,0,0,133.96,138.27,27,139.36
0,Low,13,1,1,148.32,143.95,3,138.59
9,Medium,31,1,1,175.76,160.84,19,157.3
2,Low,26,1,0,181.51,158.59,3,151.28
3,Low,24,1,0,147.1,160.29,3,139.25
22,Medium,38,0,0,163.16,129.97,4,141.85
0,High,16,0,0,138.61,125.64,3,137.09
7,Low,38,1,0,153.06,155.1,13,142.0
21,Medium,30,0,0,190.27,137.58,3,155.11
14,High,17,0,0,136.54,182.96,34,155.49
1,Low,30,1,1,178.04,153.01,3,146.38
11,Medium,32,0,0,118.38,147.88,12,130.88
23,Low,21,1,0,142.62,160.36,3,137.81
9,High,21,0,0,167.7,165.86,52,169.05
12,Medium,34,0,0,177.08,130.33,22,150.07
12,Medium,16,1,0,162.37,173.19,14,159.05
15,Medium,12,1,0,184.54,133.94,39,160.42
4,Low,29,1,0,180.66,150.14,3,148.17
20,High,36,0,0,164.4,148.2,22,152.18
23,Medium,25,0,0,142.85,162.0,4,147.64
3,Low,15,1,0,144.1,169.82,3,144.99
19,High,26,0,0,164.21,177.05,37,169.26
19,High,18,0,0,167.52,159.26,45,165.58
17,High,34,0,0,146.57,135.1,39,148.58
8,Medium,28,1,0,146.8,170.24,21,147.46
11,High,21,0,0,129.14,156.12,16,142.55
20,High,28,0,0,115.02,163.28,15,140.67
3,Low,30,1,0,151.92,153.84,3,137.23
19,Medium,30,1,0,181.47,152.06,24,157.44
22,High,21,0,1,176.32,170.59,8,161.45
16,High,27,0,0,194.52,159.07,42,173.47
8,High,13,0,0,168.55,181.41,51,174.66
13,High,22,0,1,133.71,173.32,23,149.65
1,Low,22,1,0,169.19,155.96,4,148.04
22,Medium,26,0,0,181.28,138.92,3,152.02
8,High,37,0,0,166.28,126.14,31,147.88
1,Medium,37,0,0,153.54,138.35,3,139.31
19,Low,25,1,1,164.48,143.28,20,143.04
15,Low,29,1,0,117.06,132.68,16,121.99
14,Medium,14,1,0,136.21,168.49,21,149.02
1,Low,25,1,0,127.62,146.2,3,127.77
18,Low,30,1,0,148.07,126.97,28,136.52
15,Low,30,1,0,186.44,153.4,19,154.71
19,Low,38,1,0,130.04,175.98,19,137.35
19,Low,24,1,0,120.68,147.08,28,130.54
5,Medium,36,0,0,177.15,183.65,3,161.49
5,Medium,38,0,0,184.43,180.43,6,166.59
22,Low,27,1,0,157.51,182.81,7,149.16
12,High,14,0,0,145.13,168.41,34,159.66
10,Low,22,1,0,149.44,177.43,29,152.73
6,Low,32,1,0,167.72,150.28,3,142.4
15,High,27,0,0,181.5,170.06,19,169.86
18,High,37,0,0,130.16,139.55,34,142.44
0,Low,34,1,0,187.18,138.31,6,149.13
13,High,13,0,1,167.59,186.33,24,173.72
23,Low,35,1,0,174.06,160.67,3,146.69
6,Medium,21,0,0,121.95,129.66,10,128.47
6,Low,34,1,0,188.47,137.82,3,147.3
21,Medium,25,0,0,157.26,154.99,7,148.37
1,Low,24,1,0,143.97,179.98,3,143.76
9,Medium,13,1,0,146.91,183.24,43,159.64
10,High,15,0,1,138.44,132.37,42,145.8
19,Low,28,1,0,128.04,129.03,19,126.38
3,Low,27,1,0,117.77,132.91,3,119.68
10,High,26,0,0,136.15,168.64,37,151.09
3,Medium,16,1,0,154.73,159.63,3,147.71
18,Medium,25,1,0,168.34,172.96,31,162.62
15,Medium,13,1,0,173.67,163.57,33,163.62
11,High,15,0,0,162.65,131.23,43,156.78
9,High,25,0,0,124.28,141.75,42,141.23
3,Medium,28,0,1,149.52,146.55,4,141.74
22,Low,29,1,0,168.39,171.0,3,150.65
15,Low,38,1,0,174.45,163.8,18,150.95
7,Low,35,1,0,140.96,186.54,21,144.12
9,Medium,22,1,0,189.28,134.46,33,156.81
17,High,33,0,0,178.63,186.01,38,177.83
17,High,14,0,0,183.14,139.31,79,172.28
11,Low,35,1,0,168.32,147.33,12,145.18
7,Low,22,1,0,148.1,127.25,14,132.73
15,Medium,32,1,0,189.73,144.27,16,156.98
15,Low,38,1,0,187.12,137.98,8,149.41
14,Low,30,1,0,181.28,139.12,15,148.08
1,Low,36,1,0,186.29,162.19,3,153.36
11,Medium,12,1,0,188.33,175.75,24,173.85
14,Medium,16,1,0,174.71,173.42,25,165.52
22,Medium,28,0,0,131.03,178.89,5,144.86
12,Low,26,1,0,158.08,172.54,21,149.89
8,Medium,15,1,0,164.28,188.47,42,168.54
13,Medium,31,0,0,176.87,126.2,20,148.56
4,Low,13,1,0,154.61,189.21,6,155.31
2,Low,38,1,0,156.03,151.64,3,138.55
16,Medium,16,1,0,194.65,156.06,42,171.68
23,Low,24,1,0,151.18,162.53,3,141.65
20,Medium,34,0,0,125.4,125.55,11,127.5
14,Medium,25,0,1,171.77,136.81,20,151.69
0,Medium,32,0,0,144.0,153.99,3,141.01
23,Low,30,1,0,134.88,175.02,3,137.72
10,Medium,37,1,0,165.28,181.56,19,159.06
6,Low,24,1,0,191.35,134.6,9,152.05
21,Medium,38,0,0,140.02,142.09,12,137.53
17,High,25,0,0,144.78,164.48,48,157.27
17,Medium,36,1,0,152.24,148.46,20,146.84
6,Low,31,1,0,170.04,144.36,9,141.55
23,Medium,15,1,1,146.68,149.92,8,141.88
10,Low,29,1,0,149.01,170.6,23,148.91
12,Low,35,1,0,171.07,137.91,6,144.12
18,Medium,15,1,0,193.81,129.02,50,166.18
15,High,34,0,0,140.32,125.22,24,139.25
4,Medium,14,1,0,161.83,159.23,3,152.69
7,Low,35,1,0,178.55,141.25,8,145.0
8,Low,33,1,0,131.97,161.51,17,135.18
22,High,16,0,0,180.47,182.26,14,173.02
17,Medium,31,1,0,143.39,144.09,27,143.42
8,Medium,15,1,0,123.88,136.93,34,135.62
17,High,27,0,0,116.99,125.1,45,135.43
17,High,36,0,1,117.65,188.79,27,151.47
9,High,17,0,0,178.81,158.59,55,168.67
9,Medium,16,1,0,169.0,177.14,44,165.83
21,Medium,23,0,1,178.48,180.78,3,165.8
13,High,21,0,0,175.24,189.69,32,174.4
3,High,13,0,0,145.48,180.88,11,159.64
17,High,24,0,0,189.64,144.11,54,170.02
14,Low,19,1,0,185.24,161.68,18,159.51
12,Medium,15,1,0,142.87,187.58,28,154.46
17,Medium,19,1,0,176.84,166.17,46,167.51
21,Medium,12,1,0,180.57,174.99,10,168.62
7,Medium,36,0,0,154.08,183.93,12,155.35
10,Low,38,1,0,124.63,164.89,17,132.22
4,Medium,21,0,1,141.72,170.01,3,148.29
15,Low,35,1,0,194.1,163.24,20,162.68
9,High,24,0,0,172.27,147.01,45,160.94
8,Medium,36,1,0,176.98,141.17,20,150.26
16,High,16,0,0,187.95,166.18,58,178.31
9,High,19,0,0,131.22,188.77,57,160.25
11,High,31,0,0,192.47,184.55,19,175.63
10,Medium,17,1,0,156.45,138.64,44,146.66
6,High,34,0,0,174.57,179.78,6,166.6
3,Low,23,1,0,140.46,126.37,3,127.38
19,High,22,0,0,141.35,163.31,52,157.66
2,Low,24,1,0,143.77,185.47,5,145.8
7,High,33,0,0,142.84,187.36,20,158.39
16,High,12,0,1,120.0,164.2,56,151.08
3,Medium,32,0,0,139.77,166.0,3,141.56
15,Low,33,1,0,166.79,150.34,15,145.55
17,High,34,0,0,187.16,172.04,35,177.3
15,High,38,0,0,118.33,140.97,16,134.25
7,Low,33,1,0,116.33,127.2,14,119.24
0,Low,26,1,0,162.39,179.29,3,149.91
21,Low,24,1,0,170.97,128.92,11,139.35
7,Low,22,1,0,163.66,168.21,17,152.82
19,Low,34,1,0,192.84,153.4,14,158.05
4,Low,22,1,0,133.31,127.81,7,125.59
3,Low,27,1,0,153.5,135.39,3,133.57
18,High,14,0,0,188.27,131.55,72,170.92
22,High,20,0,0,164.4,138.94,5,154.58
20,High,19,0,0,161.17,166.29,28,163.29
18,Medium,23,1,0,189.63,162.09,35,169.53
5,Medium,25,0,1,142.11,153.14,8,140.45
21,Low,31,1,0,127.57,179.8,3,136.9
16,High,23,0,0,125.34,173.95,64,153.49
4,High,16,0,0,180.75,169.38,3,169.13
3,Medium,26,0,1,183.56,163.93,14,161.19
20,High,13,0,0,133.71,170.25,39,155.69
6,Low,34,1,0,151.57,139.73,6,134.43
18,Medium,32,0,0,161.79,141.89,37,150.22
3,High,18,0,0,126.12,144.38,3,140.45
6,High,19,0,0,182.9,173.17,17,170.76
6,High,12,0,0,148.51,153.1,16,155.57
6,Low,21,1,0,184.08,187.37,13,166.47
16,Medium,13,1,0,175.81,127.61,46,157.07
21,Medium,37,0,0,138.6,149.91,4,139.6
21,High,15,0,0,172.33,135.06,18,156.52
17,High,29,0,0,174.26,178.06,43,172.22
4,Medium,27,0,0,139.9,156.17,3,139.92
23,Low,18,1,0,135.3,165.3,3,138.08
13,Low,33,1,0,180.87,163.87,13,152.04
13,High,14,0,1,169.23,130.14,32,155.83
16,High,35,0,0,174.17,175.94,30,170.61
18,High,31,0,0,140.04,178.43,40,159.65
22,Medium,29,0,0,172.78,164.48,10,154.66
13,Medium,35,0,0,172.14,143.26,22,150.36
14,Medium,22,1,1,141.66,172.07,18,146.84
17,High,19,0,0,136.64,170.54,61,158.61
6,High,16,0,1,149.51,184.32,18,161.53
7,Low,36,1,0,174.13,132.63,11,142.06
15,High,22,0,0,130.49,184.14,38,155.73
1,Medium,34,0,0,184.94,182.66,3,163.66
7,High,20,0,0,135.42,144.34,25,146.19
17,High,37,0,1,182.17,171.55,27,172.03
23,Medium,35,0,0,127.46,142.14,3,130.74
12,High,20,0,1,174.16,140.28,20,158.57
9,Medium,25,1,0,159.91,166.7,24,155.83
10,Low,33,1,0,167.92,128.25,21,140.29
16,High,18,0,1,192.93,131.27,41,166.82
13,High,12,0,0,119.2,167.91,32,150.72
0,High,19,0,0,126.93,186.87,3,152.76
12,Low,27,1,0,121.33,127.21,22,119.5
9,High,15,0,0,156.57,126.49,58,152.01
16,Medium,21,1,0,179.22,129.86,28,157.28
21,Low,36,1,0,119.39,125.11,3,116.38
23,High,14,0,0,177.35,185.34,4,173.09
14,High,13,0,0,149.64,155.81,35,157.03
8,High,23,0,0,190.31,169.99,49,175.91
10,Medium,12,1,1,145.62,152.07,38,148.65
4,High,12,0,0,193.77,189.82,3,182.8
22,High,16,0,0,159.52,156.2,17,160.51
20,Medium,14,1,0,194.2,186.05,20,175.69
20,Low,33,1,0,165.55,167.22,9,149.06
7,High,15,0,0,142.71,186.6,31,162.91
7,Medium,26,0,0,179.27,157.18,26,157.8
20,Low,31,1,0,153.96,182.13,11,150.04
13,High,28,0,0,139.7,146.7,25,144.95
16,Medium,29,1,1,153.27,167.98,21,149.79
11,Low,21,1,0,184.75,165.12,27,160.58
10,High,35,0,0,173.58,156.64,19,161.57
15,High,13,0,0,128.9,157.6,41,152.01
19,Medium,14,1,1,182.09,136.06,24,162.43
8,Low,35,1,0,149.51,183.89,16,148.25
19,High,13,0,0,121.63,154.52,51,149.68
5,Low,17,1,0,126.77,134.85,7,126.94
9,Medium,16,1,0,120.29,170.78,40,144.21
21,Medium,12,1,0,169.13,172.27,15,162.42
22,Medium,15,1,0,135.61,127.93,4,133.85
22,Medium,27,0,0,122.71,146.63,10,131.4
7,Low,29,1,0,144.25,162.98,4,139.78
20,Medium,14,1,0,184.36,178.4,22,171.28
22,Medium,37,0,0,165.3,145.19,7,145.57
23,High,14,0,0,153.9,144.48,10,153.38
0,Low,30,1,0,173.66,172.88,3,152.62
17,Medium,33,1,0,121.07,139.25,18,133.18
23,Medium,26,0,0,185.62,183.24,9,168.45
18,Medium,25,1,0,129.22,176.38,32,147.68
5,Low,14,1,0,116.71,183.05,3,137.56
18,Medium,18,1,0,143.99,147.99,56,150.52
2,Low,34,1,0,119.68,135.77,3,117.22
11,Low,21,1,0,128.37,163.03,21,136.55
15,High,12,0,0,174.12,137.35,47,166.44
10,Low,31,1,0,147.38,142.3,22,136.74
16,Medium,30,1,0,115.55,151.04,18,132.01
5,Low,13,1,0,166.5,155.08,4,148.45
14,Medium,13,1,0,171.57,145.96,32,156.12
15,High,15,0,0,187.16,143.51,45,170.64
15,Medium,13,1,0,127.37,141.04,38,137.4
6,Low,28,1,0,183.57,169.86,7,156.9
7,Medium,15,1,0,171.7,144.88,20,153.54
6,Medium,28,0,1,160.09,170.14,3,151.78
11,High,16,0,0,135.94,173.29,41,154.59
14,Medium,38,0,0,151.63,171.42,19,151.82
8,Low,31,1,0,130.86,184.44,22,139.92
9,Medium,22,1,0,172.42,187.04,37,167.62
6,High,23,0,0,171.29,134.55,23,154.59
5,High,13,0,0,130.32,145.84,3,144.15
15,Medium,13,1,0,135.21,176.2,35,153.36
19,Low,26,1,0,187.09,175.82,21,165.32
6,Medium,12,1,0,152.73,129.61,18,142.83
20,High,29,0,0,159.09,187.53,13,163.95
13,Low,22,1,0,191.69,180.65,21,167.15
4,High,15,0,0,131.56,183.45,3,153.27
8,Low,26,1,0,165.17,138.29,27,143.13
0,Low,26,1,0,176.92,157.56,6,152.26
0,Low,32,1,0,140.56,153.64,3,132.96
8,High,17,0,0,139.71,148.42,43,152.56
10,Medium,26,1,0,186.75,139.78,26,157.27
19,Low,34,1,0,122.95,134.07,19,124.29
3,Low,19,1,0,127.59,181.58,3,139.82
20,Low,34,1,0,147.88,159.48,9,138.06
5,Low,31,1,0,178.87,164.05,3,152.82
3,Low,23,1,0,151.4,142.0,3,137.23
16,High,35,0,0,136.65,185.78,26,156.34
18,High,38,0,0,148.62,185.86,38,164.67
14,High,18,0,0,150.64,168.64,30,160.53
2,Low,38,1,1,173.16,145.84,3,142.17
2,High,12,0,0,184.5,140.13,7,164.59
9,High,15,0,0,140.7,163.69,65,158.71
10,Medium,13,1,0,171.68,179.14,36,168.76
23,Medium,21,0,0,171.11,187.85,3,165.39
6,Medium,37,0,0,176.36,129.43,12,147.28
4,Medium,28,0,0,161.02,146.72,3,145.21
22,Medium,28,0,0,116.18,150.42,12,130.62
3,High,14,0,0,167.47,148.99,3,161.34
0,Low,25,1,0,163.98,168.41,3,146.91
10,Medium,22,1,0,163.92,160.57,29,155.75
9,Low,24,1,0,137.5,182.94,36,146.88
14,High,19,0,0,122.83,139.47,22,139.92
21,Medium,17,1,0,130.15,150.96,15,138.82
22,Medium,37,0,0,132.3,160.18,10,138.21
6,Medium,27,0,1,128.89,178.09,8,142.24
23,Low,23,1,0,134.56,178.51,3,139.87
15,High,13,0,0,120.5,180.86,49,154.18
1,Medium,32,0,0,136.55,158.74,4,136.76
22,Medium,24,0,0,194.83,140.7,3,161.05
3,Medium,22,0,0,155.91,172.21,3,154.74
14,Low,30,1,0,142.55,187.05,13,147.69
18,High,15,0,0,172.64,143.54,76,167.29
5,Medium,26,0,0,152.56,137.89,13,141.75
6,Medium,35,0,0,117.36,126.46,6,121.55
11,Low,24,1,0,158.79,168.32,21,149.19
21,Medium,12,1,0,139.33,160.43,9,149.27
5,Low,18,1,0,160.69,133.76,3,139.38
15,Medium,13,1,0,128.86,137.97,29,139.81
10,High,25,0,0,153.6,168.04,30,159.38
2,Low,21,1,0,130.49,153.34,6,130.41
17,High,15,0,0,138.91,140.16,76,153.19
19,Low,30,1,0,169.97,164.38,20,153.54
13,Medium,16,1,0,133.21,128.42,17,135.03
4,High,21,0,0,148.37,126.05,3,139.42
3,Medium,38,0,0,120.85,141.96,3,126.34
10,Medium,13,1,0,169.97,143.82,40,157.47
12,High,18,0,0,158.12,131.78,31,149.99
13,High,20,0,0,180.1,132.47,24,160.57
5,Medium,25,0,1,157.81,135.91,3,141.81
12,High,18,0,0,194.54,172.1,27,178.29
7,Medium,38,0,0,134.29,177.4,20,147.77
16,High,12,0,0,174.37,136.8,68,164.66
19,High,37,0,0,149.59,167.69,20,156.99
15,High,26,0,0,145.08,140.19,33,147.11
0,Low,13,1,0,173.52,182.2,3,161.45
23,Low,15,1,0,191.44,142.48,6,155.54
0,Low,14,1,0,175.45,133.44,8,147.26
23,High,19,0,0,141.41,153.54,6,144.42
0,Medium,20,0,0,155.79,135.02,3,145.06
12,Medium,29,0,0,132.37,137.89,20,132.21
2,Low,20,1,0,164.62,147.04,5,146.37
2,Medium,31,0,0,147.21,167.95,3,144.69
16,High,19,0,0,133.25,132.6,50,143.92
17,Medium,19,1,0,116.69,143.47,50,137.24
2,High,19,0,0,189.03,180.79,5,175.38
23,Low,20,1,0,121.31,142.8,10,126.37
7,High,34,0,0,141.34,135.95,19,141.01
7,Medium,18,1,0,130.24,159.69,14,141.51
7,Medium,19,1,0,154.53,127.17,21,140.92
11,Low,37,1,0,130.6,177.26,14,139.34
4,Low,29,1,0,173.9,139.46,6,141.17
10,Medium,17,1,0,132.99,133.64,40,137.72
5,Medium,35,0,1,129.84,177.53,3,139.07
1,Medium,16,0,0,132.35,179.78,3,149.6
8,High,16,0,0,138.81,172.76,47,158.62
16,High,24,0,0,166.35,140.25,42,158.34
18,Medium,30,1,0,131.77,159.25,25,144.32
8,High,17,0,1,170.75,187.99,41,176.1
7,Medium,32,0,1,149.41,156.05,20,145.95
18,High,16,0,0,130.76,186.73,74,164.52
16,High,33,0,0,134.2,168.96,26,151.45
19,Medium,14,1,0,157.19,179.92,35,164.01
21,Medium,24,0,0,145.29,137.51,7,140.25
19,High,29,0,0,156.1,185.24,29,165.6
22,Low,19,1,0,180.01,180.47,9,161.39
9,High,28,0,0,118.67,176.03,40,147.61
9,Medium,30,0,0,146.49,186.18,30,156.19
7,Low,29,1,0,148.24,176.28,13,145.72
5,Low,22,1,1,135.07,162.49,8,136.72
17,High,32,0,0,150.35,167.16,30,158.04
17,Medium,31,1,0,160.33,178.36,29,159.82
19,High,20,0,1,161.8,173.7,40,166.79
4,Medium,31,0,0,168.59,163.47,3,151.9
11,Medium,36,0,0,121.14,163.88,20,139.13
5,Low,34,1,0,151.8,182.22,3,144.8
21,Low,31,1,0,175.61,125.64,4,140.96
6,Low,32,1,0,151.4,171.67,3,141.58
3,Medium,33,0,0,167.52,161.77,3,150.32
13,High,19,0,0,162.24,179.49,36,166.32
21,High,31,0,0,152.18,138.35,6,144.7
21,High,17,0,0,121.31,159.15,16,144.22
2,Medium,21,0,0,165.66,133.3,5,148.17
7,Low,37,1,0,157.76,167.86,11,145.13
3,Low,19,1,1,115.45,174.64,3,133.36
7,Low,34,1,0,131.55,165.53,14,132.94
12,High,23,0,1,119.91,161.06,16,140.06
6,High,17,0,0,160.62,147.32,10,155.33
1,High,14,0,0,116.21,166.59,3,142.4
12,Low,26,1,0,182.39,183.47,22,162.95
1,Low,24,1,0,190.8,171.89,3,159.67
5,Medium,25,0,0,193.05,126.49,3,155.36
0,Low,13,1,0,133.13,158.07,3,138.9
2,Low,19,1,0,154.61,172.87,7,147.64
10,High,12,0,0,186.29,157.77,58,174.67
20,High,20,0,0,169.99,163.44,25,165.08
18,High,37,0,1,138.9,184.25,29,159.83
2,Low,16,1,0,181.72,181.81,12,162.2
0,Medium,30,0,0,160.91,130.29,3,137.16
8,High,12,0,1,173.4,158.19,46,168.12
15,Low,27,1,0,192.55,165.45,7,160.97
17,High,36,0,0,194.8,180.38,43,179.0
19,High,21,0,0,155.39,142.26,41,155.26
8,Medium,17,1,0,127.53,134.09,30,133.72
4,Low,27,1,0,164.56,163.82,3,146.76
0,Low,19,1,0,166.51,155.39,7,146.52
3,Low,36,1,0,160.77,141.75,3,140.45
1,Low,34,1,0,148.76,186.29,3,146.72
20,Low,29,1,0,161.52,145.64,11,141.02
6,Low,29,1,0,157.72,128.59,3,132.27
19,High,28,0,0,190.58,128.82,33,162.02
13,Medium,31,0,0,182.01,138.07,14,154.05
12,Low,24,1,0,146.5,132.59,9,132.72
10,High,38,0,1,160.67,150.65,22,152.06
19,Medium,21,1,0,160.28,130.23,30,145.19
1,High,12,0,0,155.86,161.48,3,158.87
2,Low,30,1,0,119.65,151.55,3,122.52
10,Medium,29,1,0,172.01,163.87,22,157.19
9,High,38,0,0,173.5,189.3,29,169.28
13,High,22,0,0,153.73,189.47,24,165.38
17,Medium,23,1,0,187.13,152.11,42,165.3
14,Low,27,1,0,193.71,148.86,7,154.17
6,Low,22,1,0,180.03,169.3,10,157.84
7,Low,33,1,0,189.23,148.9,15,153.63
18,Medium,23,1,0,154.0,175.59,37,158.26
4,Low,33,1,0,188.14,164.11,3,155.41
12,Low,23,1,0,189.8,137.97,14,151.07
12,High,18,0,0,164.89,151.96,27,157.05
18,Medium,38,1,0,127.06,181.14,18,146.61
17,Low,26,1,0,127.18,160.97,35,137.9
11,High,31,0,0,152.78,171.14,20,154.8
7,Low,27,1,0,173.85,171.14,11,155.4
8,Low,21,1,1,155.11,156.34,28,146.37
9,High,38,0,0,178.99,144.21,28,162.45
5,Low,22,1,0,176.58,163.76,8,154.11
15,Low,38,1,0,131.29,132.35,15,127.22
5,Low,23,1,0,125.62,163.83,3,131.68
15,High,12,0,1,171.47,131.68,37,157.34
18,High,12,0,0,140.63,183.62,80,170.64
23,Low,38,1,0,189.51,173.35,3,158.55
2,Medium,26,0,0,184.48,136.78,3,154.97
18,High,22,0,0,151.1,176.0,54,164.03
2,Low,33,1,0,161.44,172.18,3,147.5
8,High,28,0,0,182.77,172.35,30,170.93
4,Low,29,1,0,184.71,146.79,5,149.78
3,Low,30,1,0,159.56,158.98,3,142.29
4,Medium,17,0,0,192.75,163.08,3,167.83
1,High,14,0,0,156.68,149.5,3,155.12
19,High,31,0,0,118.29,161.43,22,141.65
1,High,12,0,0,160.02,140.86,4,155.39
9,Medium,31,1,0,177.16,181.87,25,163.53
16,High,15,0,0,193.79,187.42,66,186.93
23,Low,19,1,0,123.43,146.24,3,127.8
20,Low,31,1,1,150.24,147.26,4,137.07
3,Medium,28,0,0,161.93,139.05,3,143.95
23,Low,33,1,0,185.52,181.21,3,158.32
15,Medium,28,0,0,172.27,135.62,27,152.76
4,High,13,0,0,133.5,176.93,3,154.95
10,High,34,0,0,183.75,179.1,28,171.79
22,Low,17,1,1,168.14,145.55,3,144.55
9,High,15,0,0,186.61,175.49,64,179.7
4,Low,35,1,0,181.75,154.44,7,148.51
21,Low,17,1,0,125.34,147.65,8,130.33
22,Medium,26,0,0,191.84,183.07,7,171.23
23,Low,25,1,0,151.34,154.48,11,140.62
22,Medium,32,0,0,193.6,128.59,5,152.92
20,Medium,13,1,1,129.96,166.24,21,145.37
10,High,14,0,0,178.47,167.77,65,173.38
4,Low,23,1,0,139.39,166.25,10,137.56
14,High,24,0,0,118.58,148.42,21,139.08
5,Medium,33,0,0,194.52,169.11,3,163.92
11,High,28,0,0,139.28,143.92,28,142.96
15,High,16,0,0,121.44,155.18,46,145.66
22,Medium,38,0,0,183.84,139.09,8,152.81
6,Medium,24,0,0,149.56,164.86,3,149.17
6,Medium,38,0,0,161.12,177.68,3,154.69
17,High,38,0,0,193.79,131.35,45,167.39
0,Medium,13,1,0,153.46,126.76,4,142.57
13,Low,25,1,0,120.37,174.47,17,135.54
17,High,23,0,0,170.29,145.99,50,163.94
13,High,25,0,0,171.85,146.05,20,157.1
9,Medium,20,1,0,130.54,161.71,38,144.21
19,Low,27,1,0,158.63,156.64,17,145.97
8,Low,25,1,0,144.54,132.9,21,135.22
17,High,17,0,0,118.99,174.43,71,154.57
11,High,19,0,1,139.93,136.46,32,143.76
0,High,15,0,0,187.76,178.69,3,175.15
12,High,34,0,0,139.02,174.68,21,151.98
1,Medium,30,0,1,132.85,135.87,5,129.19
22,Medium,22,0,0,190.27,174.28,3,167.72
14,Low,22,1,0,145.59,167.96,27,142.75
8,Medium,14,1,0,190.24,188.82,42,178.04
11,Medium,19,1,0,185.42,171.27,26,168.06
14,Low,36,1,0,152.64,150.36,12,138.56
6,Medium,12,1,0,145.8,165.3,17,149.9
6,Low,15,1,0,126.02,168.02,15,137.11
10,High,34,0,0,130.25,173.47,26,148.76
6,Medium,26,0,0,133.6,155.46,19,138.35
18,Medium,12,1,0,152.63,178.8,46,163.09
2,Low,25,1,0,144.77,143.65,3,132.57
19,Medium,32,1,0,179.03,187.62,21,169.97
8,Low,21,1,0,138.73,145.18,29,140.03
13,High,22,0,1,148.96,127.44,23,144.69
3,Medium,29,0,0,124.82,138.01,3,129.08
9,High,28,0,0,136.7,185.28,35,154.52
18,High,36,0,0,177.64,176.35,41,175.78
6,High,18,0,0,171.57,153.56,10,161.95
3,Low,19,1,0,147.18,183.84,3,147.38
12,High,16,0,0,161.2,141.03,29,159.15
3,Medium,29,0,0,151.67,140.18,3,139.58
7,Low,26,1,0,186.62,133.38,17,150.04
10,Medium,21,1,0,146.58,153.76,31,146.81
13,High,30,0,0,172.77,158.42,15,160.28
15,High,22,0,0,132.48,134.43,36,142.74
16,Medium,17,1,0,149.73,132.45,39,146.81
20,Low,26,1,0,157.35,150.38,14,144.51
1,Low,23,1,0,123.37,140.12,7,124.63
8,Medium,22,1,0,161.99,162.33,23,155.39
0,Medium,24,0,0,160.97,159.08,3,151.11
0,Medium,36,0,0,127.7,135.56,3,127.06
5,Low,17,1,0,194.89,125.86,10,150.62
14,Medium,19,1,0,122.4,166.91,22,140.45
21,High,27,0,0,186.62,175.24,4,171.78
18,High,13,1,0,154.32,156.74,53,162.78
15,High,15,0,0,132.82,162.41,39,153.34
18,High,27,0,0,124.02,187.51,42,155.41
4,Medium,25,0,0,170.95,174.9,4,158.19
20,High,29,0,0,175.36,146.7,24,157.43
21,High,15,0,0,168.88,180.27,21,170.24
2,Medium,35,0,1,148.59,160.65,3,143.2
11,High,25,0,0,128.81,158.93,30,146.26
19,Medium,16,1,0,178.16,169.97,40,168.04
11,Medium,20,1,1,184.7,152.92,30,161.16
20,High,18,0,0,146.35,182.25,26,160.39
22,Low,24,1,0,182.3,135.87,11,145.64
11,Medium,24,0,0,165.85,152.42,24,154.8
1,Low,23,1,0,157.16,129.22,6,134.69
8,High,24,0,0,163.85,170.85,34,165.21
5,Medium,36,0,0,123.62,142.57,3,130.54
11,High,37,0,1,125.03,152.65,15,140.01
14,Low,25,1,0,173.14,182.61,13,161.03
11,Low,38,1,0,192.6,137.11,16,153.62
4,Medium,34,0,0,155.62,125.15,6,136.07
7,Low,34,1,0,119.32,162.58,3,131.7
16,Medium,18,1,0,120.45,153.44,38,143.39
0,Low,23,1,0,152.39,128.57,3,130.94
5,Low,21,1,0,167.61,144.26,5,143.82
21,High,14,0,1,127.39,140.54,20,141.38
2,Low,14,1,0,117.64,141.94,3,126.68
9,Low,28,1,0,173.36,176.33,22,156.04
4,Medium,23,0,0,126.69,144.81,3,132.54
2,Medium,34,0,0,150.05,156.83,9,144.01
10,Low,30,1,0,173.73,142.26,26,146.48
12,Medium,14,1,0,125.02,186.79,14,149.97
4,Low,34,1,0,150.42,175.32,3,145.25
1,Low,25,1,0,123.92,152.51,3,125.97
3,Medium,27,0,0,142.8,172.25,3,149.39
15,High,38,0,0,187.99,145.46,17,165.97
20,Low,29,1,0,169.89,130.34,3,138.42
4,Medium,12,1,0,116.85,152.98,3,132.88
7,High,16,0,0,125.76,161.7,41,147.88
8,Low,23,1,1,138.51,147.71,18,134.7
8,Medium,13,1,0,186.64,151.1,42,166.49
5,High,16,0,0,174.77,171.44,6,168.93
1,Low,33,1,0,164.4,183.2,4,150.97
12,Medium,15,1,0,127.21,183.12,31,149.37
8,Medium,16,1,0,189.31,162.42,39,168.78
8,High,25,0,0,179.65,165.92,43,169.4
6,High,14,0,0,134.15,159.63,13,152.37
22,Low,18,1,0,147.35,149.13,9,136.39
14,High,37,0,0,149.27,172.98,25,155.37
10,Low,29,1,0,162.0,132.23,17,139.81
4,Medium,38,0,0,144.98,183.11,3,149.45
19,Medium,21,1,1,131.8,143.44,19,138.66
21,Medium,28,0,0,168.36,139.22,6,149.21
0,Low,18,1,0,169.2,142.81,3,144.98
22,Low,22,1,0,150.39,177.76,3,149.91
16,High,16,1,0,153.93,142.48,41,153.14
2,Medium,34,0,1,119.05,164.62,3,133.31
18,High,16,0,0,151.49,147.31,70,159.82
2,Low,17,1,0,179.03,167.67,3,157.73
1,Medium,24,0,0,162.32,163.46,3,153.94
2,Medium,23,0,0,188.66,189.85,5,171.2
11,Medium,20,1,0,172.32,145.21,30,155.53
14,Medium,21,0,0,177.21,147.74,24,161.06
9,Medium,19,1,0,151.67,137.92,38,145.61
2,Medium,36,0,0,128.88,155.15,3,134.04
4,Low,27,1,0,187.97,179.43,3,161.92
20,High,36,0,0,167.74,138.71,20,153.76
23,Low,38,1,0,187.76,187.49,12,159.8
18,High,29,0,0,164.4,125.86,39,153.15
2,Low,34,1,0,151.36,177.33,9,144.86
19,High,14,0,0,125.78,169.96,53,154.88
16,High,37,0,0,146.82,183.84,29,162.69
12,Medium,25,0,0,162.8,158.92,29,152.23
3,Medium,31,0,0,189.46,169.26,3,160.56
23,High,18,0,0,181.34,128.21,11,158.1
10,Medium,14,1,0,156.05,150.63,38,152.14
1,Low,35,1,0,150.84,175.1,3,142.88
5,Low,24,1,0,117.66,132.08,3,118.24
9,Medium,15,1,0,143.1,175.86,33,156.52
1,Medium,29,0,0,193.51,145.04,6,158.35
7,Medium,13,1,0,174.28,147.94,26,157.95
11,Medium,24,0,1,156.98,167.08,23,152.83
22,Medium,31,0,0,183.98,130.08,3,149.36
2,Low,31,1,0,116.84,165.6,3,126.88
13,High,24,0,0,191.61,184.39,27,177.03
21,Medium,21,0,0,170.97,131.09,12,148.84
19,High,34,0,0,116.07,141.44,31,135.38
22,Medium,16,1,0,171.44,125.89,8,147.55
4,Low,14,1,0,121.65,158.67,3,133.61
19,Medium,16,1,0,166.17,172.51,41,165.7
23,Low,33,1,0,139.07,185.22,3,141.23
7,High,24,0,0,131.97,148.92,18,144.41
11,High,13,0,0,165.25,134.67,43,156.52
12,High,16,0,0,149.72,126.89,31,147.61
11,High,12,0,0,120.16,146.13,44,144.18
6,Medium,33,0,1,180.79,158.29,13,159.46
23,Medium,24,0,0,136.29,183.55,7,148.0
22,Medium,13,1,0,164.46,139.07,6,147.68
9,High,17,0,0,163.75,175.78,57,168.95
19,High,28,0,0,119.49,156.26,32,141.26
9,Medium,28,1,0,194.79,181.39,27,172.74
19,High,34,0,0,150.81,181.1,27,159.57
14,High,12,0,0,131.43,180.75,39,158.78
11,High,13,0,0,149.94,151.09,37,156.64
3,High,12,0,0,163.24,147.5,3,158.76
15,Medium,22,1,0,115.24,138.47,26,130.28
7,Medium,31,0,0,139.01,139.85,18,137.79
5,Low,29,1,0,157.91,165.05,3,144.08
4,High,17,0,0,170.56,187.53,3,171.97
23,Low,29,1,0,140.06,164.39,3,134.1
2,High,29,0,0,147.31,151.8,7,143.76
19,High,17,0,0,132.7,140.76,52,147.65
20,High,32,0,0,138.44,167.38,18,149.53
0,Low,23,1,0,169.99,138.71,3,141.36
14,High,13,0,0,141.98,131.07,35,147.85
13,Low,22,1,0,137.37,131.08,15,128.51
8,High,32,0,0,138.88,180.28,28,154.22
16,High,30,0,0,164.01,149.85,31,157.59
9,Medium,19,1,0,159.87,186.12,39,164.41
10,High,32,0,0,147.55,157.29,28,150.71
10,Medium,22,1,0,165.59,169.95,31,160.69
19,Low,24,1,0,166.42,178.75,28,160.66
15,High,14,0,0,116.05,181.84,45,154.95
9,Medium,38,1,0,142.12,135.57,20,138.65
22,Low,34,1,0,134.54,139.08,7,127.33
19,Medium,17,1,0,181.33,134.76,43,159.39
22,Medium,27,0,0,137.03,153.96,10,138.42
17,High,33,0,0,140.38,135.08,25,144.44
9,Low,25,1,0,158.02,167.31,25,151.68
18,Medium,17,1,0,158.79,148.58,48,153.64
7,Low,38,1,0,179.88,187.66,7,162.35
6,Medium,19,1,0,146.03,178.08,6,150.89
10,High,21,0,0,137.49,172.08,42,155.13
23,Medium,22,0,0,163.66,169.77,7,157.39
13,High,36,0,0,173.26,127.57,19,150.96
9,High,25,0,0,194.41,130.44,40,164.33
11,Low,31,1,1,164.46,153.09,10,142.76
6,Medium,36,0,0,154.26,184.46,5,152.91
15,High,37,0,0,125.65,131.11,25,132.03
8,Low,35,1,0,193.95,152.31,20,159.28
13,Medium,36,0,1,169.8,176.6,17,158.64
8,Low,37,1,0,128.2,145.79,19,128.18
7,Low,38,1,0,151.77,185.41,6,149.73
23,Low,29,1,0,159.82,185.76,3,149.27
8,High,15,0,0,132.35,128.7,56,142.38
1,Low,15,1,0,173.6,165.07,3,156.73
9,Low,33,1,0,167.03,134.46,21,143.02
12,Medium,20,1,0,133.7,153.67,20,140.58
2,Low,33,1,0,194.18,183.36,9,162.2
7,Low,37,1,0,190.89,129.77,9,148.12
3,Low,29,1,0,136.24,185.93,3,141.45
12,Low,32,1,0,150.34,189.64,19,149.92
17,Medium,19,1,1,186.58,168.57,34,172.38
23,Medium,23,0,0,147.5,148.16,10,141.95
9,Medium,38,1,0,191.39,141.32,23,157.66
20,High,34,0,0,131.03,153.12,15,142.79
5,Low,17,1,0,172.92,136.69,3,145.34
18,High,37,0,0,162.96,126.3,35,152.7
13,Low,25,1,0,142.69,129.08,25,132.16
18,Medium,34,1,0,172.42,168.13,16,161.08
18,Medium,26,1,0,116.94,126.35,31,128.71
12,Low,28,1,0,133.47,144.6,12,129.78
6,Medium,16,1,0,135.9,168.97,11,145.85
12,High,21,0,0,124.4,136.36,31,139.29
19,Low,31,1,0,117.72,146.6,17,125.79
23,Medium,34,0,0,143.24,127.04,6,133.11
22,Medium,14,1,0,132.46,132.31,8,133.32
4,High,14,0,0,125.63,139.69,5,138.53
14,High,30,0,0,127.58,133.2,18,135.81
2,Low,24,1,0,181.1,155.68,3,152.54
16,Medium,34,1,0,122.59,133.25,21,128.58
23,Medium,13,1,0,172.99,144.84,3,153.71
1,Medium,21,0,0,119.32,172.03,8,139.61
15,High,12,0,1,118.25,167.5,37,149.65
22,Medium,31,0,0,150.38,149.89,3,141.47
20,Low,35,1,0,145.55,185.52,7,149.08
9,High,16,0,0,158.66,176.17,61,167.12
2,Medium,20,0,0,171.21,164.47,3,156.75
22,Low,34,1,0,139.78,153.39,10,132.36
22,Medium,13,1,1,130.55,128.9,8,129.16
13,Low,37,1,0,180.77,151.84,10,149.29
23,Medium,35,0,0,128.22,160.44,3,135.31
0,High,16,0,0,178.88,189.42,3,174.82
14,Medium,15,1,1,161.97,186.85,23,163.09
0,Medium,30,0,0,138.15,132.29,3,131.79
22,Medium,12,1,0,140.14,188.65,7,153.77
16,High,25,0,0,144.65,174.05,37,158.87
21,High,13,0,0,162.29,169.33,27,165.79
13,High,26,0,0,193.37,183.73,20,174.47
1,Medium,21,0,1,140.46,146.13,3,139.85
0,Medium,31,0,0,190.35,150.95,3,155.41
8,High,35,0,0,131.41,181.61,24,151.89
17,Medium,25,1,0,124.04,131.76,44,134.17
3,Low,29,1,1,157.57,171.1,3,144.2
20,High,28,0,0,193.12,177.64,17,174.43
5,Low,38,1,0,153.79,182.53,4,147.01
11,High,18,0,1,178.99,139.25,34,160.38
4,High,18,0,0,152.8,169.15,4,159.21
11,High,22,0,0,183.0,130.57,33,160.81
10,Medium,31,1,0,180.02,180.96,14,163.48
0,Low,35,1,0,169.9,156.32,3,146.57
13,Low,19,1,0,164.23,165.57,12,152.6
18,High,14,1,0,156.45,180.34,51,168.33
22,Low,28,1,0,191.54,157.89,3,156.64
7,High,28,0,0,159.59,158.06,17,157.26
21,High,22,0,0,141.97,155.2,14,148.39
21,High,16,0,0,185.58,164.05,13,171.73
23,Medium,34,0,0,167.8,171.63,3,155.24
8,Low,34,1,0,159.65,177.34,16,151.92
20,High,32,0,0,169.57,126.94,16,150.66
13,Medium,27,0,0,142.91,147.63,21,142.96
1,Medium,19,0,0,148.67,153.11,3,144.34
6,Low,22,1,0,130.65,131.42,12,125.71
16,Medium,13,1,0,183.4,173.86,46,174.65
3,Low,18,1,0,168.25,158.99,3,149.25
10,Medium,24,1,0,180.94,125.12,28,151.44
18,Low,23,1,0,140.39,166.04,39,145.85
3,Low,14,1,0,194.63,147.04,3,159.55
11,Low,37,1,0,143.58,172.25,16,142.41
5,Low,19,1,0,143.3,136.68,6,134.12
12,Medium,25,0,0,191.85,125.08,20,155.92
5,Low,24,1,0,167.41,130.64,3,137.38
23,Medium,24,0,0,189.68,153.63,8,163.72
1,Medium,34,0,0,164.85,173.62,3,153.02
23,Medium,32,0,0,134.72,164.25,3,142.79
19,Medium,35,1,0,146.26,125.97,21,133.51
20,High,22,0,0,183.71,163.45,23,169.88
20,High,19,0,0,154.16,156.34,33,155.61
4,Medium,23,0,0,171.72,176.78,3,163.22
22,Low,27,1,0,128.32,141.68,3,124.29
14,Medium,21,0,0,146.98,171.73,29,152.59
23,Low,24,1,0,182.16,166.07,6,155.43
21,Low,16,1,0,190.28,165.49,12,164.8
13,Low,27,1,0,140.94,151.36,16,136.99
8,High,31,0,0,128.81,125.84,23,133.82
2,Medium,26,0,1,116.87,137.2,6,124.81
2,Low,35,1,0,125.19,179.88,3,134.73
9,High,38,0,0,181.85,165.09,27,167.8
19,High,36,0,0,151.45,162.58,27,155.88
12,High,14,0,0,138.33,159.17,30,152.91
11,High,35,0,0,177.05,130.0,19,154.37
5,Medium,21,0,0,178.48,147.6,3,156.88
13,High,24,0,0,143.97,165.24,22,154.59
15,High,23,0,0,187.11,133.16,36,162.2
23,Low,19,1,0,152.05,184.86,3,150.25
17,Medium,35,1,0,135.9,129.72,22,135.04
14,Low,29,1,0,186.98,169.19,12,158.69
21,Medium,38,0,1,127.24,144.58,12,132.27
10,Low,37,1,0,194.68,181.14,24,165.48
22,Medium,23,0,0,164.06,178.74,5,160.67
8,Medium,31,0,0,188.23,146.66,28,159.86
3,Low,25,1,0,129.31,155.04,3,131.81
10,High,25,0,0,146.13,187.34,43,165.18
3,Medium,31,0,0,184.86,164.51,3,161.1
2,Low,30,1,0,181.97,125.39,3,141.22
21,Medium,36,0,0,184.75,175.52,15,165.92
19,High,32,0,1,137.44,148.49,18,144.42
5,Low,28,1,0,164.41,142.93,3,140.19
20,High,36,0,0,146.17,179.09,22,155.31
1,Low,14,1,0,140.66,187.89,4,148.68
6,High,32,0,0,156.61,129.03,6,143.41
16,High,22,0,0,172.2,150.37,44,164.76
7,High,23,0,0,156.48,143.18,19,152.24
17,High,33,0,0,133.44,183.35,44,157.36
20,High,19,0,0,179.6,181.4,23,174.46
1,Low,35,1,1,193.22,183.57,4,162.55
0,Medium,25,0,0,144.03,127.77,3,133.84
22,Low,21,1,1,182.94,128.26,16,145.41
12,Medium,20,1,0,184.11,160.84,13,163.91
12,High,23,0,0,135.84,135.85,24,142.04
11,Low,37,1,0,171.42,132.32,20,141.57
10,High,14,0,0,190.07,141.92,53,168.76
16,High,25,0,0,174.19,171.11,44,169.99
13,Low,34,1,0,117.4,168.66,10,132.47
3,Medium,24,0,0,163.36,176.04,3,156.93
15,Low,27,1,0,177.28,129.08,24,145.39
16,Low,21,1,0,164.45,174.82,32,158.76
2,Medium,15,1,0,117.3,156.89,8,134.94
9,High,29,0,0,124.61,145.34,35,138.82
18,Medium,36,1,0,179.13,164.67,34,163.93
14,Low,26,1,0,154.04,176.97,12,149.85
3,Medium,23,0,0,191.64,131.75,3,153.61
0,High,15,0,1,148.2,177.47,3,155.31
13,High,37,0,1,180.74,162.01,7,162.06
11,Medium,35,1,0,117.84,165.3,18,132.57
23,Low,36,1,0,182.28,182.13,3,158.07
12,Low,21,1,0,183.72,171.15,13,160.6
22,Medium,28,0,0,143.97,162.93,3,144.79
5,High,23,0,0,139.76,146.84,3,144.36
10,High,18,0,1,187.79,158.17,45,170.83
3,Low,17,1,1,177.22,179.38,3,158.78
13,High,22,0,0,162.84,189.71,24,167.87
4,Low,26,1,0,149.91,174.15,3,145.13
11,Medium,15,1,0,187.97,176.36,27,171.64
8,Medium,30,1,0,174.78,170.46,27,160.94
4,Medium,24,0,0,148.35,174.85,3,152.51
2,Medium,35,0,0,154.74,140.81,4,140.56
12,Low,19,1,0,122.87,152.55,18,131.36
22,High,13,0,0,179.86,161.14,18,167.59
4,Low,20,1,0,182.34,160.72,3,156.33
9,High,38,0,0,143.45,163.82,34,152.14
5,Medium,20,0,1,139.77,188.28,3,151.61
19,Medium,31,1,0,135.18,180.59,29,149.29
9,Low,34,1,0,128.88,178.81,24,141.33
23,High,19,0,0,190.82,178.97,3,174.13
5,Low,29,1,0,175.72,176.57,3,154.5
1,High,17,0,0,149.67,169.15,4,157.34
13,High,21,0,1,123.81,141.68,24,139.97
15,Medium,19,1,0,126.15,180.62,30,147.68
23,Medium,30,0,0,171.78,143.18,4,148.33
20,Medium,35,0,0,131.25,172.12,14,144.69
21,High,18,0,0,142.83,132.21,20,145.46
15,Medium,19,1,0,191.56,160.57,24,168.39
8,High,34,0,0,161.5,145.72,26,153.45
10,High,24,0,0,179.67,170.79,36,170.2
3,Medium,25,0,0,123.31,180.59,3,141.77
10,Low,31,1,0,141.43,126.01,17,128.58
8,High,15,0,1,186.65,132.43,39,165.64
0,Medium,35,0,0,179.84,185.16,3,164.58
4,Medium,21,0,0,172.88,140.55,3,150.89
12,Medium,29,0,0,161.99,172.5,20,157.06
8,High,23,0,0,136.52,177.82,36,155.74
23,Low,32,1,0,161.84,173.14,3,146.64
11,Medium,28,0,0,119.06,127.09,23,127.39
23,High,16,0,0,131.18,172.8,5,151.93
15,Medium,17,1,0,156.46,187.5,35,163.43
0,Medium,35,0,0,115.16,148.97,3,129.56
4,Medium,26,0,0,133.58,171.17,4,140.86
16,High,19,0,0,127.18,142.97,57,147.09
13,Medium,15,1,0,142.64,189.83,21,155.67
7,Medium,15,1,0,183.67,138.54,18,158.02
12,Low,36,1,0,190.79,144.86,7,152.14
21,Medium,38,0,0,128.2,135.91,14,130.0
9,High,22,0,0,133.49,187.09,50,157.84
1,High,17,0,0,182.75,162.14,3,166.12
7,Medium,23,1,0,128.81,141.05,15,131.14
22,High,15,0,0,174.31,133.74,17,157.1
18,High,26,0,0,121.84,181.86,43,153.77
20,Medium,28,0,1,166.86,129.07,16,145.81
21,Low,38,1,0,136.26,166.81,8,137.34
2,Low,20,1,0,174.96,164.66,3,154.64
6,Medium,17,1,0,156.55,175.17,8,157.03
1,High,15,0,0,129.31,169.32,3,148.17
0,Low,22,1,0,147.18,179.37,5,147.46
20,Low,28,1,0,156.15,127.47,11,135.18
22,Low,13,1,0,194.68,152.97,3,159.77
3,Low,32,1,0,153.43,130.26,3,131.82
17,Medium,24,1,0,127.1,151.34,33,139.79
12,Low,33,1,0,159.42,161.45,4,143.25
1,Medium,24,0,0,132.62,163.6,4,143.07
21,Medium,16,1,0,185.37,185.11,15,171.36
20,High,12,0,1,181.73,184.91,28,177.5
13,High,27,0,0,125.29,145.14,18,137.29
16,High,26,0,0,162.07,170.44,43,166.19
9,Medium,33,1,0,170.72,171.33,24,157.29
19,Medium,35,1,0,135.13,187.21,14,149.72
10,Medium,16,1,0,165.11,130.46,33,149.59
23,Low,20,1,0,152.02,165.11,7,148.02
1,Low,17,1,0,153.57,151.47,3,140.63
4,Low,14,1,0,159.1,147.58,4,143.09
23,High,12,0,1,160.61,165.14,3,160.3
6,High,14,0,0,171.78,143.17,15,159.47
7,High,26,0,0,151.19,127.33,24,143.74
18,Medium,16,1,0,172.81,175.56,46,169.3
4,Low,17,1,0,153.87,130.64,3,137.35
12,Medium,15,1,0,168.03,146.33,19,154.08
6,Medium,31,0,0,136.05,163.67,8,140.1
4,Medium,29,0,0,158.34,165.54,8,149.86
23,Low,37,1,0,152.44,168.31,3,141.3
4,Low,15,1,0,139.18,189.64,3,150.37
2,High,17,0,0,119.98,151.09,10,140.51
16,High,24,0,0,155.82,133.94,39,153.09
20,Low,29,1,0,115.78,133.97,15,119.32
3,High,15,0,0,146.19,158.17,3,153.17
16,High,17,0,0,144.65,149.94,59,154.52
12,High,23,0,0,165.7,184.36,35,168.7
19,High,12,0,0,193.99,158.21,63,181.22
3,Medium,22,0,0,183.64,154.38,3,157.19
23,Medium,32,0,0,193.01,181.05,3,168.08
14,High,26,0,0,191.07,176.75,22,174.71
20,Low,23,1,0,120.93,171.4,14,137.08
8,High,25,0,0,137.56,159.28,29,149.13
22,Low,37,1,0,138.76,140.25,3,127.31
15,High,26,0,0,120.68,161.89,26,143.77
3,Low,26,1,0,182.73,132.52,3,145.33
22,Medium,37,0,0,186.63,159.89,10,159.96
19,Medium,16,1,0,163.4,180.34,33,166.45
7,Medium,14,1,0,186.28,158.48,25,166.48
13,Low,24,1,0,172.15,129.45,8,141.92
9,Medium,20,1,0,150.24,127.04,32,141.64
13,Medium,17,1,0,126.99,180.93,10,147.56
23,Medium,15,1,0,191.68,139.58,15,158.29
21,Low,35,1,0,170.38,159.17,7,146.48
5,Medium,28,0,0,143.33,175.49,3,145.98
23,Low,30,1,0,125.29,141.46,5,124.18
10,Medium,15,1,0,178.92,172.93,49,171.38
16,Medium,21,1,0,179.16,129.89,32,154.18
18,Medium,28,1,0,158.44,173.66,25,158.8
11,High,26,0,0,195.0,129.16,35,164.07
10,Medium,30,1,0,145.91,143.01,14,138.22
10,Low,30,1,0,190.37,141.69,26,153.67
20,Low,23,1,1,165.42,182.94,13,157.83
9,High,33,0,0,173.91,159.74,32,162.9
6,Low,19,1,0,188.37,179.8,4,164.97
8,High,14,0,0,181.49,162.85,65,175.49
4,Medium,36,0,0,138.09,177.45,3,144.64
9,Medium,12,1,0,184.38,160.84,43,168.31
2,High,19,0,0,158.18,154.24,4,154.54
2,Low,15,1,0,118.59,167.77,3,136.34
17,Medium,18,1,0,168.91,143.62,49,159.09
1,High,22,0,0,154.98,184.72,3,162.0
13,High,15,0,0,157.93,184.03,32,168.65
18,High,24,0,0,147.92,129.73,49,148.06
17,Medium,37,1,0,120.13,184.59,22,146.04
10,Medium,15,1,0,129.42,136.82,34,137.37
4,Low,37,1,0,175.52,169.28,4,150.99
22,Medium,23,0,0,133.74,178.5,5,146.71
20,High,27,0,0,165.22,140.68,19,154.59
14,High,23,0,0,158.35,132.32,29,152.05
2,Medium,20,0,0,132.71,174.15,6,145.11
0,Low,14,1,0,137.45,153.76,3,139.23
7,Medium,28,0,0,145.69,156.63,21,145.28
3,Low,36,1,0,185.41,174.52,3,157.63
20,Medium,26,0,0,190.3,141.5,20,160.59
4,Low,28,1,0,145.94,131.31,5,128.16
6,Low,29,1,0,118.69,187.25,3,134.55
23,Low,22,1,0,163.07,170.48,3,149.73
19,High,15,0,0,148.41,167.39,53,163.37
5,Medium,25,0,0,154.39,146.64,3,145.46
9,High,35,0,0,150.36,189.72,36,166.53
12,High,20,0,0,167.37,139.47,19,156.84
15,High,35,0,0,139.36,136.58,29,140.41
22,Low,35,1,1,186.41,145.69,5,149.39
20,Low,18,1,0,148.7,173.03,19,150.62
23,Low,27,1,0,142.33,140.41,3,130.38
0,Medium,32,0,0,188.84,145.33,3,154.5
5,Medium,25,0,0,143.65,159.43,6,144.14
13,High,30,0,0,121.65,167.25,17,143.38
1,Medium,36,0,0,127.43,134.7,3,128.68
8,Medium,28,1,0,172.14,167.55,17,159.9
3,Medium,34,0,0,159.99,149.77,4,147.23
22,Low,33,1,0,157.77,147.5,3,138.18
1,Medium,33,0,0,121.56,130.14,3,120.59
3,Medium,35,0,0,128.13,188.31,3,143.38
4,Medium,18,0,0,146.7,170.05,3,149.65
3,High,12,0,0,150.84,131.49,3,149.74
13,High,16,0,0,145.13,148.81,24,152.46
8,High,18,0,1,155.22,130.2,36,150.11
21,Low,30,1,0,173.68,160.2,3,148.33
6,Low,25,1,0,165.86,170.51,11,152.3
12,High,24,0,1,163.9,128.68,16,147.74
15,High,12,0,1,159.62,184.94,39,169.77
15,Low,30,1,0,131.07,149.32,16,130.06
19,High,21,0,0,163.37,140.26,40,158.14
4,Low,32,1,0,127.68,133.44,3,120.4
12,High,15,0,0,172.03,134.47,33,160.12
19,Medium,19,1,0,151.18,180.24,41,159.47
20,Medium,13,1,1,161.52,156.2,23,153.47
14,Low,19,1,0,184.02,176.9,28,164.41
15,Low,36,1,0,144.85,139.76,10,133.04
20,High,25,0,0,122.98,145.67,21,138.82
14,High,23,0,0,186.31,151.82,26,168.16
22,High,19,0,0,144.2,154.54,15,149.72
3,Low,19,1,0,147.52,131.35,5,132.42
8,Medium,30,1,1,138.68,127.93,15,131.62
2,Medium,38,0,0,148.61,189.73,3,152.5
2,Medium,32,0,0,156.68,168.33,3,150.46
11,Low,31,1,0,182.46,128.56,17,145.31
5,Medium,24,0,1,172.61,175.22,3,158.83
9,Medium,14,1,0,156.06,148.47,43,151.59
10,High,31,0,0,176.11,176.77,30,168.26
14,High,33,0,0,182.82,186.74,23,173.43
22,Low,25,1,0,119.65,126.73,3,120.55
20,Medium,14,1,0,162.38,187.68,25,164.15
9,High,31,0,0,118.46,135.77,38,132.79
7,High,36,0,0,139.65,144.32,23,143.73
18,High,18,0,1,175.99,165.75,51,173.24
2,Low,16,1,1,178.3,171.54,3,157.55
12,High,31,0,0,185.71,136.07,19,159.05
10,Medium,20,1,1,154.86,133.89,26,145.4
4,Low,31,1,0,121.73,143.63,3,123.22
14,Low,30,1,0,125.14,146.16,5,125.96
7,High,19,0,0,134.54,145.68,25,146.08
4,Low,13,1,0,144.77,136.14,3,137.42
15,Low,27,1,0,157.12,188.1,14,154.54
4,Medium,23,0,0,166.67,176.87,3,159.79
16,Low,35,1,0,128.0,188.7,25,143.59
3,Low,21,1,0,130.12,131.74,3,124.32
10,High,18,0,1,128.84,129.91,31,140.25
19,Low,35,1,0,175.39,159.84,18,155.02
5,Medium,31,0,0,139.17,164.94,3,143.03
18,High,28,0,0,128.34,166.29,43,149.14
17,Medium,37,1,0,149.51,131.06,23,142.66
21,Medium,33,0,0,134.8,179.85,3,146.42
4,Low,35,1,0,144.54,156.83,4,136.44
17,High,33,0,0,180.92,148.93,39,164.72
22,Medium,22,0,0,141.71,157.79,4,145.39
18,Medium,13,1,0,128.99,127.63,47,140.07
4,Medium,28,0,0,133.6,138.98,3,131.15
19,Medium,32,1,0,117.75,189.9,15,144.36
2,Medium,38,0,0,187.09,160.92,3,158.51
14,High,30,0,0,170.76,130.11,19,151.06
11,High,27,0,0,152.07,144.03,34,152.25
12,High,27,0,0,159.87,137.01,20,149.81
12,High,15,0,0,135.33,185.11,41,159.4
0,High,12,0,1,147.3,177.4,3,157.54
12,High,13,0,0,140.59,160.55,31,155.27
22,Low,36,1,0,180.96,186.87,3,158.78
10,High,33,0,0,174.47,149.24,23,157.23
6,Medium,19,1,1,137.71,181.22,11,147.11
23,Low,23,1,0,175.98,155.39,4,151.24
2,Low,25,1,0,122.51,180.16,3,136.82
11,Medium,18,1,1,131.21,183.54,26,149.19
12,Low,23,1,0,123.51,155.09,23,132.8
11,Low,21,1,0,134.06,136.57,15,131.71
22,Low,30,1,0,133.1,137.5,8,124.2
10,Low,32,1,1,187.04,143.78,23,154.18
23,High,14,0,0,141.19,139.49,3,144.05
1,Low,24,1,0,143.42,150.24,3,135.59
17,High,38,0,0,122.98,157.93,33,144.47
14,High,35,0,0,120.28,130.66,22,130.83
5,Low,33,1,0,132.55,184.13,3,140.65
5,Low,31,1,0,125.76,125.16,3,118.39
17,Medium,12,1,0,142.57,133.99,59,147.08
15,High,38,0,0,129.88,125.55,30,134.18
14,Low,31,1,0,129.25,189.12,12,142.18
1,Low,35,1,0,166.8,151.69,3,141.23
14,Medium,36,0,0,190.37,137.74,17,157.25
23,Medium,18,1,0,116.0,132.71,8,125.4
0,Medium,12,1,1,171.44,149.08,3,153.04
11,Low,29,1,0,167.74,188.43,16,155.65
11,High,24,0,0,161.8,160.67,25,159.48
21,High,12,0,1,170.38,148.02,9,160.64
6,High,19,0,0,155.7,148.7,7,153.55
11,Low,38,1,0,189.15,132.63,12,146.11
17,Medium,21,1,1,127.66,158.61,39,143.16
1,Medium,19,0,0,152.88,152.57,3,149.19
19,Low,29,1,1,167.24,172.38,19,151.88
19,High,29,0,0,187.7,137.48,27,165.48
17,Medium,20,1,0,153.99,133.93,39,148.69
15,High,34,0,0,193.16,162.79,24,171.03
17,Medium,27,1,0,167.52,173.23,38,162.62
18,High,16,0,0,170.94,157.34,77,169.82
21,High,20,0,0,180.46,176.35,15,173.08
10,Medium,34,1,0,173.71,179.67,19,162.11
10,Medium,14,1,0,156.81,184.58,41,163.82
15,High,12,0,0,176.81,149.58,61,170.18
4,Low,29,1,0,117.86,183.78,3,133.36
20,High,23,0,0,189.62,171.09,29,173.41
18,High,18,0,0,180.85,165.62,63,176.13
15,Medium,24,1,0,166.01,161.0,19,156.38
7,High,16,0,0,120.5,126.28,40,135.77
8,Medium,22,1,0,138.59,161.42,28,144.07
10,High,18,0,0,135.29,175.63,50,159.13
15,High,27,0,0,135.56,189.24,30,157.64
18,Medium,30,1,0,168.77,153.15,22,154.78
16,Medium,36,1,0,185.09,189.36,19,172.01
22,Medium,13,1,1,169.53,136.12,3,148.69
23,Low,20,1,0,146.1,187.28,6,147.25
16,Medium,19,1,0,192.54,163.33,39,171.4
8,High,27,0,0,184.01,168.07,29,171.07
14,Low,26,1,0,169.83,162.29,25,151.28
10,Medium,35,1,0,146.8,188.89,19,153.61
15,Medium,36,1,0,169.71,127.88,16,144.45
19,Low,32,1,0,147.64,151.68,25,140.4
8,High,17,0,0,127.41,181.89,45,156.47
12,High,13,0,0,164.51,135.86,32,158.05
1,Medium,36,0,0,170.85,162.02,3,154.46
17,High,37,0,0,142.94,159.03,30,155.93
11,High,18,0,0,189.34,177.48,36,180.32
11,High,13,0,0,183.34,184.69,53,179.4
12,Low,30,1,0,161.63,141.82,20,139.59
5,Low,27,1,0,119.82,170.05,5,131.57
14,Low,35,1,0,116.38,160.6,18,125.76
17,High,27,0,0,166.19,168.08,48,167.49
8,Medium,32,1,0,180.1,138.02,16,150.65
3,Medium,33,0,0,155.03,142.72,8,141.51
9,High,12,0,0,116.88,160.74,63,148.92
4,Low,16,1,0,126.59,125.19,5,122.18
8,Low,33,1,0,131.9,171.57,16,141.37
15,Medium,16,1,1,165.22,135.5,23,149.51
2,High,17,0,0,153.88,185.53,4,165.03
17,High,32,0,0,123.18,180.94,46,150.52
5,Medium,17,1,0,155.13,165.52,8,150.94
21,High,16,0,0,184.56,182.92,17,177.63
17,Medium,12,1,0,150.13,189.17,57,166.68
6,Medium,24,0,1,126.98,175.37,14,143.76
13,High,29,0,0,161.24,165.73,24,158.57
2,Low,31,1,0,189.35,154.2,3,151.11
2,Low,36,1,0,124.27,177.88,3,134.65
22,Medium,29,0,0,127.51,170.79,3,140.31
19,High,32,0,0,160.35,155.72,26,155.57
3,Medium,17,0,0,142.2,157.5,3,146.31
6,Low,21,1,0,186.64,139.88,3,152.33
4,Low,20,1,0,172.02,176.26,3,155.93
9,High,13,0,0,126.77,182.09,63,158.87
6,Medium,38,0,1,184.66,126.07,10,149.08
7,Medium,18,1,0,166.38,132.27,17,146.05
12,High,24,0,0,154.49,189.43,19,164.0
4,Low,21,1,0,135.52,136.58,3,128.68
21,Medium,13,1,0,166.98,172.87,13,162.2
17,Medium,36,1,0,186.88,156.25,33,163.09
18,High,17,0,0,118.08,158.89,72,151.94
4,Low,14,1,0,145.01,132.04,3,133.79
16,Medium,21,1,0,189.85,133.96,31,159.12
20,High,15,0,1,145.63,162.56,29,157.87
4,Low,38,1,0,117.87,149.55,3,122.91
18,Medium,17,1,1,123.12,176.84,37,149.26
8,High,20,0,0,170.26,188.18,36,173.54
18,High,19,0,0,171.01,177.8,57,174.88
11,Medium,12,1,0,124.2,151.38,37,140.89
19,Medium,12,1,0,132.54,156.34,42,147.03
3,Low,25,1,0,160.11,135.18,3,138.92
9,Medium,18,1,0,169.92,170.22,36,163.65
6,Medium,14,1,0,127.54,154.08,21,139.13
5,Low,19,1,0,151.51,180.73,3,149.36
7,Low,19,1,0,159.96,167.38,22,150.18
9,Medium,23,1,0,118.98,136.09,35,131.47
3,Medium,38,0,0,132.9,151.71,7,134.41
16,High,20,0,0,188.51,169.0,48,177.52
13,High,31,0,0,185.4,180.76,9,174.29
19,Low,32,1,0,140.8,147.8,14,134.16
16,Medium,13,1,0,184.44,168.52,49,172.24
3,Medium,25,0,1,165.6,136.28,10,143.28
1,Medium,24,0,0,193.53,183.81,4,170.99
10,High,25,0,0,192.3,162.39,34,172.77
11,High,16,0,1,164.36,174.96,38,165.73
5,Low,24,1,0,152.43,150.8,3,139.61
18,High,15,0,0,126.38,186.14,69,163.6
13,High,37,0,0,157.43,171.81,14,157.86
17,High,27,0,0,146.86,134.99,43,150.29
2,Low,12,1,0,166.65,160.76,3,154.44
19,Medium,25,1,0,122.16,142.66,31,134.48
4,Low,37,1,0,181.79,179.17,3,153.78
10,Low,32,1,1,192.37,175.88,8,163.13
10,Medium,19,1,0,131.75,157.15,36,140.21
19,Medium,36,1,0,165.62,144.63,14,148.44
6,Low,17,1,1,179.16,180.42,5,159.6
5,Medium,18,0,0,159.35,180.28,5,160.12
8,High,16,0,1,189.83,157.84,38,172.17
8,High,36,0,0,155.95,171.62,24,159.05
4,Low,31,1,0,136.64,143.56,3,128.8
4,Low,25,1,0,152.73,147.68,3,136.47
5,Low,30,1,0,154.03,186.36,3,148.23
11,High,18,0,0,135.3,172.86,26,151.81
8,Medium,13,1,0,177.96,129.69,38,154.03
9,Low,34,1,0,164.42,154.75,28,148.83
17,Low,38,1,0,144.63,150.72,29,140.03
5,Low,12,1,0,148.73,140.01,3,138.81
21,Medium,13,1,0,144.74,189.67,14,156.44
18,High,27,0,0,150.83,133.83,47,148.37
4,High,13,0,0,157.25,145.43,3,153.05
7,Medium,31,0,0,141.47,180.17,22,149.95
4,Medium,37,0,0,180.45,133.6,3,148.44
6,Low,19,1,0,189.27,149.45,9,157.68
8,High,19,0,0,156.82,166.22,52,161.84
3,Medium,35,0,0,171.91,146.9,3,149.39
0,Medium,21,0,0,189.44,151.57,3,160.91
10,Medium,18,1,0,130.36,160.76,37,145.3
16,High,14,0,0,130.18,186.92,66,160.88
7,Low,34,1,0,120.81,181.61,19,136.13
20,Low,36,1,0,150.37,132.28,3,133.35
8,High,14,0,0,141.49,162.01,57,156.4
21,Low,33,1,0,159.84,167.46,3,145.34
5,Low,16,1,0,151.09,146.17,3,141.02
12,Medium,15,1,0,130.22,142.17,22,136.83
18,High,22,0,1,146.29,163.85,50,157.94
1,Low,23,1,0,117.31,151.97,3,124.02
22,Medium,35,0,0,157.99,183.83,9,157.83
8,High,30,0,0,136.68,135.63,23,139.61
11,Medium,15,1,0,123.99,127.67,28,130.2
15,High,27,0,0,120.27,183.48,29,147.39
15,Low,35,1,0,172.16,183.25,23,157.37
0,Low,29,1,0,134.79,152.09,4,130.34
20,Low,18,1,0,167.7,174.0,21,157.39
14,High,15,0,0,180.24,179.97,39,176.82
23,Low,24,1,0,155.0,141.57,8,138.07
11,Low,24,1,0,125.64,167.54,22,136.22
14,Medium,21,1,0,164.16,172.91,16,158.21
10,High,14,0,0,120.73,148.24,59,147.07
21,High,15,0,0,180.37,186.49,16,177.3
19,High,26,0,0,175.92,187.86,33,175.4
21,High,37,0,0,147.17,156.64,5,147.27
12,High,28,0,1,136.53,129.94,18,137.28
18,High,23,0,0,171.76,184.73,56,176.37
8,Low,37,1,0,160.38,158.99,14,146.35
11,High,30,0,0,126.61,134.02,16,135.47
18,Medium,31,1,0,175.73,172.59,34,164.43
1,Medium,27,0,0,141.72,169.66,5,143.6
17,Medium,32,1,1,186.51,134.09,22,155.78
0,Low,25,1,0,181.36,142.87,3,146.21
13,Medium,28,0,0,137.07,181.18,16,149.75
11,Medium,28,0,1,135.42,188.02,19,148.33
11,Low,32,1,0,146.83,151.34,14,137.32
11,Low,36,1,0,179.36,133.75,18,145.24
11,High,19,0,0,125.45,147.88,29,141.79
9,Low,30,1,0,140.28,158.0,17,138.31
10,High,12,0,1,167.73,144.53,44,163.34
13,Low,26,1,0,117.68,164.73,18,130.01
18,Medium,36,1,0,119.47,125.52,25,127.58
13,High,29,0,0,175.97,178.07,13,167.74
15,High,19,0,0,156.79,179.9,39,165.32
20,Low,28,1,0,159.61,175.93,10,150.67
23,Low,21,1,0,134.91,144.72,3,131.03
2,Low,23,1,0,157.54,166.1,6,145.87
17,Medium,18,1,0,158.6,148.74,46,153.52
5,Medium,28,0,0,148.1,150.3,7,140.45
4,Low,17,1,0,192.15,171.09,3,165.23
19,High,23,0,0,118.94,179.83,43,152.1
1,Low,37,1,0,148.19,179.01,3,143.3
20,High,32,0,0,183.6,140.02,27,160.55
18,High,23,0,0,131.5,167.77,46,152.97
23,Low,38,1,0,189.8,142.36,11,148.66
16,Medium,12,1,1,149.04,165.85,38,156.22
20,Medium,37,1,0,127.53,148.87,10,131.93
2,Medium,21,0,0,122.45,176.35,4,140.87
21,Medium,34,0,0,141.17,185.94,4,151.63
3,Low,37,1,1,188.58,143.85,4,146.93
7,Low,28,1,0,190.13,181.47,17,164.57
3,Low,28,1,0,160.06,173.1,3,147.25
9,High,32,0,0,124.46,161.79,32,145.27
17,Medium,18,1,1,151.53,159.12,47,155.63
6,High,16,0,0,148.42,145.75,20,150.55
19,Medium,21,1,0,133.49,138.21,27,137.03
14,Low,24,1,0,121.08,130.42,21,124.3
15,High,32,0,0,145.53,171.31,20,156.01
22,Low,18,1,0,144.75,139.46,3,138.15
10,Low,27,1,1,171.32,157.2,21,151.57
8,Medium,12,1,0,146.54,182.84,35,158.79
23,Medium,12,1,0,116.05,168.62,6,138.14
13,Medium,38,0,0,116.6,136.0,19,123.99
14,Low,34,1,0,170.0,172.74,21,152.02
7,Medium,35,0,0,167.86,138.96,20,146.58
5,Low,20,1,0,127.83,175.69,3,139.13
4,Medium,25,0,0,184.3,130.05,3,152.61
5,Low,30,1,0,168.01,134.21,8,140.68
4,Medium,18,0,0,127.32,185.72,3,152.01
17,High,32,0,0,138.01,143.22,30,147.01
1,Medium,30,0,0,192.89,134.79,3,153.45
15,Medium,22,0,0,147.62,138.97,39,144.93
22,Low,23,1,0,133.94,148.47,5,130.68
18,Medium,20,1,0,156.93,179.45,45,165.79
9,Low,33,1,0,131.44,134.91,21,124.7
1,Low,38,1,0,178.34,126.02,3,141.15
20,High,38,0,0,178.54,181.22,8,168.3
0,Low,32,1,1,179.07,144.48,3,143.56
16,High,21,0,0,164.38,130.0,50,152.85
16,Medium,33,1,0,170.52,126.8,16,147.76
4,High,18,0,0,140.71,183.47,6,158.0
17,High,36,0,0,185.31,159.0,33,169.11
4,Medium,19,0,0,126.53,164.68,3,142.59
5,Low,22,1,0,135.36,165.04,3,138.5
19,Medium,14,1,0,194.41,158.94,42,171.74
23,Medium,14,1,0,191.83,175.0,12,167.79
6,High,22,0,0,155.61,183.9,7,162.2
22,Medium,26,0,0,154.93,166.67,13,152.02
21,Medium,12,1,0,124.35,179.85,13,145.62
18,Medium,34,1,0,167.77,125.63,22,147.82
3,High,15,0,0,117.48,156.21,4,139.7
7,Low,38,1,0,140.15,164.26,18,137.96
16,High,19,0,0,148.47,138.08,46,151.88
23,Low,22,1,0,186.52,135.42,3,148.91
19,Medium,16,1,0,192.48,133.86,34,164.06
10,Low,34,1,0,192.92,143.51,22,156.67
5,Medium,31,0,0,178.91,178.52,7,162.36
23,Medium,14,1,0,138.2,126.8,6,132.35
6,High,14,0,0,118.63,164.16,17,146.06
8,High,28,0,0,149.05,129.43,32,143.9
23,Low,35,1,0,138.79,163.56,3,134.35
13,High,14,0,0,167.42,141.39,23,159.34
6,High,17,0,0,144.68,135.23,19,146.5
0,Low,26,1,0,186.26,155.28,5,152.35
10,High,14,0,0,144.92,140.02,61,153.14
23,Medium,20,0,0,145.24,149.59,3,144.28
10,High,12,0,0,175.73,166.15,63,174.18
16,Low,25,1,0,162.2,185.85,36,160.42
6,High,31,0,0,135.42,165.16,20,143.03
18,High,23,0,0,169.14,157.96,56,166.4
18,Medium,18,1,0,160.04,161.21,50,159.5
14,High,23,0,0,123.32,155.69,22,142.34
18,High,25,0,0,152.38,161.58,44,159.13
13,Medium,16,1,0,188.5,162.06,26,165.78
9,Medium,15,1,0,131.94,156.99,33,146.0
17,High,16,0,0,148.17,176.24,73,167.95
20,Low,38,1,0,137.08,150.4,17,133.31
20,Medium,31,0,0,157.95,132.06,19,141.45
5,High,15,0,0,193.01,166.8,5,175.5
16,Medium,20,1,0,139.79,176.75,36,154.72
0,Medium,23,0,0,181.63,175.7,3,166.18
13,High,16,0,0,182.06,141.39,40,163.63
13,Medium,34,0,0,135.75,167.06,21,147.85
8,Low,37,1,0,176.81,189.91,22,162.25
23,Medium,18,0,0,194.05,131.8,7,158.0
21,Medium,12,1,0,191.32,158.98,10,170.04
0,Medium,19,0,0,163.46,144.85,6,150.96
5,Low,27,1,0,127.14,176.43,3,135.68
4,Low,33,1,0,124.55,146.11,3,124.18
21,Low,21,1,0,136.35,172.68,12,143.11
12,High,19,0,0,163.11,135.43,29,154.05
17,Medium,18,1,0,145.9,129.35,54,142.63
19,High,12,0,0,170.92,131.77,53,162.37
18,Medium,12,1,0,178.02,141.92,56,164.81
2,Low,23,1,0,129.43,180.22,10,138.9
3,Medium,28,0,1,187.42,134.78,5,150.65
9,Medium,12,1,0,119.85,127.17,46,133.07
8,High,17,0,0,136.19,180.47,52,160.48
17,High,36,0,0,180.18,149.37,37,167.09
3,Medium,38,0,0,129.7,163.27,7,136.18
8,High,29,0,0,132.61,130.45,32,136.15
5,Low,26,1,0,193.05,183.98,3,164.41
4,Low,27,1,0,187.99,157.79,3,153.08
4,High,22,0,0,180.02,130.82,3,154.54
4,High,17,0,0,128.9,166.2,3,147.18
13,High,22,0,0,135.41,148.76,26,146.24
9,Low,30,1,0,133.81,147.97,25,131.96
10,Low,29,1,0,130.13,151.53,23,131.02
11,Low,30,1,0,192.64,158.03,12,156.76
17,High,28,0,0,128.28,165.26,41,148.65
20,Medium,13,1,0,174.74,134.52,22,154.85
12,Medium,28,0,0,119.08,174.03,19,139.87
15,High,35,0,0,158.5,126.76,22,147.62
17,Medium,29,1,0,120.67,170.45,34,140.65
16,High,27,0,0,119.94,136.91,33,137.53
3,Medium,18,0,0,133.42,154.04,3,141.58
23,Medium,33,0,0,189.05,161.5,12,159.04
3,Low,24,1,0,166.11,167.08,3,149.41
9,Medium,19,1,1,167.11,176.42,35,162.94
15,High,25,0,0,138.81,158.55,34,150.23
9,Medium,15,1,0,172.89,182.21,39,167.9
5,Medium,37,0,0,169.52,187.08,3,160.75
22,Low,30,1,0,151.93,188.44,3,145.39
1,High,20,0,0,169.61,145.77,3,156.71
5,Low,33,1,0,184.37,127.09,3,143.17
23,High,13,0,0,191.83,171.53,7,175.77
17,Medium,22,1,0,194.73,141.37,40,167.42
2,Medium,29,0,0,154.06,174.9,6,150.28
18,Medium,12,1,0,117.62,125.33,53,133.66
23,Low,31,1,1,133.33,175.52,3,134.8
2,Medium,34,0,0,130.75,129.56,3,130.45
9,High,28,0,0,139.04,182.16,37,156.54
11,High,17,0,0,143.84,167.34,30,159.79
3,Medium,32,0,0,168.49,135.51,6,144.64
4,Low,21,1,0,157.06,158.01,3,143.16
4,Medium,31,0,0,166.98,157.84,3,153.13
4,Low,28,1,0,192.75,182.14,3,162.93
9,High,14,0,0,118.93,159.6,60,148.06
11,High,14,0,0,116.15,160.78,37,146.61
5,High,12,0,0,168.24,145.73,3,160.96
6,Medium,13,1,0,158.7,172.35,7,156.81
4,High,20,0,1,153.62,128.27,3,144.83
19,High,12,0,1,183.27,187.92,48,182.8
5,Medium,37,0,0,127.71,164.41,3,136.14
21,High,36,0,0,160.89,179.97,5,159.32
12,High,16,0,0,189.55,175.77,34,176.38
19,Medium,20,1,0,150.67,139.18,37,146.44
15,Low,32,1,0,161.39,143.79,10,142.04
6,Medium,29,0,0,120.6,143.07,20,130.9
14,Low,27,1,0,142.93,139.66,11,134.32
6,Low,38,1,0,118.31,126.03,3,115.77
2,Low,29,1,0,160.79,178.75,8,148.27
6,Low,30,1,0,162.24,159.96,3,143.23
6,Medium,25,0,0,191.07,163.43,19,165.62
3,Low,26,1,0,166.07,156.96,3,144.99
0,Low,19,1,0,115.24,133.08,3,120.74
22,Medium,26,0,0,181.66,153.35,3,159.02
12,Medium,36,0,0,141.37,144.09,22,140.73
9,Medium,22,1,0,172.14,182.98,38,165.66
22,Low,15,1,0,136.12,170.58,4,143.29
5,Medium,28,0,0,175.82,135.57,3,149.51
9,Medium,33,1,0,189.2,170.62,24,165.25
20,Low,37,1,0,121.35,160.64,9,131.58
15,Low,26,1,0,158.55,130.31,27,136.97
9,High,33,0,1,158.23,129.52,24,147.98
6,High,18,0,0,137.92,134.58,14,142.27
0,Low,23,1,0,142.33,177.68,3,141.93
2,Low,23,1,0,169.09,178.95,3,154.08
3,Low,20,1,0,138.41,164.53,3,141.23
18,High,31,0,0,117.45,126.02,37,136.33
15,High,35,0,0,176.53,145.61,26,158.42
10,High,20,0,0,165.02,151.06,43,160.87
18,High,15,0,0,135.04,143.49,65,152.21
3,Low,34,1,0,191.92,162.77,3,155.65
5,Medium,34,0,0,186.87,129.04,10,152.46
9,High,37,0,0,192.15,126.3,26,159.86
22,Low,18,1,0,155.98,163.21,6,145.93
14,Low,31,1,0,133.81,142.19,3,128.46
20,Low,31,1,0,128.91,169.62,9,135.38
5,Low,33,1,0,190.88,175.54,3,160.35
20,Low,33,1,1,186.27,164.72,10,156.25
1,Low,37,1,0,174.27,189.33,3,157.37
5,Low,24,1,0,155.84,166.79,3,146.55
12,High,14,0,0,145.75,175.23,30,160.53
1,Medium,17,0,0,171.28,166.67,3,160.43
20,Medium,35,1,0,115.76,177.35,6,137.2
20,Low,34,1,0,156.94,150.39,7,140.27
12,High,12,0,0,169.29,153.23,40,164.78
7,High,21,0,0,175.3,146.79,24,162.54
2,Medium,18,0,0,151.09,162.47,3,150.91
14,Low,20,1,0,174.61,149.35,20,153.51
12,High,29,0,0,122.67,189.21,12,148.08
18,High,25,0,0,133.66,164.2,48,153.96
14,Medium,24,0,0,126.57,146.82,27,137.66
3,Low,23,1,0,142.19,158.03,8,137.76
2,Medium,29,0,0,142.54,175.74,3,146.35
18,High,30,0,0,144.92,177.4,37,157.96
3,Medium,13,1,0,152.27,166.41,5,153.41
22,High,15,0,0,149.91,125.15,15,143.27
2,Medium,21,0,0,154.24,181.46,3,154.85
17,High,23,0,0,175.21,184.14,55,177.98
23,Medium,38,0,0,126.36,181.66,9,141.36
10,Low,36,1,0,143.06,168.62,21,142.45
1,Medium,29,0,0,115.01,126.76,5,119.49
21,Medium,12,1,0,117.26,186.8,18,146.42
4,Low,14,1,0,163.51,129.41,3,142.07
12,Medium,24,0,0,185.08,134.72,24,154.25
23,Low,27,1,0,139.47,165.81,3,137.22
17,High,29,0,0,147.15,155.02,40,155.59
1,Low,15,1,0,131.79,174.06,3,139.67
19,High,35,0,0,126.42,166.15,32,147.12
3,Medium,25,0,0,185.73,125.27,3,150.59
17,Medium,28,1,0,160.77,166.78,31,157.65
14,Medium,13,1,1,171.39,180.78,17,165.67
6,Low,34,1,0,185.55,180.39,12,157.9
10,High,26,0,0,162.07,135.23,32,151.77
2,Low,18,1,0,129.42,147.58,3,130.46
23,High,20,0,0,172.07,132.77,12,153.58
5,Low,21,1,0,174.82,173.85,5,157.74
7,Medium,12,1,1,148.12,165.79,17,150.46
12,High,37,0,0,164.35,156.49,11,156.76
16,High,33,0,0,153.76,144.48,30,154.0
12,Medium,35,0,0,141.64,176.16,13,150.51
12,High,21,0,0,168.79,176.44,19,169.43
13,Low,27,1,0,134.8,156.93,10,134.83
20,High,24,0,1,141.2,133.09,6,141.59
9,Medium,24,1,0,147.46,155.25,34,145.13
19,Low,27,1,0,164.17,183.24,27,157.55
18,High,24,0,0,183.18,162.97,58,174.97
23,Medium,32,0,0,164.19,174.01,5,152.86
21,Medium,13,1,0,173.09,144.15,10,153.99
19,High,17,0,0,138.41,147.31,55,152.12
5,Medium,36,0,0,161.99,132.61,3,139.5
18,Medium,35,1,1,123.31,147.28,15,136.28
17,High,34,0,0,152.06,136.02,36,150.99
6,High,21,0,0,170.19,160.03,16,162.14
16,High,24,0,0,129.38,150.6,40,147.63
6,Medium,12,1,0,187.17,179.32,9,171.04
12,Medium,19,1,0,148.38,149.88,18,145.81
19,Low,31,1,0,168.69,138.8,21,143.75
4,Low,21,1,0,152.59,130.48,3,131.3
8,Medium,24,1,0,173.58,141.42,38,152.93
19,Medium,15,1,0,161.74,170.33,37,164.1
10,High,25,0,0,124.81,165.71,40,149.07
23,Low,31,1,0,188.98,165.3,3,155.1
0,Medium,27,0,0,167.8,180.78,3,158.82
17,Medium,27,1,0,152.77,141.43,30,144.95
19,Low,36,1,0,169.13,155.6,19,151.38
22,High,18,0,0,135.87,135.93,16,141.85
3,Low,20,1,0,176.52,139.22,3,146.4
23,Low,28,1,0,147.9,149.11,3,132.49
9,Medium,24,1,0,179.4,170.96,25,162.44
8,High,38,0,0,136.92,179.19,27,153.57
8,Medium,13,1,0,178.22,144.97,39,158.67
15,Medium,15,1,0,187.54,150.85,32,165.87
15,High,21,0,0,193.47,182.7,31,181.82
11,High,24,0,0,177.14,175.72,38,168.69
1,Low,36,1,0,171.32,169.87,7,149.69
23,Medium,25,0,0,156.6,151.46,6,145.74
5,Medium,23,0,1,123.46,147.17,3,133.49
2,Low,16,1,0,159.79,172.02,8,155.49
14,Low,23,1,0,160.06,131.07,24,139.35
9,High,26,0,0,120.18,160.33,40,145.46
14,Medium,27,0,0,170.25,128.95,28,149.07
21,Medium,28,0,0,126.92,165.52,7,139.02
2,Low,23,1,0,162.73,161.95,3,147.3
6,Medium,16,1,0,152.81,128.89,13,139.46
12,High,16,0,0,185.0,152.29,24,168.89
18,Medium,16,1,0,133.58,137.51,44,142.35
14,Low,28,1,0,128.7,176.88,17,140.08
9,High,35,0,0,159.09,184.36,32,163.89
14,Low,35,1,0,151.82,145.45,6,135.97
23,High,20,0,0,127.9,126.91,4,132.86
11,Medium,14,1,1,164.1,183.35,18,164.67
21,Medium,29,0,1,187.47,179.89,5,165.96
18,Medium,13,1,0,174.22,176.8,51,170.13
7,Low,28,1,0,131.76,148.16,18,131.92
5,Low,22,1,0,134.07,130.18,3,124.62
18,Medium,34,1,0,159.6,188.37,24,161.46
4,Low,28,1,0,169.2,157.07,3,145.51
8,High,31,0,0,193.32,148.18,18,165.17
5,Medium,22,0,0,123.39,175.52,3,140.22
14,Low,34,1,0,158.71,168.6,15,148.09
7,High,26,0,0,193.99,127.72,23,161.69
15,Low,28,1,0,123.87,187.3,22,141.1
22,Low,21,1,0,192.81,161.14,9,160.22
19,Low,24,1,0,151.97,137.24,37,138.55
22,Medium,34,0,1,172.39,126.04,3,143.33
0,Medium,22,0,0,149.02,160.9,3,148.27
10,High,12,0,0,182.28,163.61,61,175.83
5,Low,22,1,0,187.68,131.48,3,148.79
22,Low,22,1,0,128.33,160.42,3,134.43
17,Medium,23,1,0,174.78,153.06,41,160.87
7,High,13,0,0,116.66,153.45,37,143.51
13,High,15,0,0,137.15,188.39,27,159.26
14,High,20,0,0,159.19,144.23,22,155.64
11,High,23,0,0,163.26,182.47,28,166.16
11,Medium,12,1,0,144.22,147.39,28,146.23
1,High,22,0,1,136.64,136.67,3,138.07
10,Medium,20,1,0,128.73,134.9,28,133.46
8,High,12,0,0,134.18,186.14,56,162.39
19,Medium,18,1,0,125.42,126.51,26,134.04
20,Low,19,1,1,135.89,139.25,9,131.55
18,High,15,0,0,180.7,147.13,69,171.85
0,Low,32,1,0,138.0,167.69,3,136.37
20,High,13,0,0,187.62,149.43,30,168.1
9,High,27,0,0,134.62,126.33,38,141.03
9,High,29,0,0,154.36,158.6,26,154.75
22,Low,33,1,0,128.41,182.49,3,135.42
20,Low,26,1,0,116.37,182.63,13,136.33
1,Medium,26,0,0,165.04,189.45,3,160.26
8,High,32,0,0,142.02,147.26,27,145.79
17,Medium,35,1,0,142.61,132.96,16,137.79
12,Low,17,1,0,147.62,129.52,18,137.25
6,High,33,0,0,177.22,181.36,13,170.34
12,High,24,0,0,146.98,173.63,13,157.21
20,Medium,14,1,0,121.91,165.79,26,142.94
5,Low,28,1,0,137.3,157.29,3,132.67
17,Medium,38,1,0,161.09,154.73,23,154.03
17,High,15,0,0,194.48,157.11,81,179.84
21,Medium,12,1,0,126.45,148.65,10,138.52
7,Medium,36,0,0,140.88,155.85,24,141.84
5,Low,28,1,0,153.85,138.67,3,132.86
13,Medium,17,1,1,190.57,132.65,17,156.71
12,High,33,0,0,123.67,138.73,20,133.0
9,High,22,0,0,178.51,188.11,50,179.01
18,Medium,20,1,0,172.84,189.39,43,171.37
19,High,19,0,0,139.52,173.85,45,159.2
5,Low,28,1,0,176.9,179.42,3,155.03
19,High,15,0,0,160.99,131.73,47,155.54
5,Medium,21,0,0,128.71,133.0,7,132.95
9,Medium,20,1,0,137.86,131.02,43,137.94
0,Medium,13,1,0,141.27,129.11,3,139.23
8,High,32,0,0,140.84,173.58,18,154.37
23,High,12,0,0,174.71,128.67,5,156.79
10,Medium,37,1,0,167.82,186.69,15,161.92
17,High,14,0,0,180.59,167.51,74,178.5
2,Medium,21,0,0,155.86,136.11,3,142.27
15,Medium,14,1,0,143.04,178.14,35,154.37
8,Low,21,1,0,120.42,178.54,30,138.67
17,High,28,0,0,178.55,161.65,51,171.3
22,High,14,0,0,120.98,130.91,8,135.71
12,Medium,26,0,0,139.12,151.05,22,142.41
2,Low,32,1,0,168.51,160.65,4,146.63
11,High,24,0,0,176.13,173.35,34,168.84
2,Low,15,1,0,120.48,144.4,3,127.13
10,Low,30,1,0,163.61,181.76,22,156.88
1,High,17,0,0,125.97,141.3,3,139.42
15,Medium,12,1,0,175.58,189.88,36,171.49
7,Medium,23,0,0,173.39,132.48,25,149.29
4,High,19,0,0,174.84,179.14,9,169.94
0,Medium,12,1,0,120.1,133.59,3,128.66
21,Low,32,1,0,159.75,174.36,3,147.34
20,Low,28,1,0,134.27,181.05,9,139.37
19,Low,36,1,0,154.66,145.34,17,140.64
1,Medium,24,0,0,194.15,131.59,3,157.29
8,Medium,23,1,1,122.24,189.99,20,145.42
23,Low,34,1,0,162.52,188.12,7,150.27
13,Medium,14,1,0,128.2,174.19,23,146.57
3,High,21,0,1,155.8,150.12,3,150.73
3,Low,33,1,0,156.67,133.74,3,132.44
6,High,19,0,0,151.5,152.17,24,151.0
23,Medium,35,0,0,166.17,171.82,3,155.13
4,Medium,19,0,0,192.94,134.9,9,158.32
21,Medium,23,0,1,179.42,126.09,7,149.59
16,High,36,0,0,191.68,183.76,34,177.74
22,Low,18,1,0,130.16,170.5,3,140.16
19,Low,38,1,0,194.46,170.1,27,165.6
7,High,13,0,0,139.41,186.57,41,162.12
19,Medium,19,1,1,117.73,158.85,31,138.72
4,Medium,27,0,0,149.9,145.68,3,143.51
6,High,28,0,0,134.7,184.11,19,153.29
5,Medium,36,0,0,175.97,189.08,10,165.97
3,Low,37,1,0,121.96,126.33,3,117.48
2,Medium,30,0,0,158.84,146.49,3,143.39
4,Medium,29,0,0,138.15,148.56,5,137.62
2,Low,20,1,0,131.54,132.23,3,128.57
9,Medium,33,1,1,185.05,139.4,22,154.57
1,Medium,29,0,0,156.24,126.59,5,136.48
1,High,12,0,0,141.04,170.27,3,155.68
23,Low,34,1,0,174.69,131.95,3,140.52
2,Medium,21,0,0,183.26,182.7,3,168.64
1,Low,24,1,0,150.37,162.96,3,142.51
0,Low,25,1,0,129.57,148.15,3,127.67
3,Medium,34,0,0,194.55,177.58,3,167.41
12,Medium,19,1,0,143.72,167.29,25,149.38
19,High,22,0,0,131.44,173.95,41,155.28
17,Medium,13,1,0,123.26,182.06,60,152.92
13,High,21,0,0,124.91,177.5,29,147.28
2,High,14,0,0,190.44,175.64,3,172.67
18,Medium,27,1,0,190.73,172.44,29,171.07
0,Medium,36,0,0,155.63,149.54,5,143.93
15,High,24,0,0,170.37,167.37,30,165.75
9,Medium,36,1,0,181.61,161.77,25,160.28
21,Low,38,1,0,159.6,187.62,4,153.35
7,High,13,0,0,168.36,157.56,39,164.79
15,High,25,0,0,192.36,139.42,33,166.48
10,Low,26,1,0,128.8,154.75,23,136.13
12,High,22,0,0,126.1,151.95,28,141.38
22,Low,34,1,0,175.24,155.45,3,149.29
17,High,22,0,0,171.27,162.77,53,170.84
9,Medium,13,1,0,129.88,186.62,43,154.1
10,High,26,0,0,139.19,143.27,41,142.64
16,Medium,17,1,0,169.82,187.99,33,172.02
8,High,21,0,0,154.55,175.67,42,165.59
4,Medium,25,0,0,186.48,136.89,3,153.55
11,Low,31,1,0,181.97,143.23,15,151.2
1,Low,19,1,0,153.97,184.11,3,149.45
4,Medium,22,0,0,168.35,177.09,3,160.8
10,High,13,0,0,166.48,134.32,57,159.48
19,Medium,22,1,0,122.37,163.0,34,139.65
18,Medium,27,1,0,149.05,143.0,28,145.31
6,Low,28,1,0,150.19,165.93,3,141.76
10,High,19,0,0,186.79,136.28,50,164.32
3,Low,13,1,0,185.82,147.87,8,156.79
18,High,27,0,0,119.61,150.25,40,141.93
5,Low,29,1,0,182.61,159.95,7,151.49
19,High,14,0,0,163.93,140.56,58,163.22
20,High,25,0,0,116.3,172.3,16,143.3
16,High,14,0,0,145.53,177.6,60,163.11
7,Low,24,1,0,186.05,166.6,13,159.23
22,Low,29,1,0,143.66,183.7,4,143.56
16,High,31,0,0,169.12,176.38,30,167.3
15,High,31,0,0,160.25,127.86,28,148.59
20,Low,32,1,0,162.19,130.51,15,137.79
21,High,18,0,0,153.46,167.9,8,157.94
1,Medium,34,0,0,153.59,171.92,3,150.41
21,High,21,0,0,187.21,187.91,16,177.62
18,Medium,22,1,0,148.11,125.22,37,142.7
4,Low,33,1,0,130.31,140.4,3,124.19
7,Low,20,1,1,148.58,179.06,19,149.43
18,Medium,14,1,0,173.63,182.95,56,173.57
5,Low,31,1,0,153.02,155.19,3,137.81
10,Low,29,1,0,173.57,156.44,11,151.6
16,High,27,0,0,134.18,180.49,37,156.9
15,High,15,0,0,161.62,154.9,42,163.44
21,Low,29,1,0,184.15,176.18,7,159.02
2,Low,17,1,0,157.34,186.67,3,151.74
7,Low,26,1,0,165.95,142.02,11,144.33
23,Medium,25,0,0,169.3,142.84,14,148.36
13,High,32,0,0,174.17,186.01,16,169.8
5,Medium,38,0,0,143.02,152.58,3,138.26
6,High,17,0,0,165.15,126.02,17,153.11
8,Medium,15,1,0,148.29,157.66,38,148.88
13,High,27,0,0,146.28,165.09,17,152.67
6,Medium,37,0,0,153.02,140.91,19,140.99
14,High,16,0,0,147.63,172.28,28,160.96
10,High,25,0,1,117.07,140.14,24,137.05
14,Low,22,1,0,174.36,132.78,12,146.19
3,Low,20,1,0,161.75,141.21,3,142.44
14,High,29,0,0,126.01,159.7,22,144.24
22,Low,19,1,0,135.9,180.63,4,142.86
3,Low,25,1,0,163.88,159.41,3,145.96
7,Low,34,1,0,156.44,180.18,14,150.93
16,Medium,22,1,0,172.87,129.17,31,152.21
14,Medium,12,1,1,154.14,149.22,24,149.49
16,Low,35,1,1,182.57,153.29,16,154.88
13,High,19,0,0,121.2,177.11,26,149.53
16,Medium,32,1,0,164.06,164.69,19,155.95
14,Low,32,1,0,144.72,176.03,13,143.07
1,Low,26,1,0,139.55,147.01,6,131.99
18,High,14,0,0,190.49,185.71,69,187.61
10,Low,37,1,0,184.1,177.89,17,160.8
1,Low,30,1,0,129.7,184.51,3,138.86
9,High,23,0,0,119.59,142.08,53,138.88
10,Low,35,1,0,184.38,125.43,21,144.94
2,Low,33,1,0,128.54,165.01,3,129.56
23,Low,32,1,0,189.26,157.02,3,152.88
5,Low,16,1,0,137.19,175.63,6,143.71
7,Low,29,1,0,147.93,131.34,11,132.44
10,High,19,0,0,118.6,163.7,42,145.06
19,Medium,14,1,0,158.0,137.93,43,149.51
17,Medium,21,1,0,130.1,158.45,43,143.41
18,High,14,0,0,149.49,135.29,69,156.8
5,Low,14,1,0,188.55,184.3,3,169.06
20,High,31,0,0,135.21,136.91,6,139.9
19,High,25,0,0,165.79,162.38,34,163.08
11,Low,22,1,0,131.16,125.36,23,126.97
13,Medium,17,1,0,163.79,135.17,25,145.47
0,Medium,32,0,0,138.13,157.46,3,140.99
18,Medium,29,1,0,169.53,127.66,22,149.62
23,Medium,27,0,0,176.65,160.28,3,157.71
11,High,17,0,0,185.45,136.98,45,163.98
12,Medium,15,1,0,188.49,172.23,20,169.51
11,High,15,0,0,134.3,181.44,44,158.52
1,Medium,12,1,0,125.32,174.31,4,146.08
14,Medium,38,0,1,118.88,129.12,18,126.1
17,High,21,0,0,172.63,157.26,62,168.94
22,Low,29,1,0,129.95,132.23,7,123.27
22,Medium,38,0,0,179.01,151.59,3,152.92
11,High,37,0,0,192.19,179.57,27,173.06
23,Medium,20,0,0,126.84,127.68,3,129.78
12,Low,25,1,0,137.67,141.36,17,130.73
15,High,24,0,0,156.93,178.73,32,162.04
14,Medium,12,1,0,149.44,151.39,25,150.02
23,Medium,32,0,0,149.08,140.3,3,138.05
17,Medium,27,1,0,132.37,186.71,34,151.11
2,Low,22,1,0,186.14,135.12,4,147.93
1,Medium,27,0,0,169.53,176.26,3,158.94
9,Low,31,1,0,127.31,136.58,20,126.59
12,High,12,0,0,115.36,187.6,41,153.65
16,Low,29,1,0,176.01,176.09,22,159.8
11,High,35,0,0,116.27,142.97,20,135.31
12,Low,31,1,0,185.43,188.93,10,164.84
22,Medium,28,0,0,157.35,132.44,17,140.85
8,Medium,14,1,0,189.41,180.87,33,174.25
11,High,32,0,0,176.75,170.46,24,165.08
13,High,32,0,0,186.55,136.3,8,156.78
11,High,25,0,0,174.51,160.51,23,162.98
23,Low,27,1,0,161.13,125.78,3,134.37
23,Medium,28,0,0,128.84,162.25,4,136.98
12,Medium,15,1,0,173.21,162.84,21,160.82
10,Medium,18,1,0,162.38,151.55,34,155.58
14,High,33,0,0,151.37,178.59,15,158.34
4,Medium,38,0,0,159.69,185.5,6,156.31
10,High,19,0,0,133.58,159.69,43,151.21
5,Medium,22,0,0,147.35,168.81,5,149.63
3,Low,36,1,1,124.94,134.48,3,120.51
2,Medium,16,1,0,147.78,189.88,3,156.36
14,Medium,19,1,0,152.35,180.76,20,156.61
0,Medium,13,1,0,183.62,186.69,3,169.11
15,Medium,18,1,1,157.17,175.57,31,158.79
10,Low,29,1,0,187.71,145.99,19,154.12
8,High,21,0,0,192.43,139.41,58,166.16
18,Medium,38,1,0,118.92,158.22,29,136.71
12,Low,36,1,0,162.77,130.37,13,137.08
17,High,36,0,0,138.94,160.87,41,152.28
17,Low,31,1,1,183.11,149.04,13,156.83
0,Low,30,1,0,154.53,172.32,6,145.46
5,Medium,25,0,0,121.25,165.67,3,135.67
13,Low,38,1,0,132.2,141.02,15,127.35
23,Low,14,1,0,168.91,172.67,3,157.37
3,Low,31,1,0,121.37,145.22,3,122.09
2,Low,15,1,0,145.33,141.16,9,137.83
22,Low,21,1,0,184.73,152.21,5,153.01
23,High,18,0,0,117.34,135.26,3,131.3
4,Medium,28,0,0,170.7,146.14,5,150.46
9,Medium,33,1,0,169.04,141.89,16,148.66
15,High,14,0,0,140.66,126.41,53,149.58
4,Low,28,1,0,124.02,144.56,3,125.07
7,Medium,17,1,0,123.19,155.34,16,136.74
9,High,14,0,0,192.54,178.93,67,184.6
15,Low,23,1,0,169.15,136.73,26,146.07
7,High,27,0,0,145.08,146.28,11,146.88
9,High,17,0,0,181.68,126.91,57,161.52
6,Medium,22,0,0,123.27,129.88,15,129.85
18,High,37,0,0,125.15,148.15,37,144.3
3,Low,21,1,0,130.81,157.5,3,134.4
5,Medium,38,0,0,176.08,173.64,4,160.77
5,Medium,34,0,1,147.71,174.61,3,151.11
21,High,22,0,0,166.41,184.41,13,166.65
22,Medium,27,0,0,133.6,184.01,5,149.02
12,High,31,0,0,177.18,131.6,17,153.74
3,Low,24,1,0,179.13,132.28,3,143.45
18,Medium,23,1,0,148.06,157.29,33,151.27
11,High,20,0,0,131.74,163.32,29,150.97
20,High,15,0,0,165.4,163.86,31,165.25
8,High,12,0,0,135.49,156.61,53,151.77
23,Medium,21,0,0,126.86,188.78,5,148.83
19,Low,33,1,0,164.26,158.08,25,149.29
5,High,18,0,0,156.03,185.8,3,163.46
17,High,16,0,0,177.68,189.23,73,181.59
6,Low,20,1,0,138.38,153.86,9,137.42
8,High,28,0,0,133.02,133.69,36,140.75
6,Low,17,1,0,166.24,146.18,19,146.16
16,Medium,17,1,0,171.08,148.31,38,159.39
6,Low,15,1,0,148.07,182.74,16,154.37
15,High,20,0,1,150.39,187.51,41,166.08
13,Medium,17,1,0,124.88,136.03,15,132.67
18,Medium,34,1,0,152.55,126.3,30,140.68
23,Low,36,1,0,191.91,178.99,3,160.05
0,Medium,22,0,0,124.1,161.31,3,138.03
23,Low,14,1,0,160.44,173.83,5,152.73
2,Medium,14,1,0,116.47,146.56,3,131.01
12,Medium,20,1,0,141.03,135.3,24,137.73
8,Low,24,1,0,175.89,142.2,26,147.97
15,High,26,0,0,160.37,128.15,25,149.14
17,Medium,20,1,0,121.49,150.08,45,143.42
20,Low,21,1,0,151.15,131.45,22,135.45
9,Medium,19,1,0,121.33,155.15,29,140.71
22,Medium,25,0,1,144.88,176.95,3,150.37
7,Low,30,1,1,176.52,128.1,10,141.45
4,Medium,13,1,0,135.66,183.29,3,149.94
9,Medium,24,1,0,151.27,133.0,36,143.37
12,Medium,29,0,0,155.03,167.64,16,154.01
16,Low,30,1,0,183.26,140.63,23,153.28
19,High,27,0,0,124.72,179.92,32,152.04
5,Low,26,1,0,159.03,125.67,3,133.51
7,High,30,0,0,117.46,152.39,18,135.28
22,Medium,22,0,0,122.47,187.52,3,145.76
10,Low,27,1,1,132.66,132.34,13,128.08
5,Low,20,1,0,172.58,174.44,3,156.12
23,Low,23,1,0,118.29,172.23,3,132.08
10,High,15,0,0,190.61,145.75,54,171.92
23,Medium,21,0,0,149.21,128.93,4,141.11
22,Medium,15,1,0,182.09,179.15,8,167.73
21,Low,18,1,0,132.75,183.82,3,144.93
13,Low,23,1,0,142.02,133.31,15,129.43
19,High,25,0,0,173.16,180.11,35,173.25
23,Low,37,1,0,145.34,179.16,3,142.86
6,Medium,12,1,0,155.6,162.51,15,154.67
0,Medium,36,0,0,179.74,175.93,3,162.09
7,High,20,0,0,167.09,127.57,24,151.63
15,High,31,0,0,181.87,157.25,23,164.69
13,Medium,30,0,0,121.92,187.85,14,146.31
1,Low,38,1,0,163.65,175.39,6,146.64
13,Medium,14,1,0,163.1,142.43,23,149.81
4,Medium,38,0,0,163.57,165.53,3,150.09
12,Medium,13,1,0,162.1,138.82,18,150.07
13,Low,35,1,0,172.91,139.44,8,145.36
15,Low,29,1,0,182.52,137.31,19,149.47
9,High,25,0,0,133.37,137.35,41,143.94
9,Medium,22,1,0,123.37,157.45,33,136.87
16,Medium,14,1,0,120.92,145.14,36,138.37
17,Medium,33,1,0,127.67,175.57,22,144.92
19,Medium,31,1,0,167.48,183.12,17,163.7
8,High,37,0,0,148.32,156.69,31,151.6
10,Medium,31,1,0,142.96,137.44,10,136.73
7,Medium,37,0,0,187.8,189.87,12,171.55
12,Low,35,1,0,187.01,128.06,3,145.32
3,Low,23,1,0,158.11,160.73,3,146.97
10,Low,31,1,0,151.68,139.28,24,139.45
4,High,19,0,0,136.64,185.95,3,157.15
12,High,33,0,0,151.79,146.12,19,148.96
20,Low,28,1,0,147.87,187.27,8,148.8
23,High,23,0,0,115.56,188.23,7,147.03
10,High,28,0,0,175.69,186.29,28,169.81
1,Medium,19,0,0,150.09,176.53,3,153.76
5,Medium,28,0,1,132.83,173.18,3,140.07
2,Medium,24,0,0,168.3,186.93,3,163.19
18,High,20,0,0,150.81,139.54,65,155.46
23,Medium,38,0,0,140.1,177.64,3,147.02
13,Medium,13,1,0,133.46,132.38,25,137.79
4,Low,32,1,0,119.73,148.52,9,124.19
0,Low,17,1,0,155.24,151.12,3,142.14
23,Low,18,1,1,145.04,189.7,3,147.06
7,High,16,0,0,118.23,145.86,30,142.84
2,Medium,14,1,0,179.99,161.06,5,160.59
4,High,15,0,1,179.66,166.18,6,167.77
6,High,34,0,0,154.2,169.06,9,155.56
15,High,37,0,1,182.11,132.81,12,156.24
21,Low,27,1,0,153.48,161.34,3,141.07
6,High,12,0,1,128.51,166.26,17,152.39
16,Medium,35,1,0,156.41,183.72,24,157.56
1,Medium,28,0,0,140.01,187.22,5,151.93
0,Low,26,1,1,151.19,140.28,3,133.85
1,Low,37,1,0,192.65,138.68,4,150.08
22,Low,23,1,0,143.44,169.44,11,143.04
13,High,21,0,0,132.27,156.82,15,146.32
19,Medium,33,1,0,125.28,173.33,19,142.73
0,Medium,26,0,0,185.71,180.15,4,169.07
0,Medium,31,0,0,116.2,125.69,3,122.47
20,High,30,0,0,187.6,182.12,14,174.96
2,Medium,34,0,0,119.94,142.25,3,128.18
3,Medium,20,0,0,175.21,188.01,3,167.26
12,Medium,13,1,0,138.49,152.97,22,144.16
14,High,24,0,0,134.99,180.41,27,156.46
5,Medium,29,0,0,129.39,138.0,3,129.92
10,Medium,34,1,0,125.76,159.14,14,135.93
16,High,19,0,0,120.3,129.11,55,139.15
10,Low,32,1,0,127.4,172.76,23,135.68
9,Medium,34,1,0,162.08,186.24,23,159.42
1,Low,33,1,0,160.57,179.8,7,147.54
10,High,33,0,0,137.49,169.22,29,149.31
19,High,38,0,0,169.39,132.73,35,152.8
15,High,29,0,0,176.57,188.96,25,172.85
21,Medium,21,1,0,193.41,147.36,10,162.12
3,Medium,23,0,0,150.18,166.13,3,149.43
0,Low,32,1,0,144.97,142.74,3,129.69
13,High,18,0,0,192.85,178.78,25,178.3
4,Low,28,1,0,190.37,149.6,3,152.53
14,High,27,0,0,189.16,150.39,20,167.18
21,Low,29,1,0,163.7,125.29,16,136.29
8,Medium,23,0,0,164.42,162.4,47,159.11
13,Medium,31,0,0,189.24,141.3,14,158.98
16,High,13,0,0,153.39,184.92,63,171.14
3,Low,32,1,0,132.08,175.9,3,134.4
21,Low,33,1,0,193.82,186.88,3,164.67
4,Low,35,1,0,182.37,150.33,3,149.83
19,Low,36,1,0,119.48,168.01,17,134.89
15,Low,21,1,0,124.0,154.37,23,135.61
3,Medium,13,1,0,185.57,184.11,3,170.68
17,Medium,29,1,0,139.09,146.08,32,142.25
4,Low,14,1,0,170.71,146.35,3,148.91
14,Medium,19,1,0,124.43,148.79,28,135.42
23,Low,30,1,0,128.64,157.36,4,129.01
22,Medium,28,0,0,174.79,182.7,9,162.47
20,Low,28,1,0,193.34,138.49,11,152.46
11,Medium,32,1,0,155.18,167.34,17,150.42
13,Medium,16,1,0,118.43,144.89,23,133.62
7,Low,33,1,0,133.75,130.37,18,127.11
22,Low,27,1,0,132.02,186.99,7,139.76
11,Medium,23,1,0,189.82,176.08,25,168.77
18,Medium,24,1,0,148.53,186.88,33,157.94
8,Low,25,1,0,190.81,151.02,30,157.11
17,Medium,26,1,1,183.77,174.2,22,169.2
5,Medium,21,0,0,151.06,167.32,3,152.41
17,Medium,18,1,0,116.99,165.24,48,144.76
1,High,16,0,0,192.84,127.62,3,163.54
2,Low,21,1,0,115.81,129.66,3,119.84
8,High,19,0,0,183.49,137.69,41,164.69
11,High,25,0,0,148.06,173.73,29,158.39
17,Medium,36,1,0,139.1,176.89,25,149.88
8,Medium,14,1,0,147.66,167.07,42,152.75
0,Low,20,1,1,143.55,137.48,9,131.7
7,High,13,0,0,170.13,175.55,37,171.27
10,Medium,38,1,0,160.82,132.38,17,142.72
13,Medium,30,0,0,135.55,183.11,18,147.37
15,Medium,18,1,0,157.2,150.01,25,150.87
5,Medium,23,0,1,147.4,172.26,3,150.57
14,Low,31,1,0,188.65,136.02,24,148.19
15,Low,37,1,0,186.39,145.43,15,152.56
18,High,27,0,0,164.39,157.19,46,162.27
12,High,19,0,0,192.23,157.26,27,170.04
19,Medium,30,1,0,145.01,131.32,18,136.82
5,Low,30,1,0,122.04,160.64,3,126.5
17,Medium,29,1,0,118.81,129.88,23,128.45
1,High,13,0,0,181.68,185.04,3,176.12
2,Low,31,1,0,145.68,152.41,3,131.61
20,High,12,0,0,183.82,153.54,42,172.85
11,Low,36,1,0,151.7,162.5,19,146.52
14,Low,35,1,0,115.89,175.81,9,131.06
14,Low,27,1,0,157.29,129.52,7,135.36
16,High,29,0,0,162.56,170.69,36,162.96
5,Medium,13,0,0,151.12,184.18,3,158.59
4,Low,35,1,0,182.04,153.55,11,151.74
1,Low,19,1,0,166.52,125.86,7,138.89
20,High,19,0,0,144.18,141.08,30,149.67
5,Low,31,1,0,172.52,186.17,3,156.84
13,Low,37,1,0,140.57,132.67,10,129.81
10,High,25,0,0,182.08,125.88,38,159.49
3,Medium,25,0,0,137.41,185.83,3,147.95
9,High,26,0,0,168.33,181.1,36,170.36
1,Medium,19,0,0,148.21,154.93,3,146.62
4,Medium,28,0,0,123.09,125.35,9,126.56
3,Medium,37,0,0,165.38,162.95,3,150.71
19,High,22,0,0,145.64,178.09,44,160.52
13,Medium,32,0,0,165.74,143.59,12,148.38
22,Low,32,1,0,158.19,136.23,9,135.57
10,High,34,0,0,118.33,183.8,32,145.6
4,Medium,31,0,0,131.4,174.92,3,141.28
14,Low,36,1,0,171.03,154.13,13,146.43
22,Medium,31,0,0,152.41,183.83,6,154.31
12,Low,38,1,0,152.32,164.53,12,142.14
0,Low,31,1,0,115.19,186.37,3,133.49
7,Low,34,1,1,139.22,131.71,11,126.03
22,Medium,36,0,0,168.56,153.37,4,150.84
12,Low,38,1,0,185.96,169.15,6,155.88
22,Low,28,1,0,160.92,151.51,4,141.05
12,Low,31,1,0,158.25,147.73,15,138.89
0,Medium,38,0,0,152.63,170.2,4,150.62
20,High,22,0,0,169.28,164.37,30,165.82
18,High,15,0,0,178.85,143.37,79,170.55
17,High,35,0,0,132.65,153.86,40,149.28
23,Low,29,1,0,172.12,170.95,4,150.19
4,High,23,0,0,134.51,165.75,3,147.91
21,Low,31,1,0,117.54,154.45,3,124.63
5,Low,12,1,0,120.97,141.9,5,129.65
23,Low,24,1,0,118.72,132.45,10,120.25
4,Low,19,1,1,137.41,179.61,5,142.65
13,Medium,19,1,0,125.17,178.32,22,142.69
18,High,38,0,0,121.82,164.86,35,145.99
1,Medium,26,0,0,126.81,162.14,3,139.85
1,High,15,0,0,118.06,133.86,3,134.17
20,Low,21,1,0,142.48,154.04,14,139.46
1,Medium,18,0,0,180.83,156.45,3,161.0
14,High,36,0,0,159.3,154.99,5,151.83
22,High,19,0,1,120.2,140.74,4,134.38
14,High,21,0,0,144.99,133.05,29,145.82
11,High,21,0,0,149.39,185.54,44,164.18
10,High,16,0,0,128.79,161.16,53,151.84
15,High,33,0,0,144.84,181.07,23,159.16
13,Low,27,1,0,141.94,168.68,10,140.27
12,Low,23,1,1,154.5,178.32,21,148.13
3,Medium,22,0,0,170.78,139.04,3,149.6
15,High,30,0,0,153.31,131.89,33,145.5
17,High,14,0,0,120.92,164.9,74,154.27
17,High,37,0,0,119.42,160.71,41,144.49
1,Medium,27,0,0,186.04,131.27,3,151.86
16,Low,18,1,0,170.58,164.73,36,159.54
17,Medium,26,1,0,167.57,136.82,38,153.09
4,Low,35,1,0,188.06,132.03,6,145.11
20,High,16,0,0,158.32,189.04,30,170.31
12,Low,26,1,0,120.9,161.12,14,133.06
11,Low,28,1,0,172.15,146.43,15,144.97
17,High,33,0,0,127.98,131.37,38,139.61
12,High,27,0,1,168.3,184.59,11,165.81
13,Low,31,1,0,147.06,186.27,3,147.08
7,Low,32,1,0,117.26,141.7,3,122.63
22,Low,36,1,0,119.44,153.28,3,123.28
23,Medium,21,0,0,146.41,166.96,3,148.46
3,Low,31,1,0,162.56,132.23,3,135.74
17,Medium,18,1,0,128.67,159.9,45,146.7
0,Medium,34,0,0,123.54,139.21,3,126.68
8,High,37,0,0,145.1,139.64,23,145.77
23,High,19,0,0,179.33,164.2,11,167.25
4,Medium,27,0,0,177.72,145.15,3,152.79
9,Medium,34,1,0,169.73,160.77,28,155.82
5,High,12,0,0,149.03,142.05,3,151.44
17,High,31,0,1,150.36,156.7,22,154.51
11,High,34,0,0,133.08,185.6,16,153.12
14,Low,35,1,0,125.97,156.51,13,129.0
22,High,17,0,0,116.27,157.59,10,140.13
12,Low,32,1,0,183.81,157.03,9,154.25
17,High,33,0,0,154.69,180.68,34,167.42
2,Medium,12,1,0,115.24,169.31,3,138.72
5,Low,31,1,0,157.33,126.99,3,130.43
22,Low,28,1,0,135.67,132.67,4,125.0
20,Medium,38,1,0,149.19,162.56,6,143.88
15,High,13,0,0,168.79,174.41,50,173.38
9,High,38,0,0,179.78,132.61,32,157.53
4,Low,27,1,0,171.04,157.68,3,146.04
20,High,19,0,1,186.7,166.76,20,172.04
18,High,22,0,0,133.78,151.05,59,152.06
5,Medium,32,0,0,167.91,170.08,7,155.32
14,Medium,38,0,0,186.19,147.27,16,157.48
14,High,20,0,0,139.68,165.5,27,154.8
11,Low,38,1,0,178.96,174.77,16,157.77
22,Medium,28,0,0,190.22,187.13,3,169.14
2,High,17,0,0,166.51,166.53,3,162.68
6,Medium,28,0,0,128.14,147.85,8,131.7
2,Low,33,1,0,135.87,171.88,3,136.37
16,High,13,0,0,169.4,177.29,61,179.15
15,Medium,14,1,0,184.29,151.95,33,166.09
23,Low,12,1,0,116.9,148.57,3,128.89
13,Low,27,1,0,141.11,134.91,16,131.02
3,Low,13,1,0,133.69,169.0,7,142.18
10,Medium,37,1,0,148.76,153.92,15,144.83
2,Low,15,1,0,176.48,133.64,3,146.96
16,Medium,13,1,0,155.22,161.49,44,155.92
16,High,18,0,0,156.46,189.34,56,171.61
20,Low,32,1,0,163.72,128.34,10,136.52
8,Low,36,1,0,156.25,158.51,17,144.19
7,Low,18,1,0,170.06,185.83,17,160.68
1,Medium,26,0,0,123.56,187.34,3,144.65
9,High,32,0,0,116.82,147.21,35,139.15
11,High,33,0,0,181.14,136.15,13,158.24
18,High,16,0,0,153.31,152.35,70,162.06
18,Medium,34,1,0,138.88,145.7,25,142.94
3,Low,35,1,0,151.34,156.37,3,138.72
6,High,31,0,0,167.01,163.74,12,158.68
12,Low,26,1,0,124.74,174.94,13,135.88
8,High,22,0,0,156.89,166.22,43,161.06
0,Medium,36,0,0,123.86,182.98,10,141.91
20,Low,35,1,0,183.77,172.82,10,161.19
17,High,25,0,0,159.99,158.71,42,164.26
12,Low,32,1,0,179.87,132.75,11,144.97
7,Low,22,1,0,172.68,177.24,17,158.56
20,Low,32,1,1,180.22,171.42,11,156.7
0,Medium,14,1,1,142.34,146.85,3,141.46
10,High,36,0,0,126.16,140.08,29,139.52
19,Low,25,1,0,186.33,167.78,24,161.57
22,Medium,28,0,0,185.77,130.47,9,151.43
6,High,17,0,1,185.66,176.17,11,174.32
15,Medium,26,1,0,194.14,139.75,24,161.54
4,High,12,0,0,162.69,163.58,3,164.75
2,Medium,36,0,0,156.0,144.73,3,140.7
8,High,32,0,0,178.79,156.02,22,162.32
21,High,24,0,0,123.81,177.04,9,147.03
16,Low,34,1,0,177.64,143.66,33,149.33
11,High,33,0,0,179.98,127.15,16,155.97
6,High,15,0,0,161.18,130.03,16,151.87
3,Low,13,1,0,146.03,129.84,3,136.04
6,High,18,0,0,167.5,154.84,15,160.2
3,Medium,12,1,0,188.2,130.41,3,156.58
4,Medium,27,0,0,127.64,151.82,3,132.92
16,High,26,0,0,139.89,170.36,47,154.9
3,Low,26,1,0,168.71,182.19,6,152.76
1,Low,13,1,0,181.66,139.39,3,149.68
13,Medium,36,0,0,167.17,181.98,19,161.81
6,Medium,38,0,0,162.27,188.58,7,159.24
10,Low,27,1,0,121.86,165.67,18,135.44
3,Medium,12,1,0,149.7,172.92,3,153.3
5,Low,22,1,0,186.21,156.4,3,156.58
10,High,31,0,0,143.93,129.87,31,142.92
16,Medium,32,1,0,145.48,187.4,17,154.61
9,High,18,0,0,143.6,186.44,61,164.98
13,High,34,0,0,144.02,145.98,16,144.88
12,Medium,38,0,0,147.38,137.72,14,140.66
6,Medium,25,0,0,176.87,129.26,10,149.41
6,Low,22,1,0,151.41,157.36,18,143.04
10,High,26,0,1,163.57,185.11,29,165.05
0,Low,12,1,0,150.39,127.66,3,135.07
16,Medium,26,1,0,184.91,164.75,31,164.79
14,Medium,12,1,0,129.3,179.31,30,151.09
7,Medium,12,1,0,124.83,149.68,21,138.4
8,High,26,0,0,147.62,164.78,34,155.38
7,Low,25,1,0,192.94,153.85,8,157.82
15,High,38,0,0,170.98,129.25,23,152.24
18,High,25,0,0,164.3,157.79,51,165.06
2,Medium,38,0,0,146.23,130.79,3,134.56
9,Low,33,1,0,138.61,169.52,17,140.97
0,Medium,21,0,0,191.53,145.16,3,161.04
10,Medium,37,1,0,149.15,177.16,20,153.27
5,Medium,25,0,0,171.89,163.16,7,156.91
8,Low,28,1,0,179.84,185.78,21,161.29
10,Medium,14,1,0,167.6,172.95,37,162.83
7,Low,17,1,0,133.61,172.12,26,143.08
9,Low,26,1,0,138.04,144.8,28,134.07
18,Medium,19,1,0,116.84,153.72,45,136.77
19,Low,28,1,0,192.55,173.46,26,165.44
0,High,14,0,0,181.77,171.93,3,172.0
9,High,18,0,0,147.32,170.0,51,162.69
20,Low,29,1,0,186.39,125.52,11,145.79
12,High,28,0,0,127.29,126.13,24,133.12
4,Low,38,1,0,118.36,129.39,9,117.04
14,Low,36,1,0,125.82,127.05,7,121.43
3,Low,33,1,0,185.67,175.24,8,156.21
0,High,12,0,0,127.84,160.55,3,150.01
15,High,28,0,0,120.45,157.82,27,140.24
12,Low,18,1,1,129.84,130.56,24,128.3
18,High,19,0,0,148.21,175.35,61,164.56
8,Medium,17,1,0,154.71,131.03,33,145.27
20,High,24,0,0,133.87,139.42,20,142.24
10,High,15,0,0,179.46,178.23,55,176.94
17,High,26,0,0,191.79,170.02,50,176.86
2,High,16,0,0,138.27,131.02,3,140.62
2,Low,25,1,0,189.49,129.8,7,148.31
18,Medium,28,1,1,180.43,151.42,21,157.32
20,High,16,0,1,185.88,164.22,27,174.45
22,Medium,14,1,1,119.78,141.04,6,130.53
7,High,33,0,0,181.72,163.04,22,165.77
0,Low,31,1,0,161.87,148.36,3,138.05
23,Low,19,1,0,118.06,163.26,7,130.85
14,Low,35,1,0,175.29,172.16,23,154.17
5,Low,17,1,0,134.34,179.81,3,143.88
18,Medium,37,1,0,178.77,137.73,21,153.22
21,High,15,0,0,165.08,130.53,26,152.97
6,Medium,29,0,0,154.39,132.69,9,142.19
18,Medium,12,1,0,116.87,135.75,56,138.2
18,Medium,17,1,0,186.17,146.08,46,166.39
12,Low,22,1,0,126.81,126.86,25,125.26
15,Medium,14,1,0,181.38,179.12,25,173.27
6,Medium,24,0,0,170.05,180.19,18,162.35
22,High,18,0,0,120.57,171.36,3,146.71
23,Medium,14,1,0,158.38,148.17,3,145.82
23,Medium,37,0,0,191.94,170.94,3,164.56
17,High,38,0,0,188.82,162.35,37,172.54
1,Low,37,1,0,126.7,168.05,3,130.53
8,High,16,0,0,128.85,130.71,47,142.79
10,Low,22,1,0,127.29,181.86,25,143.2
23,Low,20,1,0,175.49,147.66,3,148.63
13,High,20,0,0,127.86,142.5,22,140.24
12,Low,23,1,0,120.17,150.4,18,128.19
3,Low,25,1,0,146.23,141.07,3,130.56
19,Medium,25,1,0,192.35,189.62,14,175.2
8,Medium,19,1,0,139.66,167.0,31,147.33
2,Medium,38,0,0,172.94,183.27,4,162.59
23,Low,38,1,0,126.52,186.82,3,137.68
4,Low,20,1,0,164.69,162.78,3,150.13
0,High,17,0,0,161.49,177.03,4,162.14
1,Medium,26,0,0,187.33,183.84,3,169.31
10,High,21,0,0,172.32,134.75,43,157.72
2,Medium,38,0,0,124.66,142.5,3,129.51
20,High,23,0,0,147.38,151.1,28,151.02
12,Medium,13,1,0,115.04,165.48,26,137.84
7,Medium,15,1,0,134.28,174.94,24,148.08
0,Medium,14,1,0,192.71,147.43,5,162.9
11,Low,22,1,0,151.46,179.77,17,151.89
3,High,20,0,0,184.41,167.53,8,167.23
23,Medium,35,0,0,116.9,149.18,3,129.52
6,Low,36,1,0,185.4,169.25,13,155.8
11,Medium,15,1,0,186.15,180.38,25,170.75
0,Low,37,1,0,167.27,146.84,3,140.36
3,Medium,27,0,0,124.3,150.15,7,131.03
4,Medium,20,0,0,185.08,169.97,4,164.99
1,Low,22,1,0,186.99,152.94,3,153.5
17,High,23,0,0,131.08,136.55,59,146.06
22,High,16,0,0,190.21,180.52,3,178.01
23,Medium,35,0,1,185.48,138.1,3,152.54
6,Medium,12,1,0,131.39,141.01,15,138.71
18,High,13,0,0,146.51,181.41,76,167.17
12,Low,19,1,0,141.93,166.73,18,142.22
1,High,15,0,0,154.86,153.05,7,156.1
2,Medium,13,1,0,186.12,149.82,6,160.08
13,High,22,0,0,184.95,136.91,20,161.29
10,High,22,0,0,129.05,129.41,44,139.97
0,High,15,0,0,159.09,184.11,3,167.26
22,Medium,33,0,0,157.72,127.91,3,138.96
17,Medium,35,1,0,151.03,129.01,22,139.96
12,Medium,31,0,0,172.18,173.89,16,158.59
23,Low,26,1,0,166.68,183.09,3,152.12
23,Low,37,1,0,137.01,171.13,5,137.8
23,Medium,21,0,0,142.85,140.73,6,140.86
6,High,23,0,0,186.07,142.59,18,162.11
21,Medium,12,1,0,141.06,187.49,15,154.03
12,Low,31,1,0,150.53,170.51,7,144.77
17,High,14,1,0,192.83,178.81,58,184.3
20,Low,29,1,1,183.58,154.01,6,151.21
3,Low,33,1,0,170.92,175.47,3,151.02
10,High,17,0,0,139.32,188.75,49,163.93
3,Low,28,1,0,165.3,148.19,6,141.0
6,High,20,0,0,166.36,145.83,18,155.16
9,Medium,22,1,0,147.92,127.79,30,140.23
20,High,26,0,0,117.89,172.91,19,144.85
20,High,18,0,0,144.32,140.64,43,147.0
9,Medium,33,1,0,155.65,141.5,15,143.48
7,Low,22,1,0,191.01,166.08,15,161.23
12,Low,24,1,0,173.2,173.02,13,156.72
21,Low,33,1,0,123.63,151.49,3,124.14
23,High,18,0,0,139.11,186.4,3,155.7
5,Medium,24,0,1,156.73,135.51,3,138.94
4,Low,38,1,0,151.09,159.28,3,138.86
16,High,22,0,0,115.41,165.13,40,144.47
7,High,15,0,0,189.81,165.13,31,173.65
4,Low,19,1,0,187.32,167.7,3,159.87
0,Medium,37,0,0,188.9,166.2,3,161.79
9,High,32,0,0,149.28,176.46,35,159.17
9,Low,33,1,0,181.67,177.92,18,161.85
13,High,18,0,0,171.68,188.53,22,174.71
4,Low,34,1,0,155.94,186.08,4,150.3
17,High,22,0,0,121.17,158.8,63,149.9
16,High,33,0,0,128.43,170.89,32,150.11
11,High,35,0,0,134.06,151.16,16,142.99
4,Low,17,1,0,186.67,167.29,3,161.18
12,Low,37,1,0,168.23,125.48,8,134.87
16,Medium,29,1,0,193.64,148.89,23,162.73
8,High,31,0,0,160.31,184.44,29,162.19
6,Low,32,1,0,121.78,168.88,6,129.68
12,High,16,0,0,153.22,126.12,31,146.53
8,Low,32,1,0,123.94,158.97,16,131.9
9,Medium,17,1,0,187.11,148.78,43,165.06
8,High,19,0,0,137.27,177.57,47,159.52
7,High,15,0,0,130.78,132.46,25,140.54
17,High,16,0,0,155.93,164.26,64,165.94
11,Low,38,1,0,179.57,171.28,13,157.71
11,Medium,20,1,0,155.83,163.7,28,152.51
15,High,22,0,0,118.06,142.84,41,137.91
8,Low,24,1,0,174.44,176.56,29,160.53
2,Low,31,1,0,117.73,176.58,3,130.75
20,Medium,27,0,0,163.35,148.46,26,152.26
1,Low,26,1,0,164.35,142.33,3,140.74
13,High,34,0,0,131.68,168.15,14,145.59
6,Medium,25,0,1,150.73,148.91,4,145.34
5,Medium,32,0,0,115.5,147.45,3,128.4
1,Medium,36,0,0,137.69,154.29,3,137.9
21,Medium,30,0,0,164.55,154.78,15,151.34
10,High,12,0,1,137.73,178.93,55,160.94
8,High,19,0,0,118.81,186.93,46,152.36
17,Medium,28,1,0,168.94,171.38,32,162.02
0,Medium,24,0,0,174.39,130.74,3,150.35
13,Medium,19,1,1,184.04,146.96,4,158.8
11,High,21,0,0,185.04,137.32,30,163.51
13,High,14,0,0,154.71,168.11,36,161.33
2,Medium,18,1,0,147.59,163.88,3,145.86
22,Medium,33,0,0,161.87,188.86,3,158.05
5,Medium,12,1,0,178.41,154.1,5,158.85
16,Low,34,1,0,153.03,131.85,19,137.1
17,High,21,0,0,194.61,163.9,55,179.99
8,Low,33,1,0,166.0,148.85,21,143.61
3,Medium,18,0,0,139.65,136.57,3,137.42
7,Low,34,1,0,178.5,149.11,16,148.4
19,High,27,0,0,127.06,140.48,24,141.1
21,Medium,34,0,0,189.86,137.82,6,155.7
22,Medium,13,1,0,142.23,156.44,10,144.28
5,Medium,33,0,0,169.8,177.65,3,156.65
14,Low,19,1,1,165.02,182.57,17,156.33
3,Low,21,1,0,122.67,141.92,3,126.43
17,High,13,1,0,172.73,154.15,56,168.45
9,High,37,0,1,139.95,179.79,18,154.46
17,Medium,29,1,0,145.49,189.26,27,157.85
16,High,38,0,0,122.72,180.25,32,151.71
23,Medium,27,0,0,179.81,157.11,7,155.56
11,High,16,0,0,183.82,181.56,39,179.53
8,High,21,0,0,125.74,170.93,39,151.16
12,High,23,0,1,180.01,132.38,14,158.62
3,High,15,0,0,186.84,130.47,5,162.46
2,Low,37,1,0,122.78,185.86,3,135.06
12,High,37,0,0,194.79,185.09,21,175.66
19,High,27,0,0,115.36,154.79,28,141.06
12,Medium,27,0,0,182.39,168.02,20,162.36
18,Medium,30,1,0,159.66,144.81,23,149.31
4,Low,30,1,0,191.58,170.59,3,157.06
10,High,13,0,0,142.05,154.0,71,155.82
14,High,26,0,0,143.87,147.65,27,144.67
8,Medium,32,1,0,182.23,153.64,15,157.03
0,Low,33,1,0,171.85,154.61,3,145.33
1,Low,28,1,0,163.04,186.28,3,151.34
22,Medium,36,0,0,166.55,182.52,5,158.25
14,Medium,27,0,0,169.61,137.64,15,148.62
6,Medium,22,0,0,118.83,143.1,15,132.6
6,Medium,23,0,1,124.42,144.46,3,132.68
0,Low,30,1,0,129.5,125.75,3,122.27
22,Low,35,1,0,129.14,159.48,12,130.47
2,High,18,0,0,182.43,156.37,3,165.92
18,Medium,19,1,0,146.56,133.1,50,144.88
5,Medium,29,0,0,154.15,189.37,3,157.21
8,Medium,32,1,0,122.15,174.48,9,138.72
6,Medium,22,0,0,184.65,136.9,9,158.09
19,Low,29,1,0,115.82,170.85,33,136.07
0,Low,12,1,0,121.66,147.14,3,129.79
8,High,19,0,0,179.97,166.14,53,171.5
6,High,37,0,0,125.45,155.58,11,137.77
6,Low,27,1,0,178.47,134.03,8,142.46
4,Low,35,1,0,143.03,154.91,3,134.18
21,High,17,0,0,177.09,187.51,11,174.48
9,Medium,19,1,0,119.03,173.63,40,144.45
10,High,38,0,0,142.3,165.73,33,151.79
9,Low,38,1,0,153.5,179.83,22,151.39
23,Low,35,1,0,165.06,178.87,6,149.83
8,High,20,0,0,181.9,182.73,42,176.71
8,High,33,0,0,134.56,132.08,36,138.62
7,Low,24,1,0,167.71,133.41,18,143.25
7,Low,34,1,0,127.14,176.93,21,136.29
2,Medium,34,0,0,178.61,189.7,3,166.01
14,Low,23,1,1,189.66,161.57,15,158.42
0,Low,20,1,0,118.78,187.68,6,137.74
5,Medium,38,0,0,121.39,168.08,3,133.65
4,Low,24,1,0,178.0,130.55,3,142.6
6,High,23,0,0,185.42,185.21,9,173.05
18,High,29,0,0,166.86,179.55,38,170.22
14,Medium,37,0,0,151.89,159.83,14,148.84
23,High,15,0,1,176.53,173.35,6,170.06
8,High,38,0,1,138.98,147.85,20,145.69
22,Low,23,1,0,194.34,165.03,3,160.4
1,High,12,0,0,182.84,151.86,4,165.93
12,Medium,20,1,0,185.97,159.26,14,163.39
19,High,24,0,0,183.39,166.38,29,171.77
12,Low,30,1,0,189.63,128.5,9,146.05
22,Low,27,1,0,120.16,131.24,14,119.31
7,High,15,0,0,187.69,130.36,36,163.35
0,Medium,25,0,0,134.89,163.67,3,144.17
18,Medium,18,1,0,143.73,151.84,48,149.99
1,High,19,0,0,144.65,157.5,3,150.23
18,Medium,31,1,0,133.59,157.52,27,143.49
17,Medium,33,1,0,150.07,127.63,30,142.98
20,Medium,16,1,0,155.44,176.74,22,158.2
11,High,28,0,0,126.89,170.54,24,144.41
21,High,23,0,0,143.76,169.71,19,153.35
4,Low,21,1,0,142.85,127.23,3,127.16
10,Medium,31,1,0,168.97,167.36,20,155.62
2,Low,18,1,0,161.46,157.53,3,148.72
18,Medium,32,1,0,172.29,174.44,23,162.03
17,High,22,0,0,177.72,131.3,52,161.54
19,High,14,0,0,168.36,173.54,59,174.2
18,Medium,33,1,0,134.3,187.51,31,151.62
7,Medium,35,0,0,155.17,180.31,19,156.87
1,Low,27,1,0,152.33,183.12,3,146.83
22,Medium,31,0,0,120.92,129.93,3,125.06
11,High,15,0,0,186.56,159.43,38,171.08
2,Medium,21,0,0,122.31,141.03,3,130.43
22,Low,21,1,0,193.12,160.42,4,159.37
23,Low,32,1,0,117.54,170.93,7,128.04
10,Medium,21,1,0,173.37,173.54,27,166.76
18,High,31,0,0,138.01,189.45,36,161.76
0,Medium,20,0,0,187.38,187.25,4,173.07
2,Low,28,1,0,180.92,141.06,6,145.42
6,Medium,17,1,0,117.0,184.51,4,141.07
15,High,27,0,0,116.76,182.46,26,149.75
3,High,14,0,0,163.26,172.02,3,162.24
0,Low,31,1,1,126.97,141.75,3,121.71
16,High,12,0,1,116.13,137.24,53,142.34
18,Medium,38,1,0,192.42,153.31,16,167.7
17,High,34,0,0,165.63,127.54,35,155.24
19,Low,27,1,0,115.87,143.45,23,127.22
19,Low,36,1,0,154.24,129.77,14,138.87
14,Low,33,1,0,127.6,159.09,10,131.12
12,Medium,15,1,0,179.41,165.08,23,164.77
20,High,32,0,0,117.29,132.23,16,132.13
8,High,22,0,0,144.67,181.81,33,159.07
2,Low,35,1,0,134.04,131.29,4,123.54
18,High,35,0,0,193.47,150.75,39,171.71
6,Low,37,1,0,121.25,157.56,3,127.39
23,Low,24,1,0,172.59,162.84,11,149.44
9,High,17,0,0,153.24,145.74,59,157.22
20,High,15,0,0,180.32,171.35,33,174.3
1,Low,16,1,0,132.14,147.19,4,132.29
15,High,38,0,0,183.42,141.42,18,161.63
10,High,27,0,0,191.03,154.46,32,170.8
11,High,21,0,0,132.05,132.37,36,139.61
6,Low,24,1,0,134.42,187.8,5,144.37
23,Low,16,1,1,192.09,160.76,3,161.73
9,High,27,0,0,149.73,134.36,40,148.98
20,Low,23,1,0,181.82,176.74,18,161.82
10,Low,33,1,0,182.39,171.82,19,160.22
1,High,12,0,0,139.87,152.98,3,149.65
21,High,37,0,1,129.3,188.94,6,150.23
4,Medium,13,0,0,144.32,157.54,5,147.91
6,Medium,23,0,0,162.35,138.83,23,145.71
20,High,21,0,0,154.77,176.43,27,163.25
21,Medium,31,0,0,173.94,185.37,14,164.25
22,Low,29,1,0,158.9,142.05,3,137.86
10,Medium,17,1,0,179.44,125.44,32,152.55
18,Medium,25,1,0,123.32,164.6,31,139.73
7,Medium,26,0,1,150.13,172.63,14,152.7
17,High,24,0,0,116.29,141.96,52,142.33
12,Medium,12,1,0,124.66,187.64,29,148.2
1,High,16,0,0,141.52,135.9,6,143.49
10,Medium,25,1,0,187.12,177.08,23,167.44
11,Medium,19,1,0,145.41,181.96,23,155.05
6,Low,26,1,0,136.88,136.11,8,130.08
8,High,16,0,0,168.66,157.59,51,165.69
12,High,31,0,0,171.28,126.82,19,149.03
1,High,17,0,0,153.51,166.72,3,157.89
3,Low,29,1,0,138.08,160.52,3,131.31
18,High,34,0,0,139.14,175.59,42,157.96
8,Low,21,1,0,129.84,157.58,28,138.65
14,Medium,15,1,0,144.01,148.0,22,145.48
13,High,12,0,0,128.46,133.88,34,141.9
13,High,21,0,0,166.43,128.32,26,151.67
9,High,15,0,0,186.58,159.37,54,174.53
11,High,35,0,1,135.34,184.73,15,152.23
19,Low,38,1,0,134.38,174.79,21,140.12
23,Low,38,1,0,186.85,150.55,12,150.73
6,High,36,0,0,160.44,188.94,7,162.12
16,Medium,27,1,0,173.38,136.96,30,152.23
23,High,20,0,0,186.13,189.85,7,175.62
0,Medium,24,0,0,168.2,139.96,6,148.85
18,High,18,0,1,174.4,135.93,51,164.96
11,Medium,34,0,0,145.96,180.79,25,152.81
23,Low,23,1,0,190.05,155.48,10,153.91
13,Low,22,1,0,171.31,182.97,24,159.4
20,Low,30,1,0,120.74,173.62,18,133.97
3,Medium,22,0,0,162.62,135.19,3,145.45
3,Low,21,1,0,122.57,132.93,3,121.82
22,Low,18,1,0,156.77,154.04,4,144.34
12,Medium,13,1,0,122.08,161.5,14,141.89
13,Medium,13,1,0,165.18,152.51,25,155.25
4,Medium,22,0,1,151.51,138.78,3,142.88
5,Medium,38,0,0,159.25,139.14,5,141.61
19,High,19,0,0,166.92,158.14,51,164.48
7,High,29,0,0,135.03,125.93,14,135.07
14,High,20,0,0,140.56,153.53,41,148.09
7,High,20,0,0,153.57,127.16,30,147.22
6,High,16,0,1,160.3,181.75,9,164.85
3,Medium,27,0,0,188.89,165.31,3,163.79
22,High,29,0,0,143.15,135.41,3,137.17
22,Medium,21,0,0,162.34,174.96,11,159.2
2,Low,26,1,0,188.8,157.02,3,154.53
8,High,24,0,0,172.43,158.2,33,165.84
13,High,19,0,0,141.27,141.65,25,146.56
9,Medium,30,1,0,148.18,150.59,21,143.84
17,High,26,0,0,185.3,182.08,51,180.12
6,Medium,13,1,0,150.01,134.57,6,140.24
1,Medium,25,0,0,135.16,165.54,3,143.7
8,High,22,0,0,156.85,139.1,42,152.84
14,High,33,0,0,129.88,153.91,15,140.15
4,High,20,0,0,161.56,159.65,4,157.27
19,High,37,0,0,194.32,132.92,25,165.4
0,Low,28,1,0,192.54,130.1,8,146.62
1,High,15,0,0,164.1,156.46,3,159.54
12,Low,22,1,0,185.9,151.61,23,153.44
12,Medium,35,0,0,180.21,184.86,18,165.57
7,Medium,18,1,0,191.05,170.37,24,170.25
6,Low,31,1,0,184.85,183.29,3,161.32
1,Low,33,1,0,186.99,185.34,6,160.77
15,Low,30,1,0,133.36,126.24,17,126.29
9,Medium,14,1,0,127.64,182.19,40,151.29
2,Low,22,1,1,118.52,187.3,3,136.02
9,High,21,0,0,167.74,154.42,50,161.97
22,Low,21,1,0,189.68,166.34,12,159.56
6,Medium,35,0,0,194.51,147.49,5,159.68
21,Medium,12,1,0,183.19,131.41,8,153.75
6,Medium,26,0,0,181.48,142.07,10,157.51
4,Low,38,1,0,156.51,130.24,5,131.01
6,Medium,35,0,0,151.16,156.64,3,145.33
7,Low,28,1,0,166.23,167.48,11,148.65
2,Medium,38,0,0,116.82,125.34,3,117.26
14,Low,22,1,0,178.55,139.88,22,151.97
8,High,28,0,0,167.6,129.79,30,151.81
17,High,26,0,0,128.6,187.77,47,155.7
11,High,13,0,0,165.86,177.2,43,169.69
10,High,13,0,0,162.96,127.01,62,158.68
11,High,36,0,0,178.04,177.91,25,169.11
3,Medium,16,0,0,182.0,178.77,6,165.83
17,High,21,0,0,135.27,177.34,63,159.65
2,Medium,28,0,0,180.16,182.1,7,163.94
17,Medium,27,1,0,129.57,155.45,28,142.33
23,Low,25,1,0,146.54,140.56,5,133.04
18,High,38,0,0,154.41,181.58,47,162.88
10,High,33,0,1,179.39,179.25,14,168.6
7,High,37,0,0,187.09,142.86,14,159.76
20,Low,29,1,0,116.38,162.75,7,129.79
6,Low,38,1,0,173.98,161.2,8,148.53
11,Medium,28,1,0,185.2,156.69,23,158.64
18,High,26,0,0,191.34,164.56,49,176.02
22,Medium,34,0,1,136.43,130.46,3,128.61
22,Medium,35,0,0,128.84,154.55,7,136.73
2,High,13,0,0,154.92,143.19,3,153.95
21,Low,36,1,0,187.08,125.15,7,145.15
2,Medium,30,0,0,140.25,158.75,3,138.81
14,High,36,0,0,155.4,148.71,26,150.96
22,Medium,31,0,0,194.64,153.03,7,161.73
15,High,37,0,0,151.48,132.24,24,144.05
22,Low,19,1,0,165.26,157.87,15,147.33
8,Medium,17,1,0,194.65,142.56,25,163.22
7,Medium,17,1,0,144.38,125.04,21,135.74
7,High,18,0,0,136.83,175.7,27,157.13
8,Medium,17,1,0,137.62,165.81,33,149.88
16,High,23,0,0,164.36,159.31,48,163.46
10,Medium,17,1,0,128.02,165.43,40,145.05
17,High,16,0,0,128.16,146.04,70,149.46
9,Low,26,1,0,135.81,133.0,31,133.84
7,High,33,0,0,158.27,148.2,13,150.38
4,Low,15,1,0,182.53,176.28,3,161.68
13,Low,25,1,1,157.34,164.54,13,145.65
21,Medium,29,0,1,177.61,176.43,6,159.64
20,Low,31,1,0,191.6,183.65,18,165.39
6,High,14,0,0,174.2,141.23,28,162.59
11,High,31,0,0,166.42,184.44,18,165.49
16,High,12,0,0,115.66,168.07,59,152.8
14,Low,18,1,0,150.87,161.45,16,144.52
1,Low,20,1,0,136.44,157.71,3,134.99
14,High,35,0,0,155.99,155.47,19,152.78
0,Low,17,1,1,191.09,129.8,3,147.66
2,Low,33,1,0,140.64,128.55,3,125.28
15,Low,38,1,0,127.86,146.51,24,129.24
2,Medium,37,0,0,181.07,138.23,4,150.83
8,Medium,20,1,0,194.25,130.63,38,159.4
14,Medium,14,1,0,177.41,126.59,18,152.55
15,Medium,17,1,0,126.07,188.6,35,148.06
10,Low,32,1,0,159.06,138.79,18,138.36
2,High,17,0,1,147.42,189.0,3,161.28
19,Low,29,1,0,165.67,160.39,21,148.89
22,High,22,0,1,168.49,137.47,3,150.73
21,Medium,32,0,0,179.57,134.44,7,149.5
17,Medium,28,1,0,134.21,138.05,34,137.62
9,Medium,27,1,0,192.17,148.65,17,162.46
21,Low,33,1,0,132.18,138.32,12,126.11
11,High,37,0,0,124.93,178.82,22,146.7
3,Low,21,1,0,181.31,148.86,3,148.96
20,Low,26,1,0,152.06,159.25,18,147.26
7,Medium,28,0,0,154.22,157.58,21,149.12
22,Low,34,1,0,140.5,167.87,3,138.09
8,Low,25,1,0,118.71,189.83,21,137.92
20,High,22,0,0,130.49,153.83,31,145.34
12,Low,34,1,0,175.93,145.97,5,145.97
11,High,37,0,0,132.95,188.31,19,152.93
7,Low,27,1,0,194.41,189.85,8,169.43
20,Medium,14,1,1,177.9,175.76,21,166.67
1,Medium,19,0,0,182.89,176.85,3,166.86
11,High,24,0,0,184.86,151.48,23,165.77
8,Low,30,1,0,172.51,160.03,15,151.19
13,Low,30,1,0,152.29,147.87,12,136.23
6,Low,34,1,0,188.36,165.23,8,157.33
15,High,12,0,0,149.12,178.67,41,165.45
9,Medium,24,1,0,122.67,149.31,27,135.34
4,Medium,30,0,0,162.72,159.79,3,151.46
4,Low,38,1,0,123.45,175.37,6,135.68
16,High,15,0,0,167.43,138.58,65,163.12
6,Low,35,1,0,194.8,164.67,4,156.38
7,Medium,12,1,1,169.02,175.42,25,163.3
15,Medium,17,1,0,131.84,128.39,28,137.35
7,Medium,34,0,0,126.03,141.49,3,131.52
9,Medium,33,1,0,143.51,126.64,28,135.51
5,Low,38,1,0,126.66,125.42,3,119.68
8,High,28,0,0,160.58,156.05,31,155.99
16,Medium,28,1,0,177.65,170.54,25,165.74
12,High,26,0,0,167.65,149.9,22,157.34
23,Low,25,1,0,164.38,165.37,3,147.56
18,High,25,0,1,149.85,137.45,39,150.63
0,Low,19,1,1,128.82,179.37,3,137.59
9,Medium,35,1,0,166.02,148.57,21,149.01
6,Low,21,1,0,148.55,170.97,6,144.43
14,Medium,28,0,0,139.44,133.45,16,138.93
6,Medium,30,0,0,167.74,178.18,11,159.58
23,Medium,26,0,0,145.28,158.67,9,142.93
7,High,28,0,0,128.47,188.07,16,154.04
12,Medium,13,1,0,153.68,151.35,21,152.25
2,Low,20,1,0,138.13,181.74,3,143.24
21,Low,24,1,0,173.68,151.79,3,149.43
21,Low,22,1,0,118.77,132.01,3,120.92
19,High,36,0,0,183.23,169.7,31,171.94
8,Low,36,1,0,151.91,136.89,10,136.47
1,Medium,31,0,0,116.28,176.99,3,135.66
17,Medium,21,1,1,125.67,146.77,33,137.67
10,Medium,13,1,0,190.64,174.17,43,174.46
23,Low,32,1,0,157.96,156.29,8,140.91
16,High,35,0,1,176.48,159.91,25,166.06
12,Low,25,1,0,185.62,172.75,20,161.51
23,Medium,34,0,0,140.62,168.23,11,144.63
19,Medium,37,1,0,158.75,168.17,25,152.94
11,High,26,0,0,167.03,167.83,23,160.35
0,Medium,17,0,0,182.33,163.04,3,161.81
2,High,12,0,0,148.61,177.47,3,160.44
10,High,32,0,0,191.14,144.5,28,163.99
13,Low,27,1,0,163.57,136.8,5,139.82
0,Low,16,1,0,184.91,172.79,3,162.6
3,High,13,0,0,121.67,160.09,3,145.14
16,High,38,0,0,152.07,183.54,37,160.25
18,Medium,20,1,0,129.33,187.73,44,157.49
0,Low,20,1,1,187.95,181.36,3,163.3
12,Medium,28,0,0,133.8,160.59,19,141.94
1,Medium,21,0,0,172.04,174.02,3,161.16
17,High,36,0,0,120.03,146.73,39,140.41
20,Medium,30,0,0,131.07,125.96,17,131.35
20,High,21,0,0,140.59,175.73,30,155.62
14,Low,19,1,0,177.55,175.8,16,161.8
15,Medium,35,1,0,135.09,125.52,15,131.85
22,Medium,27,0,0,180.35,181.13,14,165.1
14,Medium,36,0,0,178.09,182.29,16,166.11
10,Low,21,1,0,194.38,145.84,32,158.27
18,High,12,0,0,169.17,126.12,75,163.32
14,High,36,0,0,166.0,181.94,28,165.23
20,High,18,0,0,163.12,129.58,30,153.1
12,Medium,34,0,0,123.77,140.09,10,131.3
20,Low,31,1,0,156.06,160.27,16,142.43
1,High,18,0,0,183.12,178.07,3,174.41
0,Medium,32,0,0,116.67,175.82,4,139.46
2,High,14,0,0,125.13,169.28,6,147.44
13,Low,22,1,0,163.04,178.86,26,156.31
17,Medium,21,1,0,182.76,169.55,43,169.86
5,Low,29,1,0,139.59,166.45,3,135.1
3,Medium,26,0,0,184.72,135.9,3,154.45
20,Low,28,1,0,142.0,153.59,11,136.55
18,Medium,24,1,0,152.24,154.34,33,152.38
15,Low,31,1,0,191.24,126.2,15,150.98
11,Medium,16,1,0,148.41,151.36,25,148.7
10,High,31,0,0,162.96,139.76,31,152.53
0,Medium,13,1,0,189.84,130.83,3,155.21
4,Low,14,1,0,136.15,160.51,3,138.31
21,Low,31,1,0,122.35,140.41,5,122.22
8,Medium,16,1,0,191.64,137.37,32,161.76
16,Low,32,1,1,159.79,176.14,14,152.78
16,High,15,0,0,192.27,177.66,62,182.85
7,Medium,15,1,1,184.34,167.96,25,165.35
4,Low,37,1,0,162.57,137.33,3,136.19
16,High,16,0,1,152.71,166.13,49,163.31
2,Medium,36,0,0,153.42,171.37,3,149.41
11,High,21,0,0,128.28,140.17,33,140.99
21,Low,33,1,0,151.28,133.64,3,130.95
17,High,37,0,0,180.74,153.18,39,167.66
18,Medium,15,1,0,194.1,152.58,44,173.28
1,Medium,20,0,0,191.83,134.96,3,158.33
4,Low,27,1,0,191.97,137.46,3,148.71
6,Low,35,1,0,116.52,157.48,6,122.74
7,High,17,0,0,156.26,159.28,27,161.13
4,High,17,0,0,131.01,159.96,3,146.26
23,Low,21,1,0,164.22,188.83,6,157.89
3,High,17,0,0,190.67,127.57,3,162.52
16,Medium,19,1,0,185.13,176.11,41,173.2
14,Medium,15,1,0,184.33,147.87,22,162.71
14,High,34,0,0,144.26,173.94,18,154.54
5,Low,33,1,0,155.09,172.8,4,144.04
7,Medium,15,1,0,137.56,165.29,17,146.23
14,High,26,0,0,159.31,166.03,20,159.8
7,Low,29,1,0,139.27,168.13,17,137.43
16,High,28,0,0,179.7,173.59,36,171.46
0,Low,38,1,1,152.15,133.56,3,129.22
1,Medium,29,0,0,171.03,148.45,3,150.59
17,Medium,30,1,0,184.81,179.73,32,170.2
14,Medium,12,1,0,138.98,160.61,27,147.83
1,High,14,0,0,164.77,133.9,3,152.83
21,Medium,28,0,0,182.67,187.51,9,170.4
0,Medium,36,0,0,191.06,189.21,3,168.81
22,High,22,0,0,128.05,158.32,10,142.91
17,High,29,0,0,169.51,159.66,37,165.48
23,Low,17,1,0,149.82,143.98,3,138.79
22,High,24,0,1,137.84,158.55,3,145.87
7,Low,32,1,1,127.62,187.97,3,140.19
18,High,29,0,0,161.83,141.55,30,157.71
5,Low,15,1,0,141.73,144.8,3,136.87
11,Low,35,1,0,168.44,183.34,12,156.04
5,Low,37,1,1,137.48,149.99,5,129.69
11,High,24,0,1,115.05,188.21,24,146.83
20,Low,21,1,0,176.38,147.72,19,152.22
10,Low,26,1,0,127.91,125.3,30,123.08
2,Medium,33,0,0,135.2,186.99,3,147.19
7,Medium,24,0,0,133.83,140.4,26,134.99
18,Medium,12,1,0,142.38,170.12,57,156.77
12,High,13,0,0,153.83,128.08,38,151.56
13,Medium,33,0,0,180.0,173.64,8,163.47
10,Medium,33,1,0,167.02,139.3,16,146.95
7,Low,32,1,0,126.68,177.02,7,135.75
14,Medium,15,1,0,129.69,187.83,19,150.6
15,Medium,16,1,0,182.77,127.94,41,155.52
21,Medium,22,0,0,134.99,148.92,10,140.76
14,High,18,0,0,132.49,171.53,37,153.16
23,Low,22,1,0,115.29,189.77,7,134.11
19,Low,27,1,0,176.93,148.6,17,150.84
1,Medium,19,0,0,174.08,189.67,3,166.72
9,High,15,0,0,142.81,183.45,61,164.4
9,High,22,0,0,115.59,171.76,49,146.79
0,Medium,31,0,0,177.85,149.82,3,151.38
4,Medium,28,0,1,122.95,159.9,9,134.47
18,Medium,20,1,0,151.84,171.82,46,156.29
8,Medium,20,1,0,182.21,169.57,33,165.55
3,Low,27,1,0,134.54,143.75,5,129.24
6,High,16,0,1,145.37,161.22,20,153.99
6,Medium,34,0,0,167.87,179.28,6,158.29
4,Low,35,1,0,168.85,155.88,3,145.57
2,Medium,12,1,0,152.02,161.81,3,151.27
18,Medium,38,1,0,149.7,146.29,19,145.52
19,High,12,0,0,148.56,135.41,55,155.3
11,High,24,0,0,153.88,129.29,30,147.37
14,Low,30,1,0,142.73,151.39,10,137.06
22,Low,20,1,0,135.51,166.07,8,138.41
20,Medium,17,1,0,140.28,174.4,22,151.0
0,High,13,0,0,153.22,130.46,3,148.34
22,Medium,31,0,0,145.57,145.7,3,138.9
1,High,12,0,0,161.84,177.51,3,168.32
0,Medium,25,0,0,165.49,132.3,3,145.16
9,High,22,0,0,194.69,189.56,50,183.28
17,Medium,38,1,0,164.21,166.12,34,155.85
1,Medium,37,0,0,173.77,186.1,3,163.78
7,Low,34,1,0,122.84,172.47,13,133.06
6,Medium,31,0,0,175.84,187.65,7,164.73
9,Low,26,1,0,155.71,168.25,27,149.5
23,Medium,21,0,0,184.32,142.42,12,158.01
7,High,16,0,0,192.67,177.02,33,178.9
5,Low,38,1,0,133.43,139.69,4,125.85
2,Low,22,1,0,189.29,161.73,7,157.06
4,Medium,23,0,0,168.73,149.25,6,155.23
3,Medium,15,1,0,174.13,176.94,3,162.18
13,High,19,0,0,152.79,174.37,28,161.92
10,Medium,29,1,0,143.38,181.15,19,153.94
11,Low,23,1,0,179.0,141.05,23,151.55
19,Low,27,1,0,116.76,189.84,21,140.68
13,High,17,0,0,158.25,177.35,31,165.43
3,High,14,0,0,120.91,150.14,6,139.76
9,Medium,35,1,0,135.37,133.3,14,134.99
7,Medium,23,0,0,173.02,147.71,17,155.38
19,Medium,21,1,0,175.38,131.9,30,153.38
7,High,19,0,1,186.12,165.0,27,169.91
3,Medium,29,0,0,172.23,132.34,3,145.19
17,High,27,0,0,168.98,152.98,40,163.54
10,High,22,0,0,190.61,168.39,46,176.88
2,Medium,37,0,0,157.99,154.45,9,146.53
16,High,36,0,0,167.31,182.31,27,169.9
5,High,17,0,0,184.45,140.66,3,159.58
20,Medium,29,0,0,176.1,159.05,18,160.07
19,Medium,38,1,0,176.59,184.36,18,164.08
8,Medium,25,1,0,157.94,147.96,30,149.01
13,Medium,12,1,0,157.23,155.73,25,150.09
13,Medium,15,1,0,166.9,185.63,21,165.39
15,High,30,0,0,171.04,157.46,21,161.75
1,Low,36,1,0,158.69,181.18,3,146.88
7,Low,15,1,0,129.84,186.13,29,147.05
4,Medium,26,0,0,134.87,141.65,4,135.88
16,Low,25,1,0,154.45,176.08,29,154.08
1,Medium,19,1,0,131.33,167.49,3,139.57
12,Low,29,1,0,148.88,189.14,12,150.33
17,High,35,0,0,126.77,163.06,29,150.2
22,Low,18,1,0,126.7,176.53,3,140.55
6,Low,13,1,0,182.46,147.47,12,154.17
0,Low,21,1,0,158.38,164.42,3,145.2
17,Medium,20,1,0,177.43,175.61,43,170.23
0,Low,31,1,0,115.92,187.85,8,133.59
1,Medium,26,0,1,137.85,141.37,3,135.82
23,Low,12,1,0,116.41,130.13,3,122.34
20,High,21,0,0,115.27,188.46,26,150.31
16,High,31,0,0,117.56,164.17,24,142.2
20,High,24,0,0,156.72,126.12,23,145.75
1,Low,27,1,0,122.27,158.8,3,128.34
2,Low,19,1,0,178.87,185.84,3,161.87
7,Low,20,1,0,156.3,188.99,19,156.7
0,High,15,0,0,134.63,146.17,3,143.86
21,Medium,14,1,0,182.09,175.82,15,168.61
1,Medium,12,1,0,155.77,154.82,4,149.02
13,Low,28,1,0,143.06,150.87,22,135.36
20,Low,16,1,0,160.44,174.28,24,154.45
17,High,27,0,0,168.81,142.55,45,160.71
5,Medium,37,0,0,159.7,152.71,3,148.78
11,Low,30,1,0,189.62,141.02,16,151.86
13,Low,27,1,0,143.32,134.27,20,131.29
18,High,15,0,0,147.8,149.65,76,159.36
10,High,25,0,0,183.71,187.35,34,176.3
6,Low,36,1,0,166.0,152.23,8,144.62
19,High,22,0,0,192.3,169.41,43,178.33
21,High,34,0,0,178.37,143.53,13,154.38
11,Low,31,1,0,156.03,181.25,15,151.33
0,High,19,0,0,165.78,165.62,3,160.11
12,High,15,0,0,147.49,186.78,27,163.76
21,Medium,12,1,0,125.21,146.19,16,137.51
23,Low,19,1,0,147.57,159.97,3,141.05
9,High,20,0,1,137.52,137.42,42,148.0
3,Low,29,1,0,169.25,133.83,3,138.04
13,Medium,27,0,0,168.54,163.05,17,157.33
19,High,24,0,0,189.99,177.22,41,176.52
22,Medium,31,0,0,121.36,137.99,5,126.18
1,Low,32,1,0,152.41,170.69,3,142.07
6,Medium,31,0,0,146.89,168.65,8,148.27
11,High,36,0,0,157.2,156.37,19,152.32
2,Low,21,1,0,124.57,174.85,6,137.6
21,Low,34,1,0,154.31,163.6,3,142.24
2,Low,23,1,0,167.56,186.52,9,156.47
15,Medium,16,1,0,140.1,174.64,34,152.11
22,High,15,0,0,167.04,182.63,8,167.76
16,Medium,14,1,0,136.25,148.49,42,143.9
18,High,37,0,0,144.54,177.71,33,159.94
6,Medium,16,1,1,187.58,189.48,11,172.78
19,Low,34,1,0,117.0,135.63,15,122.74
10,High,33,0,0,136.83,158.23,27,145.39
1,Medium,23,0,0,189.86,181.05,3,169.07
8,Low,36,1,1,126.76,150.78,18,129.59
8,Low,36,1,0,146.79,158.04,19,140.58
12,High,36,0,0,151.33,173.6,14,156.4
6,Medium,25,0,0,167.21,178.61,11,158.39
11,Medium,20,1,0,163.94,137.97,21,148.02
10,High,13,1,0,165.14,150.42,42,161.07
7,High,34,0,0,190.23,150.64,11,165.14
16,Low,35,1,0,146.42,134.93,25,134.75
7,Medium,26,0,0,154.19,130.92,22,142.57
18,High,13,0,0,192.12,173.41,75,184.14
6,Medium,34,0,0,125.25,180.38,12,142.28
20,Medium,20,1,0,190.86,186.87,20,173.61
8,High,26,0,0,190.86,187.16,29,178.66
0,Medium,29,0,0,191.28,189.65,7,173.34
3,High,15,0,0,120.36,130.39,3,133.72
19,High,13,0,0,161.21,150.79,62,163.46
20,High,14,0,0,182.05,130.34,32,161.03
5,Low,37,1,0,140.1,169.06,5,138.39
14,Low,37,1,0,162.24,188.21,19,153.84
13,Medium,23,0,0,135.52,127.38,22,134.41
3,Low,23,1,0,125.37,159.21,3,129.89
10,Medium,22,1,0,183.18,159.66,31,163.68
16,High,21,0,0,193.5,135.61,44,170.27
23,Medium,26,0,0,120.58,179.18,3,141.86
20,Low,21,1,0,124.71,150.66,16,132.0
2,Medium,28,0,0,162.09,152.33,3,147.2
5,High,22,0,0,121.9,187.53,3,148.48
10,High,29,0,0,165.49,141.08,33,154.15
3,Low,37,1,0,172.56,150.06,3,144.42
13,Low,17,1,0,148.17,175.06,20,150.44
0,High,13,0,0,175.5,156.2,3,163.72
2,Medium,26,0,0,124.09,164.22,3,137.29
1,Low,15,1,0,139.1,156.06,3,137.58
7,Medium,18,1,0,179.61,143.42,16,156.43
18,High,33,0,0,122.07,135.58,40,139.76
4,Medium,23,0,0,137.81,180.26,6,148.55
23,Medium,26,0,0,164.69,142.89,3,145.99
6,Medium,32,0,0,134.79,189.83,14,149.13
1,Low,15,1,0,153.47,125.65,3,136.5
8,Low,24,1,0,181.98,182.33,23,163.37
17,High,12,1,0,136.57,186.58,56,163.08
2,Low,25,1,0,149.87,128.82,3,129.76
1,Low,18,1,0,116.46,165.79,3,130.87
20,Low,36,1,0,171.67,175.87,12,156.47
14,High,19,0,0,143.4,165.0,35,153.72
8,High,17,0,0,183.8,182.21,42,176.78
18,Medium,12,1,0,122.08,133.61,56,139.19
20,High,15,0,0,177.58,186.67,36,176.66
8,Medium,17,1,0,180.1,160.78,32,163.01
13,High,18,0,0,177.09,147.38,26,164.03
0,Medium,31,0,0,173.75,159.14,3,153.91
7,High,35,0,0,134.02,147.06,26,142.33
14,High,35,0,0,148.34,154.6,25,150.35
4,Medium,37,0,0,145.88,135.17,3,134.1
23,Medium,36,0,0,134.28,179.9,9,142.43
23,High,24,0,1,154.34,150.33,3,150.32
6,Medium,22,0,0,170.8,155.36,13,155.95
9,Low,29,1,0,153.3,184.12,19,155.51
4,Medium,20,0,0,192.96,183.96,3,174.35
12,Low,28,1,0,171.7,176.23,10,156.41
2,Medium,38,0,0,150.42,126.95,3,133.68
9,Medium,17,1,0,147.32,183.91,42,158.84
13,Low,32,1,0,161.69,137.27,14,139.27
14,Low,37,1,0,149.54,153.49,12,138.75
14,Low,26,1,0,132.76,183.69,12,142.93
5,Medium,21,0,0,156.68,131.18,3,142.99
19,Medium,18,1,0,168.82,133.65,41,151.98
16,High,16,0,0,143.68,162.44,62,158.67
18,Medium,20,1,0,137.67,155.4,49,147.91
11,Medium,32,0,0,132.39,150.33,28,137.56
21,Medium,25,0,0,144.03,177.63,8,149.81
9,Medium,17,1,0,134.55,183.15,43,153.47
19,Medium,26,1,0,176.05,189.44,20,167.13
4,Low,33,1,0,166.1,132.99,5,137.43
5,Medium,12,1,1,137.95,168.96,5,147.56
12,Medium,12,1,0,194.35,181.64,15,177.09
13,Low,37,1,0,166.65,140.63,13,140.27
17,Medium,32,1,0,126.4,156.2,22,138.14
7,High,27,0,0,181.35,125.47,19,156.26
20,Low,36,1,0,175.3,133.75,8,143.15
7,Low,27,1,0,155.0,133.16,18,136.61
12,Low,26,1,0,133.68,170.99,11,137.46
22,Low,17,1,1,179.87,165.45,3,156.12
12,Low,33,1,1,124.96,127.52,6,120.99
16,Low,32,1,0,148.44,163.72,20,144.98
21,High,19,0,0,180.39,129.43,16,157.33
23,Low,31,1,0,179.12,138.14,8,144.02
11,Low,31,1,0,165.39,183.59,16,154.87
10,Medium,14,1,0,115.62,154.07,42,140.56
4,Low,16,1,1,141.65,175.79,4,144.47
12,Low,28,1,0,183.26,145.43,17,151.07
22,Medium,28,0,0,172.71,132.2,10,146.48
11,Low,29,1,0,179.85,182.73,27,159.45
8,Medium,22,1,0,120.04,135.65,32,131.04
2,Low,34,1,1,190.26,147.73,3,147.73
9,Low,24,1,0,133.32,170.58,28,143.3
5,Low,17,1,0,141.58,163.47,3,139.94
23,Low,15,1,0,182.25,185.32,10,164.0
12,High,35,0,0,147.5,189.2,11,157.52
3,Low,31,1,1,166.45,134.53,6,136.82
1,Low,24,1,0,159.19,139.73,3,136.81
20,Medium,17,1,0,184.29,166.55,20,167.11
22,High,14,0,0,127.49,134.54,12,138.36
18,Medium,16,1,0,122.82,160.24,46,145.13
2,High,14,0,1,165.59,149.23,3,156.62
2,Medium,26,0,1,182.57,182.73,3,167.86
4,High,17,0,0,188.85,184.68,5,175.07
18,Medium,15,1,1,146.99,141.82,42,149.34
18,High,19,0,0,173.79,131.22,63,162.52
20,High,30,0,0,146.26,189.42,18,158.23
2,Medium,25,0,0,140.51,134.74,3,135.74
3,Low,16,1,0,116.94,136.27,3,122.44
21,Medium,32,0,0,135.01,141.39,7,133.0
22,Low,25,1,0,128.61,147.16,3,126.73
17,High,17,0,0,136.49,134.61,62,149.7
2,Low,30,1,0,138.1,145.95,7,128.45
1,Low,38,1,0,183.71,126.43,3,140.43
1,High,26,0,0,131.27,177.06,8,148.36
16,Medium,16,1,0,180.54,142.13,40,162.74
20,High,20,0,0,183.75,178.16,32,173.54
15,Low,28,1,0,152.1,167.05,23,146.67
6,Low,38,1,0,172.96,156.24,11,147.97
18,High,37,0,0,140.49,188.2,36,162.69
1,Medium,37,0,0,116.42,150.13,3,127.82
19,High,34,0,0,171.77,136.6,26,157.95
21,Medium,27,0,0,163.51,162.53,9,154.01
17,Medium,29,1,1,151.91,134.11,23,140.04
21,Medium,31,0,0,186.9,142.99,3,155.8
14,High,31,0,0,173.18,184.0,17,168.04
11,High,29,0,0,149.05,182.99,9,159.72
7,Medium,15,1,0,119.27,155.27,22,138.8
22,Low,35,1,1,185.09,156.09,3,149.13
16,Medium,12,1,0,193.77,161.84,43,175.48
4,Medium,23,0,0,165.76,130.47,3,144.85
22,Low,23,1,0,176.46,141.46,6,145.59
1,Low,38,1,0,155.48,162.7,5,142.84
14,High,14,0,0,133.93,145.88,42,147.55
4,Low,24,1,0,187.97,138.87,3,149.53
15,High,21,0,0,170.07,167.08,37,167.1
9,Medium,14,1,1,158.89,161.82,38,157.74
10,Medium,18,1,0,169.57,146.26,42,157.2
16,Medium,23,1,0,155.95,185.93,34,163.62
18,High,36,0,0,119.67,175.55,37,150.15
9,Medium,22,1,0,167.84,163.75,38,156.89
23,Low,35,1,0,115.42,138.62,3,119.65
11,Medium,31,0,0,132.63,167.13,17,143.69
3,Low,34,1,0,127.48,169.7,3,133.29
0,Medium,35,0,0,142.21,162.78,3,141.92
4,Medium,31,0,0,187.67,166.47,3,161.64
16,Medium,31,1,0,121.38,135.54,24,130.76
12,High,16,0,0,143.59,146.77,23,152.9
8,High,31,0,0,175.76,182.9,23,170.21
11,High,13,0,0,184.05,133.91,40,163.65
20,Low,31,1,0,173.89,163.33,7,152.39
13,Medium,29,0,0,192.22,183.35,17,171.07
1,Medium,32,0,0,170.67,125.92,3,141.34
1,Low,29,1,0,174.58,187.86,8,156.59
11,High,21,0,0,148.77,182.42,35,162.71
9,Medium,21,1,0,139.16,171.48,31,151.31
20,Low,28,1,0,151.95,171.09,5,145.42
13,Low,24,1,0,176.43,181.4,13,159.39
18,Medium,21,1,0,167.02,136.11,39,153.35
14,Medium,25,0,0,176.75,170.5,22,165.73
8,High,26,0,0,165.21,147.32,45,158.8
15,High,18,0,0,173.65,181.92,34,174.95
14,Medium,29,0,1,127.45,159.67,16,138.48
17,Medium,20,1,0,140.89,174.78,43,154.89
4,Low,19,1,0,159.9,135.86,3,140.39
15,Low,23,1,1,116.32,140.73,11,123.73
6,High,14,0,0,187.98,179.48,18,178.24
18,Medium,28,1,0,134.16,150.69,30,139.14
19,Low,31,1,1,122.08,159.31,19,129.42
14,Low,37,1,0,168.14,172.16,15,149.63
22,Medium,19,1,0,130.5,136.03,11,134.46
12,Low,26,1,0,159.95,144.66,5,141.15
0,Medium,25,0,0,134.92,146.17,3,134.84
14,High,31,0,0,128.28,184.58,29,153.44
18,Medium,28,1,0,173.8,133.94,34,151.56
2,Medium,33,0,0,146.07,149.14,3,140.36
2,Medium,34,0,0,160.96,187.36,3,156.21
6,Medium,15,1,1,132.29,179.27,6,148.12
20,Low,21,1,0,159.19,168.58,16,151.29
12,High,29,0,1,148.7,160.68,24,149.37
23,Medium,26,0,0,119.1,179.52,9,138.32
20,Low,25,1,0,173.14,186.52,8,159.58
13,Medium,16,1,0,159.19,185.06,18,160.37
16,Medium,27,0,0,189.19,166.54,38,167.95
7,Low,31,1,0,179.64,172.31,10,157.0
2,High,13,0,0,160.69,175.39,3,165.91
9,Medium,27,1,0,118.44,177.61,23,140.1
14,High,36,0,0,175.15,172.65,16,162.92
4,Low,27,1,0,158.92,136.7,3,136.4
5,Low,37,1,1,181.8,174.37,3,154.63
0,Low,21,1,1,161.22,150.37,4,141.24
17,Medium,12,1,0,115.16,137.99,58,137.53
21,Medium,30,0,0,180.19,131.66,5,146.09
19,High,17,0,0,178.94,140.62,56,166.22
9,High,12,0,0,122.95,158.0,72,150.44
14,High,16,0,1,169.71,141.05,29,160.48
23,Medium,37,0,0,157.09,168.28,3,150.27
14,High,33,0,0,162.19,187.69,26,165.06
7,Low,19,1,0,186.15,127.86,28,152.71
8,High,28,0,0,134.97,133.49,23,138.71
17,High,21,0,1,116.05,141.07,55,138.75
10,Medium,16,1,0,131.68,177.28,44,151.74
20,Low,38,1,0,188.21,142.63,14,152.58
20,High,33,0,0,131.91,137.45,14,139.04
0,Low,21,1,0,168.96,134.94,3,141.61
17,High,21,0,0,178.17,134.74,68,163.9
8,Low,34,1,0,180.06,171.79,22,156.36
12,Medium,24,0,0,115.83,171.03,25,138.27
6,Low,22,1,0,115.75,145.22,20,122.87
8,Medium,22,1,0,194.12,154.21,23,165.03
7,Medium,24,0,0,157.19,165.83,23,156.45
1,Low,26,1,0,120.1,188.38,3,135.62
18,High,13,0,0,117.14,173.3,76,155.43
3,Low,24,1,1,179.86,177.2,3,157.33
9,High,23,0,0,187.4,188.55,50,180.07
4,Low,19,1,1,156.96,149.77,3,141.01
3,Low,21,1,0,144.74,129.49,3,132.12
8,Low,23,1,0,171.19,173.55,25,158.03
22,Medium,21,0,0,116.79,132.87,7,128.71
22,Medium,36,0,0,186.91,153.51,4,160.64
9,High,26,0,0,135.49,172.99,44,152.65
12,Low,25,1,0,130.27,161.29,21,135.01
23,Low,19,1,1,139.86,148.86,3,134.15
5,Low,36,1,1,120.1,158.43,3,124.38
22,Medium,12,1,0,146.16,140.94,7,142.28
2,Medium,26,0,0,172.18,129.82,3,147.72
5,Low,16,1,0,154.86,151.81,3,143.87
8,Medium,32,1,0,168.44,128.79,14,147.13
0,Low,22,1,0,132.1,188.68,10,142.5
19,Medium,19,1,0,146.83,154.1,33,151.42
20,Medium,13,1,0,156.56,182.35,21,163.96
9,Medium,33,1,0,160.8,186.87,24,159.32
20,Medium,22,1,0,129.91,154.21,12,139.32
18,High,19,0,0,179.61,152.32,60,172.19
19,Medium,34,1,0,122.22,183.07,21,142.95
19,High,12,0,0,122.86,127.25,60,143.94
13,Low,24,1,0,134.98,156.67,20,135.08
2,Low,16,1,0,167.34,142.46,3,144.97
22,Medium,15,1,0,121.17,173.93,10,140.89
14,High,12,0,0,115.62,179.39,37,151.86
21,High,17,0,0,152.77,165.3,10,158.46
23,Medium,37,0,0,142.73,151.45,3,138.41
4,Low,24,1,0,127.54,161.07,3,131.84
9,High,38,0,0,167.47,162.32,38,160.17
4,Low,19,1,0,166.31,166.28,5,152.59
1,Medium,32,0,0,124.75,184.94,8,142.88
23,Medium,14,1,0,133.38,141.19,5,136.18
22,Low,14,1,0,144.2,138.1,7,136.09
22,Medium,12,1,0,194.2,137.36,3,160.07
21,Low,36,1,0,176.49,170.32,3,151.86
15,High,30,0,0,141.97,183.82,23,155.63
12,Low,32,1,0,192.24,146.24,5,151.96
23,Medium,37,0,0,151.39,152.34,3,144.05
13,High,20,0,0,145.43,187.93,27,163.18
15,High,31,0,0,190.54,134.44,28,160.0
5,Medium,25,0,0,173.89,182.17,3,164.03
17,Medium,26,1,0,158.83,187.35,27,161.91
19,High,29,0,0,163.06,176.97,22,165.96
16,Low,24,1,0,192.82,146.87,31,160.34
11,High,12,0,0,127.23,167.48,42,152.33
4,Low,14,1,0,142.77,143.94,3,137.67
0,Low,25,1,1,148.68,132.85,3,132.09
15,High,27,0,0,193.78,131.98,28,161.19
16,High,31,0,0,121.74,125.61,36,134.89
18,High,27,0,0,123.93,188.59,49,155.2
22,High,17,0,0,149.83,167.58,10,158.43
11,High,21,0,0,128.54,145.88,29,144.0
19,Medium,23,1,0,169.79,162.64,25,158.17
17,High,38,0,0,143.85,165.24,41,155.17
6,Low,26,1,0,182.7,136.89,14,147.73
20,High,29,0,0,174.89,143.78,12,158.34
1,Medium,31,0,0,152.66,160.57,7,146.45
14,Medium,21,1,0,182.6,179.59,17,168.23
22,Low,38,1,0,123.07,133.42,6,118.98
15,Low,30,1,0,161.49,180.79,29,153.49
22,Low,34,1,0,163.41,164.58,3,145.09
1,Medium,32,0,0,134.68,156.83,3,135.68
12,Low,28,1,0,118.97,134.36,12,121.56
18,High,12,0,0,157.82,160.74,82,167.88
15,Low,27,1,0,156.09,147.99,17,144.1
21,Medium,15,1,0,167.29,137.28,3,151.07
11,High,28,0,0,132.03,182.2,20,152.35
16,Medium,30,1,0,129.37,154.94,24,139.97
10,High,26,0,0,193.23,130.18,41,164.11
20,High,20,0,0,124.1,144.64,28,141.22
2,High,13,0,0,194.95,136.8,8,165.1
6,Medium,30,0,0,172.6,186.05,7,162.37
2,Low,30,1,0,165.35,140.8,3,138.04
16,High,24,0,0,142.18,157.92,45,153.95
5,Low,31,1,0,184.42,173.46,3,155.94
7,High,33,0,0,187.8,135.3,22,160.35
20,Low,25,1,0,172.75,153.44,9,151.83
8,Medium,13,1,0,171.79,167.46,42,164.17
3,Low,35,1,0,154.45,182.33,6,145.02
0,Medium,24,0,0,121.23,167.52,3,136.64
5,Medium,30,0,0,194.92,130.21,5,155.47
21,High,36,0,0,116.24,145.9,5,133.24
13,High,21,0,0,154.63,147.81,22,151.69
23,Medium,28,0,0,144.37,150.24,6,138.59
5,High,12,0,0,177.09,186.21,3,174.44
8,Low,35,1,0,173.86,127.32,19,144.12
3,High,13,0,0,165.24,144.64,3,157.69
9,Medium,26,1,1,120.98,157.01,22,134.87
13,Low,21,1,0,133.95,130.62,19,128.92
19,Medium,12,1,0,122.53,156.43,44,141.49
8,Medium,24,1,0,193.32,131.96,25,157.41
18,Medium,37,1,0,125.22,179.46,23,147.16
15,High,16,0,0,192.38,142.56,48,170.6
7,High,19,0,0,124.02,159.0,30,145.09
21,Low,17,1,0,183.98,165.19,13,160.47
10,High,15,0,0,160.97,144.87,57,158.47
3,Medium,18,0,0,181.54,147.84,3,158.96
23,Medium,27,0,0,165.72,158.18,3,150.63
21,Low,33,1,0,176.51,177.35,3,154.49
1,Medium,30,0,0,173.46,154.42,3,151.82
21,Medium,32,0,0,135.81,156.91,10,138.87
22,Low,31,1,0,189.8,163.73,6,155.66
19,Low,22,1,1,166.49,152.64,25,150.53
6,Low,36,1,0,131.17,172.2,8,135.14
15,High,16,0,1,139.48,125.32,31,143.55
12,Low,30,1,0,157.64,156.4,10,141.28
14,High,14,0,0,185.55,185.0,40,177.88
14,Low,32,1,0,178.74,165.03,9,153.92
15,Medium,14,1,0,139.16,156.62,33,147.22
12,High,17,0,0,170.08,175.18,30,169.87
16,High,22,0,0,115.13,150.55,47,141.26
12,High,30,0,0,141.61,155.37,20,144.08
0,High,13,0,0,182.17,137.69,3,161.71
0,Low,18,1,0,127.1,133.07,3,127.1
22,High,21,0,0,143.27,126.66,10,140.52
21,Low,31,1,0,115.08,172.55,3,127.38
14,Low,37,1,1,116.85,155.43,4,124.45
4,Medium,28,0,0,126.68,186.06,4,143.38
18,High,25,0,0,123.15,136.49,44,140.73
3,Medium,21,0,0,154.18,140.86,3,143.56
9,Medium,34,1,1,187.0,166.52,19,160.59
7,High,14,0,0,121.77,128.55,34,137.36
0,Medium,15,1,0,184.59,157.72,3,163.21
19,High,17,0,0,168.45,133.03,46,158.75
12,Medium,19,1,0,128.51,135.49,16,131.68
7,High,24,0,0,138.18,158.29,19,150.22
12,Medium,37,0,0,130.53,161.99,16,142.13
0,Medium,29,0,0,178.14,138.78,3,149.36
10,Medium,22,1,0,173.01,142.63,23,154.13
12,High,17,0,1,139.35,143.47,23,146.64
8,High,29,0,0,119.35,134.22,26,134.34
19,Medium,18,1,1,128.5,187.77,29,150.38
5,Low,38,1,0,165.39,169.99,3,147.53
3,Medium,24,0,0,122.23,132.2,7,126.4
12,High,26,0,0,157.92,148.22,24,152.89
21,High,36,0,0,164.03,136.22,3,150.08
9,Medium,20,1,0,170.02,140.24,26,153.74
1,Medium,24,0,0,125.03,186.07,3,143.87
23,Low,26,1,0,151.78,133.89,3,133.88
10,High,19,0,0,152.07,182.19,40,164.7
4,High,13,0,0,181.82,179.72,3,174.97
14,High,19,0,0,152.5,173.34,31,160.54
7,High,15,0,0,147.54,157.29,31,154.38
22,Low,30,1,0,124.88,141.79,5,122.05
7,High,12,0,0,170.56,179.01,34,169.78
13,High,20,0,0,164.58,179.21,23,165.6
13,Low,35,1,1,172.36,159.15,17,150.76
5,Medium,27,0,0,167.5,128.09,3,140.19
11,High,30,0,1,185.02,137.54,18,156.18
2,Low,30,1,0,185.19,128.65,4,144.84
15,Medium,20,1,0,139.61,136.69,31,138.54
18,Low,29,1,0,129.59,158.05,26,136.97
22,Medium,17,1,0,189.12,180.52,11,169.82
7,High,29,0,0,172.04,167.46,16,160.67
6,Low,30,1,0,192.68,164.06,11,158.83
13,Low,35,1,0,154.76,173.62,5,146.11
16,High,36,0,0,191.98,166.59,29,173.02
23,Medium,12,1,0,124.82,153.82,7,138.97
0,High,20,0,0,162.23,178.0,3,161.44
5,Medium,26,0,0,154.74,145.16,3,144.06
6,High,20,0,0,115.21,185.33,8,146.37
6,Low,28,1,0,130.43,132.55,9,122.5
11,Low,35,1,0,127.28,166.45,13,136.45
20,High,18,0,0,119.86,157.53,27,144.39
0,Medium,36,0,0,190.85,152.67,8,159.94
19,Low,35,1,0,192.23,152.93,17,157.88
14,Medium,36,0,0,186.34,127.74,16,151.19
14,High,13,0,1,194.11,173.85,23,175.89
16,High,19,0,0,181.45,147.9,49,168.58
2,Low,15,1,0,189.57,155.98,5,157.01
17,High,15,1,1,130.81,180.09,39,157.96
5,High,13,0,0,135.55,162.51,5,149.49
12,Low,23,1,0,183.97,180.34,11,163.59
16,High,14,1,0,153.36,133.91,40,155.42
14,High,19,0,0,172.36,143.32,27,163.72
7,Low,38,1,0,159.95,139.82,14,138.97
9,High,35,0,0,139.45,182.61,29,156.19
11,High,37,0,0,137.79,175.8,15,150.75
0,High,12,0,0,174.85,179.22,5,170.91
17,Medium,29,1,0,157.57,161.96,31,152.97
2,Medium,29,0,0,143.75,139.35,3,138.05
11,High,15,0,0,164.36,149.5,42,160.68
15,Low,36,1,0,148.6,160.77,12,144.54
1,Low,22,1,0,153.01,126.23,6,131.42
23,Medium,38,0,0,169.23,166.58,3,154.14
9,High,15,0,0,151.64,180.57,62,165.88
0,Low,29,1,0,191.0,146.17,3,151.35
15,Medium,15,1,0,153.82,169.19,27,156.9
13,Low,37,1,0,191.95,156.43,20,156.23
15,Low,28,1,0,182.82,125.26,18,145.55
18,Medium,14,1,0,186.27,143.46,52,167.24
11,High,17,0,0,176.06,159.31,36,168.62
19,High,21,0,0,163.36,172.12,49,168.61
8,Medium,12,1,0,157.61,151.13,45,153.54
13,Medium,12,1,1,159.13,137.11,21,148.29
3,Medium,36,0,0,131.12,128.97,3,127.12
14,High,38,0,0,132.15,171.45,17,149.48
6,Low,26,1,0,117.73,148.73,8,124.89
16,High,36,0,0,174.64,167.06,28,167.32
19,High,29,0,0,124.99,139.41,25,138.28
20,Medium,12,1,0,161.57,174.05,17,160.72
22,Medium,31,0,0,126.03,147.39,11,131.81
2,High,12,0,0,120.32,128.4,5,136.26
3,Medium,34,0,0,157.69,158.17,3,146.18
22,Medium,21,0,0,184.85,172.54,5,168.02
9,Medium,15,1,0,143.48,185.61,44,159.48
0,Medium,18,0,0,188.54,188.11,3,170.99
6,Medium,30,0,0,115.82,154.67,8,129.36
20,Medium,34,0,0,152.26,164.77,18,152.92
8,High,27,0,0,126.74,161.22,34,145.18
1,Low,16,1,0,140.26,159.68,4,138.86
17,High,36,0,0,116.9,132.45,33,134.05
4,Low,33,1,0,117.83,168.61,3,127.69
8,High,23,0,0,172.03,187.74,44,174.38
0,Low,26,1,0,167.36,133.24,3,138.23
14,High,38,0,0,131.67,145.27,28,139.13
10,High,22,0,1,187.09,130.01,34,158.69
20,High,12,0,0,170.04,151.18,27,163.84
8,High,15,0,0,141.89,156.31,48,154.4
4,Medium,28,0,0,147.61,148.27,3,141.37
3,Medium,38,0,0,138.4,155.98,3,139.21
4,Medium,31,0,0,181.45,177.19,4,164.13
10,Low,28,1,0,154.52,138.91,23,137.38
2,Low,20,1,0,125.82,174.27,3,137.01
9,Medium,23,1,0,131.14,176.56,40,147.9
20,High,13,0,0,138.73,162.77,30,154.32
18,Medium,22,1,0,147.25,145.5,39,149.05
15,Low,28,1,0,162.41,185.87,16,157.95
21,Low,36,1,0,192.13,148.65,3,152.76
18,High,36,0,0,135.95,128.24,27,140.61
15,Low,34,1,0,141.27,133.85,22,132.93
20,Medium,12,1,0,116.92,182.95,21,147.11
2,Medium,33,0,0,144.8,134.75,3,133.45
19,Medium,17,1,0,169.01,154.08,37,159.16
7,Low,28,1,0,192.04,169.98,8,160.73
17,Low,37,1,0,174.22,162.29,22,155.24
21,Low,35,1,0,124.44,167.47,6,130.4
11,Low,29,1,0,186.2,147.67,14,151.6
2,Low,20,1,0,182.09,168.05,3,158.47
8,Medium,26,1,0,130.12,125.59,26,129.4
9,High,31,0,0,189.75,142.11,28,164.26
22,Low,25,1,0,172.13,133.03,5,142.48
22,Low,22,1,0,177.63,154.59,5,150.89
13,Low,22,1,0,151.73,134.48,21,135.52
22,Medium,28,0,0,131.05,160.58,7,139.56
10,High,12,0,0,178.93,136.74,56,165.35
9,Medium,38,1,0,153.2,151.93,26,148.08
20,Medium,14,1,0,192.39,129.82,21,161.21
16,Medium,38,1,0,127.27,153.6,18,137.91
12,High,12,0,0,143.43,177.52,31,161.76
10,Medium,25,1,0,173.84,145.6,15,154.99
16,Low,23,1,1,160.78,170.91,23,154.19
18,High,27,0,0,149.66,152.69,46,153.01
11,High,23,0,0,171.13,140.22,24,157.24
0,Medium,36,0,0,173.67,144.73,8,150.23
2,Low,12,1,0,161.18,144.67,3,144.27
3,Low,38,1,0,140.53,173.25,3,141.37
11,Low,30,1,0,164.5,138.06,8,140.14
14,Low,33,1,0,158.62,188.56,17,153.78
19,High,15,0,0,178.81,169.69,57,177.15
5,Medium,13,1,0,167.28,151.08,3,154.49
18,High,22,0,1,154.74,189.87,40,169.66
15,High,20,0,0,116.5,139.05,33,138.17
1,Medium,33,0,0,128.36,174.59,3,140.05
8,Low,36,1,1,141.93,142.61,12,132.53
7,Low,23,1,0,163.11,160.33,15,147.56
21,Low,32,1,0,178.39,128.54,5,140.93
22,Medium,13,1,0,191.8,180.02,5,170.88
19,High,32,0,0,162.98,148.8,19,156.09
12,Medium,14,1,0,173.31,162.99,17,160.97
11,High,30,0,0,164.72,185.27,15,165.81
7,Low,22,1,0,149.42,126.97,15,132.08
18,Medium,23,1,0,163.77,187.92,38,165.74
2,Low,19,1,0,147.05,159.14,3,140.12
6,High,22,0,0,151.29,175.75,19,158.51
3,Low,35,1,0,187.88,155.75,3,151.66
11,Medium,33,1,0,160.11,178.03,16,156.03
7,High,21,0,0,123.03,182.24,24,151.05
4,Low,19,1,0,156.9,149.81,10,142.59
9,Low,25,1,0,191.26,171.97,28,164.03
20,High,30,0,0,123.0,189.91,14,149.58
13,High,16,0,0,192.69,174.21,32,176.9
19,High,31,0,1,194.01,187.2,23,179.7
21,Low,37,1,0,159.86,172.88,4,148.11
21,Low,34,1,0,141.6,146.44,8,130.15
8,Medium,26,1,0,115.69,178.76,30,140.06
21,Low,20,1,0,116.24,168.31,14,132.55
21,Low,20,1,0,146.05,127.15,9,133.6
23,Low,32,1,0,177.65,136.21,11,141.03
8,High,24,0,0,190.39,141.98,39,165.46
5,Low,14,1,0,127.38,173.33,3,140.38
14,High,30,0,0,154.02,176.81,19,157.69
22,Medium,15,1,0,155.14,178.75,6,155.93
21,Medium,38,0,0,145.42,129.37,6,134.28
13,Low,23,1,0,158.2,129.69,18,138.26
3,Low,21,1,0,189.0,144.46,3,154.14
10,Medium,13,1,1,150.08,169.28,40,155.68
17,High,16,0,0,126.02,179.74,75,159.3
13,Low,37,1,0,168.24,181.51,3,154.77
8,Low,26,1,0,117.51,138.49,26,124.83
8,High,36,0,0,190.21,174.88,28,173.65
1,Low,37,1,0,190.19,166.65,7,157.57
6,High,13,0,0,122.37,185.24,27,152.47
16,High,22,0,0,159.07,175.24,56,166.77
5,Low,34,1,1,178.79,159.36,3,147.55
23,Low,25,1,0,152.17,175.91,6,145.28
1,Medium,25,0,0,153.3,145.04,3,141.94
14,Low,27,1,0,192.62,176.1,20,163.81
11,Low,30,1,0,133.44,175.78,5,139.59
19,Low,37,1,0,157.1,180.59,13,149.51
21,Low,35,1,1,124.2,140.76,3,121.8
13,Low,28,1,0,139.2,180.19,13,142.87
15,Medium,27,0,0,183.07,135.99,29,156.05
16,High,21,0,0,172.32,175.17,55,170.76
12,High,15,0,0,163.96,185.44,29,171.92
4,Low,31,1,0,124.11,127.33,3,119.12
10,Medium,12,1,0,183.06,165.69,40,170.69
5,Low,30,1,0,138.85,167.87,3,135.64
11,High,25,0,0,157.8,177.98,30,162.84
14,Medium,33,1,0,133.68,131.68,19,129.23
5,Low,37,1,0,156.66,184.11,7,147.1
5,Low,26,1,0,159.97,189.6,6,151.65
19,Low,27,1,0,142.24,168.69,21,144.79
9,High,25,0,0,155.47,152.95,41,157.04
4,Medium,22,0,0,147.48,166.28,3,150.4
17,Medium,14,1,0,170.8,128.56,50,155.97
17,High,12,1,0,158.51,173.95,54,168.83
19,Low,31,1,0,185.25,129.55,20,148.64
18,Medium,36,1,0,118.97,145.97,19,134.21
23,Medium,13,1,0,117.13,134.06,10,130.42
13,High,20,0,0,130.08,172.19,25,152.45
6,Low,28,1,0,124.49,163.64,10,132.27
20,High,31,0,0,157.07,170.45,17,159.41
6,Medium,31,0,0,131.01,129.2,15,129.12
6,High,30,0,0,116.28,149.08,3,133.2
19,Medium,14,1,0,137.61,151.4,44,148.7
21,Low,18,1,0,155.74,164.16,16,148.73
8,Low,24,1,0,172.14,131.65,27,146.28
17,High,13,0,0,150.07,167.07,82,166.12
22,Low,21,1,0,192.02,150.66,8,157.98
19,High,22,0,0,130.96,183.88,38,156.94
0,Medium,38,0,0,156.12,154.24,3,146.61
15,High,20,0,1,135.25,131.63,35,141.9
4,Low,38,1,1,179.53,131.72,3,139.83
20,High,30,0,0,130.02,141.53,19,135.93
1,Medium,30,0,1,191.93,140.59,3,154.25
23,Medium,34,0,0,172.33,176.78,6,157.17
4,Low,34,1,0,159.55,171.96,3,144.44
10,Medium,18,1,1,157.59,129.98,25,145.21
5,Medium,23,0,0,144.0,180.34,3,149.71
19,High,26,0,0,116.68,131.25,29,135.65
9,High,38,0,0,188.21,176.07,34,176.87
17,High,13,1,0,178.59,132.26,52,164.13
1,Medium,24,0,0,125.79,149.46,3,135.66
10,High,17,0,0,124.77,173.81,56,151.48
21,High,17,0,0,139.65,141.49,14,146.23
22,Medium,32,0,0,176.05,132.37,9,147.61
5,High,17,0,0,155.25,176.17,3,164.99
9,High,33,0,0,167.34,169.91,29,163.1
9,High,38,0,1,115.5,182.93,21,146.11
13,Low,32,1,0,188.9,166.7,13,157.77
12,High,16,0,0,128.25,129.81,30,138.96
2,Low,15,1,0,140.51,166.51,4,142.35
18,High,23,0,0,190.77,178.46,55,181.43
5,Medium,26,0,0,173.63,130.44,3,146.39
7,High,33,0,0,155.89,133.82,16,146.02
20,Low,23,1,0,184.03,169.04,9,159.33
16,Medium,16,1,0,119.9,176.44,43,147.06
9,High,38,0,0,121.1,147.95,33,140.85
21,Low,36,1,0,127.41,172.79,9,134.07
9,Medium,29,1,0,136.17,135.88,23,135.71
13,Medium,30,0,0,171.72,153.86,9,153.6
5,Low,37,1,0,157.59,173.62,3,146.45
4,Medium,24,0,0,149.08,137.93,3,139.94
11,High,15,0,0,177.61,147.68,40,162.76
13,Low,28,1,0,140.37,165.89,13,139.12
19,High,24,0,0,121.84,147.49,30,140.77
9,High,33,0,0,146.74,181.82,31,158.56
21,High,32,0,0,176.31,187.19,8,169.39
14,Low,24,1,0,152.93,166.75,12,148.87
1,Low,21,1,0,193.17,175.86,3,162.16
17,High,23,0,0,183.49,183.94,53,180.21
13,High,29,0,0,178.28,170.62,19,165.96
9,High,29,0,0,176.85,175.27,36,169.56
11,Low,25,1,0,161.49,130.21,21,139.16
7,Low,26,1,0,187.09,178.54,9,163.29
14,High,38,0,0,162.19,142.85,16,150.77
13,Medium,18,1,0,144.8,129.6,29,138.33
10,Medium,16,1,0,130.67,163.32,43,146.5
6,Medium,33,0,0,180.05,139.74,13,150.93
9,High,37,0,0,144.69,130.19,32,141.92
11,High,28,0,0,178.27,164.62,19,165.25
11,Medium,22,1,1,193.64,131.41,17,155.79
7,Low,21,1,0,146.9,182.67,17,148.86
13,High,24,0,0,142.26,188.0,22,157.59
5,High,13,0,0,128.61,172.98,3,151.31
12,High,26,0,0,153.03,143.7,25,150.82
2,High,19,0,0,167.32,161.57,3,161.03
11,High,19,0,0,140.02,127.04,39,141.8
18,High,27,0,0,153.85,165.39,49,163.02
19,Low,38,1,0,157.97,142.15,29,141.2
16,Medium,17,1,0,137.02,154.58,39,149.24
17,High,36,0,1,116.88,136.63,28,135.15
1,Low,26,1,0,132.25,189.13,3,141.68
8,Low,38,1,0,179.25,138.48,21,147.07
15,Medium,22,1,0,137.24,152.1,24,142.02
19,Low,38,1,0,116.11,141.55,13,126.22
13,Low,29,1,0,149.0,160.2,15,140.31
20,Medium,30,0,0,169.6,183.85,16,163.92
6,Low,27,1,0,175.19,135.62,3,143.19
3,Medium,24,0,0,148.11,134.15,3,138.42
2,Low,26,1,0,160.75,129.81,12,135.89
13,Medium,34,0,0,174.64,163.31,20,157.77
15,Medium,33,0,1,186.14,164.14,21,162.71
6,High,12,0,0,166.19,178.39,19,168.57
18,High,30,0,0,170.27,179.34,41,171.21
17,High,34,0,0,122.89,131.63,32,134.57
8,Low,32,1,0,148.64,184.18,19,149.39
5,Low,25,1,0,186.12,178.91,3,158.88
17,High,21,0,0,127.86,167.07,56,154.29
16,High,30,0,0,139.8,147.56,31,148.84
4,Medium,29,0,0,169.24,173.46,3,155.72
6,Medium,22,0,0,187.17,165.34,11,166.23
11,Low,22,1,0,119.72,147.95,20,130.3
12,Low,21,1,0,184.64,125.86,10,147.08
3,High,13,0,0,132.63,163.51,6,149.08
22,High,12,0,0,183.87,162.47,17,171.49
9,Medium,14,1,0,186.14,135.05,40,162.53
9,Low,23,1,0,177.04,183.91,37,166.95
1,Medium,25,0,0,188.91,135.35,3,153.92
21,Low,23,1,1,191.89,143.66,7,153.92
5,Medium,37,0,1,189.01,149.18,3,155.69
23,High,18,0,0,156.05,169.39,4,157.57
11,Low,22,1,0,152.09,130.31,24,136.41
20,Medium,18,1,0,123.42,170.65,16,142.6
4,Medium,20,0,0,132.29,151.94,3,139.42
3,Low,27,1,0,167.19,136.89,3,139.76
19,High,20,0,0,125.19,132.29,30,140.71
19,Medium,20,1,0,190.39,151.8,33,167.38
13,High,30,0,1,133.16,153.99,16,143.7
0,Low,34,1,1,122.03,133.92,3,118.07
22,Low,17,1,0,133.82,156.36,10,135.86
9,Medium,15,1,1,118.91,157.66,33,139.12
22,Medium,18,1,0,128.29,188.77,14,147.35
20,Low,27,1,0,162.01,171.36,10,149.92
20,High,37,0,0,138.13,125.79,15,134.97
16,Medium,16,1,0,179.09,156.0,40,163.41
16,High,13,0,0,147.38,126.4,66,152.56
12,Low,26,1,0,172.12,158.23,13,151.33
0,Medium,38,0,0,171.66,146.97,3,149.71
9,Medium,26,1,0,125.86,183.73,24,145.87
17,High,36,0,0,119.53,157.06,35,142.96
19,Low,29,1,0,182.36,180.24,11,161.38
13,High,12,0,0,171.07,162.95,38,167.5
17,High,23,0,0,129.0,150.77,51,147.83
0,Medium,32,0,0,169.4,139.93,3,144.6
11,Low,25,1,0,141.36,136.91,15,133.2
12,High,17,0,0,119.54,176.65,33,148.72
21,High,16,0,1,133.3,182.39,10,154.87
7,Medium,29,0,0,175.46,146.07,7,151.64
5,Medium,24,0,0,146.26,157.15,3,145.76
8,Low,27,1,0,158.59,143.69,19,142.52
4,High,22,0,0,125.92,154.59,3,140.11
13,High,21,0,0,122.41,181.52,29,152.07
15,High,29,0,1,134.14,133.97,16,138.01
19,High,12,0,0,152.8,143.95,59,159.08
23,Low,23,1,0,182.76,170.19,3,155.35
1,High,22,0,0,176.07,145.19,5,156.99
5,Medium,33,0,0,127.81,130.28,3,126.33
7,Low,31,1,0,120.72,149.34,12,126.64
5,Low,23,1,0,133.04,168.97,3,138.39
19,High,19,0,0,183.19,188.96,51,180.79
3,Low,18,1,0,156.27,182.99,5,152.74
0,Low,17,1,0,179.55,161.52,3,156.8
20,High,19,0,0,144.57,175.53,28,158.72
23,Low,32,1,0,162.24,162.14,5,141.97
5,High,13,0,0,162.58,157.1,12,161.22
7,High,12,0,0,165.14,136.09,39,158.59
12,Low,26,1,0,152.61,143.99,15,138.75
12,Low,18,1,0,134.14,154.39,20,138.74
23,Low,34,1,0,149.28,189.06,3,147.83
9,High,32,0,0,192.98,164.56,34,173.04
0,Medium,32,0,0,136.77,186.42,3,145.79
10,Low,24,1,0,172.99,141.81,31,147.09
13,High,23,0,0,190.58,129.48,17,161.42
12,Low,23,1,0,160.3,188.59,20,156.29
12,High,17,0,0,154.15,146.43,34,154.58
22,Medium,27,0,0,124.67,159.79,9,138.13
19,High,35,0,0,175.26,129.62,28,156.54
6,Low,18,1,0,187.92,180.93,13,165.57
8,High,13,0,0,193.45,125.04,53,166.54
16,Medium,27,1,0,131.13,183.89,21,149.98
9,Medium,22,1,0,188.6,135.75,34,159.3
10,High,33,0,0,144.62,136.93,27,143.76
4,Medium,35,0,0,164.53,178.68,5,152.82
6,Low,37,1,0,132.89,150.1,6,128.22
17,High,22,0,0,134.87,141.64,59,149.92
20,High,36,0,0,164.52,163.77,17,157.21
18,Medium,15,1,0,153.79,141.54,53,153.3
7,High,22,0,0,192.15,143.63,30,167.3
3,Low,19,1,0,136.16,127.96,3,126.34
3,Medium,36,0,0,185.24,160.06,4,159.79
9,High,28,0,0,151.84,133.41,35,147.24
12,Low,21,1,0,125.76,179.41,21,140.33
21,Low,16,1,0,134.13,173.82,18,141.86
21,Medium,33,0,0,175.46,143.55,3,152.59
0,Low,29,1,0,181.13,159.7,6,149.45
16,Medium,35,1,0,118.17,162.53,21,134.93
7,High,23,0,0,147.8,168.32,21,156.0
4,Medium,16,0,0,154.53,152.23,3,148.81
13,High,21,0,0,164.2,167.41,21,165.23
0,Low,28,1,0,167.05,136.01,3,137.32
8,Medium,18,1,0,181.44,155.62,28,163.64
13,High,13,0,1,136.87,131.11,33,145.5
6,Low,34,1,0,123.95,186.17,9,137.54
14,Low,26,1,0,129.92,151.09,17,131.14
11,Low,22,1,1,189.95,165.13,9,161.39
19,Low,26,1,0,158.73,156.84,18,149.58
4,Medium,31,0,0,132.53,126.74,3,125.88
1,High,12,0,0,177.87,129.08,3,159.29
12,Low,23,1,0,161.96,142.2,21,143.57
6,High,18,0,1,144.39,168.87,3,156.33
16,High,14,0,0,116.46,166.69,60,151.44
2,Medium,12,1,0,177.62,137.22,5,154.04
13,Medium,23,1,0,172.4,156.76,15,156.19
23,Low,26,1,0,135.97,148.86,3,129.36
2,Low,25,1,0,136.25,161.96,3,134.25
7,Low,33,1,0,136.72,146.75,16,131.49
20,High,24,0,0,168.63,183.25,20,168.18
12,Medium,27,0,0,138.53,155.71,25,141.83
4,Medium,34,0,1,139.83,152.73,7,139.92
5,Low,29,1,1,145.13,170.72,6,141.29
18,Medium,36,1,0,193.42,175.74,25,168.83
20,Medium,17,1,0,151.81,153.44,18,149.58
8,Low,33,1,0,145.19,132.08,15,130.42
11,Low,30,1,0,152.6,130.53,24,135.0
18,High,27,0,0,172.54,146.25,44,163.06
4,Medium,12,1,0,185.7,172.62,6,169.57
4,Low,26,1,1,194.26,167.49,3,157.72
18,Medium,35,1,0,153.89,143.7,23,145.27
4,Medium,29,0,0,151.81,125.29,3,135.09
18,Medium,12,1,0,141.42,166.77,61,155.93
11,High,19,0,0,177.33,161.69,36,168.09
23,Medium,27,0,0,167.45,175.21,3,158.85
0,Medium,33,0,0,144.07,169.6,3,145.63
22,Medium,24,0,1,156.48,141.05,7,143.07
5,Low,35,1,0,131.47,172.64,3,134.85
0,Medium,33,0,0,170.52,156.61,3,149.85
17,High,19,0,1,135.17,162.36,65,153.27
12,Medium,17,1,0,142.96,148.2,23,145.2
20,Low,36,1,0,120.45,176.39,19,133.54
2,Low,27,1,0,132.59,137.75,3,127.38
1,Medium,34,0,0,130.59,138.3,4,129.94
13,High,36,0,0,173.82,140.43,21,154.9
21,Low,23,1,0,170.56,176.32,15,156.56
9,High,13,0,0,158.05,172.33,71,169.66
19,Low,36,1,0,145.96,142.52,19,136.29
21,Medium,27,0,0,186.15,134.35,14,154.1
20,High,15,0,0,185.73,126.83,27,162.62
12,Low,26,1,0,163.23,169.45,22,150.88
16,High,12,0,0,167.64,160.03,63,170.53
12,Medium,19,1,0,178.72,170.65,25,163.1
16,High,21,0,1,172.82,171.04,45,170.71
13,Low,24,1,1,132.99,179.91,18,139.44
12,High,27,0,0,155.27,152.04,29,152.24
10,High,34,0,1,127.15,178.77,27,148.72
15,Low,21,1,0,179.75,153.32,20,154.92
18,Medium,31,1,0,167.29,171.01,28,159.73
22,Low,37,1,0,193.33,160.82,3,155.4
14,Low,32,1,0,125.92,184.89,12,138.23
2,High,18,0,0,155.81,149.06,3,153.53
14,Low,30,1,0,172.92,169.84,16,153.74
7,Medium,19,1,0,184.39,163.88,17,165.39
0,Low,24,1,0,183.27,189.91,3,165.33
1,Medium,29,0,1,131.16,130.02,3,128.75
14,Medium,19,1,0,193.59,163.88,27,166.65
22,High,12,0,0,193.51,140.11,10,167.27
12,High,34,0,0,192.52,182.47,27,176.6
10,High,31,0,0,164.09,176.64,26,163.22
2,Low,15,1,0,181.55,168.02,4,158.83
16,High,22,0,0,121.08,156.22,49,146.45
1,High,19,0,0,135.44,169.28,3,149.78
20,Low,38,1,0,122.36,161.03,17,132.62
19,High,37,0,0,155.44,143.67,23,151.43
23,Medium,30,0,0,192.18,178.26,3,169.89
6,Low,23,1,0,166.93,158.32,9,147.76
3,Low,13,1,0,151.9,141.71,3,139.68
7,High,18,0,0,178.43,168.18,35,169.42
19,High,14,0,0,159.03,126.21,50,154.12
5,Medium,33,0,0,151.61,171.81,3,149.96
21,Medium,14,1,0,165.35,155.57,13,153.38
3,Medium,30,0,0,155.94,166.23,3,147.61
1,Medium,37,0,0,166.32,135.22,5,144.32
5,Medium,20,0,0,179.21,171.69,3,161.67
18,High,30,0,1,151.99,172.01,31,158.04
14,Low,35,1,0,148.2,173.2,14,144.21
8,High,23,0,0,159.69,155.37,38,159.0
15,Low,24,1,0,187.38,166.63,16,161.39
15,High,17,0,0,148.84,160.7,41,159.06
13,High,23,0,0,182.82,140.15,22,160.16
12,High,35,0,0,164.37,126.5,14,148.49
2,Medium,29,0,0,115.99,151.88,3,130.01
6,High,17,0,0,153.1,177.97,18,161.02
12,Low,26,1,0,131.84,145.95,13,130.41
3,Low,31,1,0,127.03,173.69,4,130.66
11,Medium,14,1,1,133.76,166.58,28,147.79
2,Medium,32,0,0,171.99,147.96,3,148.21
18,High,17,0,0,165.19,125.04,61,157.39
2,Low,19,1,1,157.95,153.02,3,142.4
2,Low,23,1,0,154.62,150.54,3,138.34
15,Low,25,1,0,146.13,134.02,20,134.17
5,Low,36,1,0,185.93,178.22,3,158.69
8,Medium,18,1,0,189.6,187.11,36,174.96
7,Medium,18,1,0,176.16,132.88,21,153.19
5,Low,22,1,1,138.06,140.01,3,130.86
18,Medium,35,1,0,188.11,166.11,25,165.84
16,High,38,0,0,180.53,186.81,28,174.7
5,Medium,24,0,0,124.92,185.71,3,144.55
16,Medium,30,1,0,142.33,185.54,26,152.56
17,Medium,36,1,0,141.21,153.61,28,146.34
12,Low,34,1,0,173.4,189.08,18,158.87
13,Low,30,1,0,156.91,148.7,6,137.67
22,Low,26,1,0,136.35,130.64,3,125.04
10,High,38,0,0,133.46,170.79,23,149.07
9,High,18,0,0,151.6,161.15,57,160.71
12,High,21,0,0,168.28,176.96,30,169.62
20,Low,31,1,0,155.7,165.37,12,146.05
17,Medium,12,1,0,135.88,178.34,57,157.85
1,Medium,25,0,0,164.6,147.35,5,147.7
11,High,35,0,0,194.91,143.72,18,166.58
17,High,16,0,0,129.13,174.22,77,158.9
5,Low,33,1,0,157.27,157.35,10,138.96
23,Medium,23,0,0,145.05,136.66,3,139.01
19,Low,35,1,0,132.47,149.38,18,132.07
20,Medium,29,0,0,185.04,177.04,11,168.02
1,High,16,0,0,191.62,185.05,3,178.11
13,Low,31,1,0,143.02,174.42,13,141.59
12,Medium,13,1,0,142.78,171.68,16,148.96
15,Medium,18,1,1,122.34,177.76,20,146.01
20,High,35,0,0,164.42,138.03,21,149.66
8,High,35,0,0,117.12,162.67,27,139.67
12,High,13,0,0,154.7,163.62,38,161.77
16,Medium,22,1,0,127.23,186.49,27,150.47
18,High,14,0,0,168.79,125.99,75,164.05
18,Medium,19,1,0,189.31,188.08,52,177.0
8,High,38,0,0,122.1,172.19,23,144.84
23,Low,17,1,1,177.22,126.46,3,144.35
0,Medium,29,0,0,181.45,158.72,3,156.62
11,Low,33,1,0,129.1,129.54,10,123.64
14,Low,35,1,0,188.81,164.22,16,160.96
1,Medium,21,0,0,164.67,154.35,3,152.57
10,Low,30,1,0,157.79,175.21,9,151.59
14,Medium,25,0,0,168.71,162.66,26,158.91
14,Medium,14,1,0,138.05,176.11,21,152.81
2,Low,18,1,1,117.03,148.97,3,125.35
6,Medium,32,0,0,150.36,180.7,13,150.23
5,Medium,30,0,0,174.47,181.31,4,162.41
15,High,26,0,0,188.49,167.6,24,173.02
7,Low,33,1,0,149.41,142.14,14,135.7
13,High,30,0,0,136.09,189.44,15,154.05
17,Medium,21,1,0,125.5,178.15,44,148.95
19,Medium,19,1,0,189.84,180.36,33,176.28
4,Low,37,1,1,133.48,125.75,3,120.65
21,Low,38,1,0,187.89,178.7,3,157.86
3,High,12,0,0,129.7,139.15,3,141.67
0,Low,33,1,0,116.45,158.04,3,123.69
1,Low,15,1,0,132.94,170.78,3,137.6
4,Medium,35,0,0,154.42,151.67,3,143.01
20,Low,27,1,0,142.9,140.84,13,137.0
4,Medium,30,0,0,187.62,157.51,3,156.11
16,High,30,0,0,158.61,144.48,37,152.57
10,Low,28,1,0,124.42,165.0,16,131.54
0,High,18,0,1,165.03,132.13,3,148.33
10,Medium,33,1,0,146.12,151.54,13,140.01
0,Medium,26,0,1,169.32,163.45,3,152.56
11,Low,26,1,0,177.89,189.38,23,165.09
13,High,20,0,0,193.84,157.2,17,172.97
12,Medium,12,1,0,161.13,152.68,28,154.24
6,Low,26,1,0,144.34,189.3,15,149.56
18,Medium,21,1,0,149.69,185.15,41,160.72
14,Low,29,1,0,147.21,168.74,11,141.73
6,Low,21,1,0,151.04,160.41,10,143.05
10,High,38,0,0,117.4,142.61,25,132.89
2,Low,30,1,0,134.79,165.55,9,131.5
22,Low,24,1,0,194.02,179.21,8,165.2
18,High,31,0,0,189.24,188.8,40,181.32
6,Medium,29,0,1,118.86,136.11,18,124.16
16,Low,28,1,0,193.37,142.81,31,158.12
16,High,27,0,0,178.36,182.49,37,175.11
14,Low,37,1,0,115.22,180.96,13,132.66
1,Medium,20,0,0,188.08,171.58,12,166.48
21,Low,23,1,0,191.83,131.74,5,151.45
22,Low,18,1,0,165.3,170.91,5,153.43
23,Low,27,1,0,178.07,155.49,3,151.35
23,Low,38,1,0,141.6,149.13,3,132.05
22,Low,28,1,0,160.79,141.29,3,135.83
17,Medium,17,1,0,173.52,145.67,45,159.05
1,Medium,36,0,1,159.9,159.83,3,147.21
11,Low,33,1,0,139.37,135.53,17,130.66
5,Low,23,1,0,166.94,158.1,3,147.92
5,High,15,0,0,182.07,128.13,6,157.77
19,High,22,0,0,181.88,151.69,43,166.33
19,Low,33,1,0,125.57,187.4,20,144.0
12,Low,27,1,0,150.63,173.03,13,147.56
17,High,17,0,0,118.1,129.46,79,139.35
3,High,16,0,0,165.62,169.71,3,164.39
5,Medium,38,0,0,134.37,137.75,5,132.33
20,Low,24,1,0,189.43,155.82,10,159.02
10,Low,30,1,0,164.46,144.12,19,145.27
13,High,21,0,1,147.05,185.72,30,162.27
11,High,14,0,0,173.52,128.54,45,159.62
4,Medium,23,0,1,131.59,182.26,3,145.58
19,High,30,0,1,122.31,170.59,18,144.99
18,Medium,21,1,0,121.99,148.58,48,139.11
16,High,28,0,0,161.62,182.18,36,170.55
8,Medium,23,1,0,186.11,151.41,26,161.21
15,High,21,0,0,132.82,170.39,33,154.14
22,High,18,0,1,175.8,176.21,6,168.7
15,Medium,19,1,0,118.01,143.62,34,132.42
11,Medium,18,1,0,143.27,129.7,23,139.21
6,Medium,31,0,0,167.3,181.43,6,158.24
12,Low,21,1,0,181.1,140.03,21,149.69
8,Medium,32,1,0,190.46,185.57,13,170.67
14,High,20,0,0,165.61,145.48,26,156.32
1,Low,20,1,0,152.01,151.97,3,141.69
4,Low,36,1,0,119.85,152.97,3,124.66
18,Medium,35,1,0,137.05,155.41,21,144.67
9,High,22,0,0,188.85,187.58,50,181.79
10,High,19,0,0,161.63,140.93,49,155.91
13,Low,31,1,0,142.41,164.54,3,139.89
10,Medium,13,1,0,134.91,144.12,44,144.65
18,Low,24,1,1,124.09,133.51,27,130.09
5,Medium,28,0,0,175.13,143.77,5,151.83
18,Medium,30,1,0,147.99,160.91,36,147.7
5,High,14,0,0,189.92,164.45,3,173.94
8,High,12,0,1,151.35,142.14,44,153.45
14,Low,19,1,0,180.47,189.18,28,166.1
21,Medium,15,1,0,125.42,148.58,8,135.41
5,Medium,25,0,0,127.07,179.08,10,141.8
14,High,36,0,0,136.86,127.28,16,136.71
1,Low,19,1,0,130.3,170.19,3,137.8
1,Low,24,1,0,193.14,144.73,11,154.99
18,High,17,0,0,179.65,159.9,70,175.9
17,Medium,13,1,1,142.87,179.38,52,159.77
9,Medium,30,1,0,156.59,172.11,22,154.21
14,Low,18,1,1,157.66,148.38,18,144.58
9,Low,26,1,1,163.58,172.61,9,152.48
6,High,30,0,0,123.29,151.91,14,136.89
10,Medium,34,1,0,142.92,129.13,21,134.19
7,Medium,17,1,0,121.87,168.26,21,141.72
19,High,27,0,0,188.53,185.89,36,179.82
9,High,36,0,0,147.28,130.44,31,142.26
7,High,25,0,0,173.16,169.7,19,165.02
12,Medium,13,1,1,188.67,179.58,21,173.01
18,Medium,19,1,0,139.75,163.78,43,151.12
6,Medium,33,0,0,122.03,156.55,12,132.94
22,Low,33,1,0,141.9,140.42,3,130.54
11,High,20,0,0,168.68,137.6,32,156.12
15,High,17,0,0,154.98,150.76,40,158.52
22,High,19,0,0,121.0,166.68,4,144.14
10,High,18,0,0,120.62,145.45,47,143.46
4,Low,32,1,0,170.96,156.75,3,145.47
17,Medium,34,1,0,173.92,164.0,22,159.7
0,High,13,0,1,123.76,138.65,3,137.0
10,Medium,32,1,0,178.58,173.19,22,163.86
23,Medium,32,0,0,142.64,165.86,3,142.82
9,Medium,28,1,0,120.46,163.47,28,136.45
16,Medium,35,1,0,141.71,156.08,20,143.28
12,Medium,13,1,0,173.44,148.71,21,157.4
5,Low,30,1,0,167.46,160.67,3,145.1
7,High,15,0,0,153.52,174.77,28,164.23
12,High,36,0,0,137.37,170.89,12,149.28
2,Medium,25,0,0,148.43,172.95,3,149.19
9,High,14,0,1,145.53,138.61,51,152.44
9,Medium,32,1,0,146.2,175.68,17,150.42
20,Low,32,1,0,154.18,146.8,3,140.34
2,Low,24,1,0,151.42,140.15,3,135.55
20,High,20,0,0,123.2,132.9,31,137.27
9,High,12,0,0,138.21,178.97,71,162.75
15,Low,36,1,0,125.33,165.51,11,134.22
13,Medium,16,1,0,163.17,179.68,26,162.16
7,Medium,34,0,0,148.83,161.49,19,147.23
22,Medium,27,0,0,168.75,180.92,8,159.52
5,Medium,30,0,0,122.01,161.18,3,134.82
0,Medium,30,0,0,142.59,166.98,3,144.21
18,Medium,35,1,0,129.43,128.66,33,132.34
14,Medium,12,1,1,122.37,168.53,30,144.2
21,Medium,38,0,0,176.88,163.85,8,157.7
10,High,13,0,0,125.47,140.73,59,145.27
0,Low,38,1,0,128.99,132.33,3,122.11
0,Medium,19,0,1,144.34,147.57,6,143.19
10,Low,34,1,0,138.42,128.91,22,129.31
5,Low,14,1,0,188.59,164.05,3,160.84
22,Medium,24,0,0,194.09,160.49,4,165.69
2,Medium,26,0,0,148.79,184.66,3,153.19
21,Medium,37,0,0,131.09,158.64,15,138.52
5,High,15,0,1,154.85,172.43,3,162.05
2,Medium,12,1,0,154.65,168.16,13,153.86
6,Low,29,1,0,152.28,170.48,11,143.77
3,High,13,0,0,116.63,145.39,3,137.29
9,High,32,0,0,125.27,152.0,29,141.12
7,Medium,13,1,0,126.28,132.79,22,133.47
12,Low,38,1,0,143.14,167.28,15,138.65
12,Low,26,1,0,161.46,144.66,20,139.89
0,Medium,37,0,0,185.23,160.67,8,158.12
2,High,15,0,0,132.87,184.9,3,154.71
3,Medium,19,0,0,176.7,169.39,3,162.6
4,Medium,24,0,0,133.1,142.4,7,134.54
2,Low,12,1,0,117.61,158.45,8,133.52
7,High,14,0,0,166.99,164.14,29,166.46
13,High,20,0,1,132.17,180.26,25,154.18
7,High,31,0,0,188.57,176.59,11,172.68
7,Low,31,1,0,189.67,145.49,9,153.73
11,Medium,14,1,0,123.4,184.78,23,150.06
13,Medium,13,1,0,130.58,134.58,21,135.25
7,High,29,0,0,131.83,142.95,12,140.16
5,Low,21,1,0,187.92,127.2,3,147.88
9,High,33,0,0,121.24,145.23,26,139.26
0,Medium,20,0,0,175.09,151.91,3,156.38
11,High,21,0,0,138.02,140.69,33,146.65
22,High,17,0,0,161.59,125.82,3,148.88
9,Medium,19,1,0,129.18,125.68,49,133.68
2,Low,31,1,0,179.52,185.06,3,158.19
16,Medium,24,1,0,168.66,172.76,24,161.82
3,Medium,29,0,0,116.69,170.4,3,135.43
4,Medium,14,1,0,133.97,176.07,3,145.43
3,Low,26,1,0,152.31,170.12,3,144.27
21,Medium,24,0,1,157.49,128.99,11,139.61
23,Low,36,1,0,181.18,185.17,3,158.83
13,Medium,23,0,0,145.96,152.87,22,142.52
14,High,14,0,0,189.15,154.47,44,170.65
15,High,30,0,0,130.51,182.63,24,152.07
14,High,16,0,0,183.62,138.29,38,164.89
13,High,36,0,1,187.34,145.33,11,160.12
23,Low,22,1,0,165.13,180.58,5,154.62
17,Medium,33,1,0,192.4,158.78,22,167.59
2,Low,29,1,0,147.85,152.31,3,138.33
9,High,24,0,0,170.94,187.05,42,172.94
23,Medium,27,0,0,115.81,182.77,3,140.28
9,High,16,0,0,136.97,182.68,64,160.8
4,Low,13,1,0,160.31,138.79,4,142.39
20,High,32,0,0,185.07,179.85,5,170.57
14,Low,37,1,0,191.23,167.69,20,159.82
13,High,35,0,0,161.35,169.95,19,158.84
10,High,20,0,0,183.47,128.11,51,162.82
2,Medium,21,0,0,178.94,161.12,3,160.65
9,High,21,0,1,176.89,139.21,34,162.62
10,High,30,0,1,123.92,185.26,17,150.66
22,Low,28,1,0,153.29,161.51,12,141.25
7,High,33,0,0,153.9,165.13,9,154.03
3,Low,37,1,1,178.0,140.81,3,140.69
10,Low,22,1,0,161.89,152.39,27,147.75
23,Low,29,1,1,180.59,159.41,3,148.63
11,Low,25,1,0,191.52,177.78,22,164.48
9,High,37,0,0,159.37,164.75,33,158.38
16,High,21,0,0,178.34,132.35,51,162.88
15,Medium,17,1,0,159.84,154.3,27,154.59
7,High,22,0,0,165.06,144.21,27,157.23
23,Low,28,1,0,153.08,160.03,11,140.83
14,Low,37,1,0,191.77,155.54,6,155.53
1,Low,34,1,1,180.41,126.45,5,140.11
9,High,12,0,0,175.16,138.49,71,163.98
22,High,25,0,1,141.37,167.91,5,150.15
9,Medium,16,1,0,153.83,160.38,42,153.99
13,High,21,0,0,184.03,128.46,27,156.36
14,High,37,0,0,189.91,163.85,14,169.3
16,Low,38,1,0,194.8,157.71,14,161.07
20,High,16,0,0,173.75,134.76,35,161.37
3,High,15,0,0,173.47,125.13,3,154.94
12,Low,30,1,0,122.51,146.8,7,124.2
12,High,23,0,0,175.12,175.68,22,170.64
3,Low,23,1,0,142.74,133.65,3,127.92
16,Medium,35,1,0,184.17,186.39,19,170.45
2,Low,36,1,0,115.9,160.26,3,126.21
10,High,36,0,1,189.75,174.3,27,171.06
7,High,33,0,0,153.71,188.5,15,163.74
3,Low,38,1,0,125.24,142.07,3,122.99
19,High,31,0,0,163.08,162.89,29,161.01
5,Low,35,1,0,170.36,147.14,3,144.1
6,Low,26,1,0,177.38,130.5,8,143.49
20,Medium,13,1,0,171.15,176.58,25,164.44
21,Low,34,1,0,159.27,125.79,5,128.91
0,Medium,37,0,0,121.56,181.47,4,138.47
6,Low,20,1,0,184.03,176.65,4,160.87
17,Medium,23,1,1,193.67,166.5,37,170.38
18,Medium,27,1,0,177.24,163.42,27,162.23
23,Low,29,1,0,117.78,179.97,3,128.23
13,High,30,0,0,175.46,128.62,13,150.26
0,Low,22,1,0,136.57,172.87,3,140.54
20,Low,35,1,0,191.97,136.73,8,152.19
3,Medium,33,0,0,120.08,126.32,3,121.63
2,Medium,37,0,0,122.38,145.3,5,129.97
16,High,27,0,0,129.51,146.27,34,140.93
14,Medium,14,1,0,175.25,137.52,16,155.45
1,Low,34,1,0,167.11,171.2,3,149.69
4,High,14,0,0,173.18,161.33,11,165.79
14,High,17,0,0,143.31,184.8,29,162.0
6,Low,19,1,0,185.37,174.51,7,159.25
16,Medium,16,1,0,150.7,178.7,39,162.73
9,Low,31,1,0,125.73,183.66,28,142.84
14,High,23,0,0,176.4,177.41,25,171.29
11,Medium,17,1,0,157.36,132.68,22,147.17
8,High,12,0,0,162.47,137.06,59,159.18
8,Medium,17,1,0,145.81,151.12,35,148.56
16,Medium,30,1,0,171.86,146.58,24,154.14
12,Low,33,1,0,117.85,182.55,6,134.15
14,Low,19,1,0,154.29,159.07,19,146.17
13,High,13,0,0,149.17,181.94,39,165.86
4,Low,27,1,0,174.72,150.17,3,148.58
21,Medium,33,0,0,136.27,183.92,12,149.14
13,High,13,0,0,133.7,129.66,33,143.23
17,Medium,33,1,0,140.59,153.96,31,144.8
21,Medium,16,1,0,153.44,183.57,12,158.16
22,High,18,0,0,131.79,154.23,6,142.26
16,Low,28,1,1,169.74,172.62,24,155.78
18,High,13,0,0,141.53,148.46,73,157.26
11,High,20,0,0,148.72,178.9,41,160.15
17,High,15,0,0,159.61,166.04,79,170.72
7,High,17,0,0,145.15,177.77,30,160.64
17,High,32,0,0,171.1,159.87,36,161.92
2,Medium,18,0,0,167.5,166.44,3,158.8
21,High,13,0,0,175.55,159.36,17,168.74
5,Low,17,1,1,156.84,161.88,7,145.51
15,Medium,14,1,0,144.39,169.8,30,152.8
0,Medium,28,0,0,131.09,132.86,3,128.13
3,Medium,38,0,0,149.95,174.96,3,149.16
23,Low,16,1,0,184.84,148.09,8,153.6
20,Medium,31,0,0,124.68,125.82,20,125.73
5,Medium,21,0,0,132.23,166.84,3,145.56
3,High,13,0,0,168.22,164.89,3,164.69
19,Low,30,1,0,161.0,172.18,19,151.19
23,Medium,17,0,0,188.29,189.89,4,176.4
4,Low,25,1,0,117.32,154.99,3,125.98
15,High,25,0,0,185.28,188.27,27,177.59
6,Low,28,1,0,173.04,162.56,10,150.33
17,Medium,15,1,0,177.04,148.26,51,163.4
10,High,18,0,0,145.29,169.06,48,159.19
3,Medium,31,0,0,139.59,137.77,6,134.5
7,High,37,0,0,116.15,187.81,12,147.94
12,Medium,12,1,0,177.99,153.67,21,160.8
19,Medium,23,1,0,127.92,125.69,29,132.52
0,Medium,35,0,0,133.09,167.6,3,138.31
22,High,19,0,0,137.12,132.82,5,140.88
15,Medium,24,0,0,184.57,130.78,39,159.04
21,Low,36,1,0,138.03,126.53,3,124.48
22,Low,38,1,0,149.05,182.39,3,144.08
3,Medium,29,0,0,174.79,127.19,3,144.41
2,Medium,30,0,0,186.38,159.92,3,159.67
18,High,28,0,0,178.29,156.81,36,167.76
4,Low,19,1,0,157.83,184.22,9,152.77
3,Medium,35,0,0,115.17,184.22,3,138.69
11,Medium,12,1,0,127.63,184.86,30,150.54
21,Medium,13,1,0,135.29,151.0,14,143.08
19,High,28,0,0,148.1,155.78,41,153.12
12,Low,34,1,0,143.98,178.67,9,144.36
4,Low,33,1,0,156.15,132.81,3,133.45
8,High,30,0,0,147.96,132.44,29,141.51
16,High,22,0,0,173.09,184.91,57,175.53
3,Medium,21,0,0,119.18,126.91,3,124.24
12,Medium,23,0,0,194.58,149.89,23,162.8
0,Medium,18,0,0,182.44,137.67,3,155.58
7,Low,23,1,0,141.8,130.46,8,131.68
5,Low,14,1,0,146.74,188.3,3,150.44
16,Medium,20,1,0,192.1,135.79,28,162.57
21,Low,37,1,0,189.86,153.08,4,152.12
3,High,31,0,0,146.45,141.65,3,141.73
19,High,15,0,0,119.77,156.93,42,151.03
15,Medium,19,1,0,194.04,174.85,28,172.89
23,Low,19,1,0,167.3,167.88,7,150.74
21,High,19,0,0,170.44,162.16,13,163.39
2,Low,30,1,0,136.97,158.19,3,132.08
17,High,36,0,0,180.5,133.57,43,160.66
14,Low,31,1,0,159.6,151.16,21,142.4
2,Low,25,1,0,152.62,183.84,3,148.12
6,High,16,0,0,174.3,178.33,16,169.48
22,Low,15,1,0,144.75,129.21,5,134.41
13,Low,33,1,0,149.35,179.63,13,147.63
8,Low,30,1,0,167.19,178.82,19,154.3
7,Low,25,1,1,166.17,177.13,15,153.78
20,Medium,27,0,0,192.69,177.96,22,169.17
6,Medium,34,0,0,160.03,188.9,6,158.35
3,Medium,33,0,0,140.68,128.59,3,133.73
13,High,14,0,1,138.0,149.95,26,150.03
23,Low,22,1,0,157.72,187.95,6,153.2
4,High,13,0,0,124.56,160.92,3,145.81
6,Low,22,1,0,162.05,169.35,9,149.85
11,High,29,0,0,146.22,148.52,22,147.83
4,Medium,17,0,1,143.16,138.77,3,141.21
15,High,16,0,0,130.4,188.6,50,159.53
6,Medium,25,0,0,154.63,148.51,18,147.31
3,Low,26,1,0,118.01,161.46,3,126.41
6,Low,31,1,0,163.57,140.85,14,138.5
22,Low,12,1,0,137.84,187.85,11,148.29
22,Low,18,1,0,187.41,141.8,7,153.23
12,High,33,0,0,157.11,184.41,14,161.25
9,Medium,30,1,1,177.45,143.97,16,152.53
19,High,36,0,0,183.1,186.55,29,176.04
4,Low,33,1,1,185.32,148.88,3,148.8
15,Low,34,1,0,184.65,181.68,9,165.08
16,Medium,25,1,0,133.04,163.99,27,145.84
17,High,37,0,0,139.27,132.4,42,141.84
5,Medium,23,0,0,171.64,144.22,3,151.45
17,High,36,0,0,158.01,174.46,43,164.3
14,High,22,0,0,163.75,168.39,30,161.3
21,Low,23,1,0,169.22,148.15,7,147.41
4,Low,30,1,0,124.14,137.7,3,123.25
14,High,22,0,0,128.46,178.87,32,151.23
19,High,15,0,0,166.03,165.45,54,170.81
6,Medium,36,0,0,165.03,169.33,13,155.93
17,High,24,0,0,180.39,156.14,57,170.91
2,Low,37,1,0,170.5,147.77,3,143.59
17,Medium,22,1,0,131.61,149.85,35,142.16
14,Low,38,1,0,120.61,127.02,12,120.72
4,Low,28,1,0,146.28,186.34,3,146.9
1,Medium,32,0,0,144.7,148.83,3,139.66
17,High,32,0,1,176.39,156.39,29,165.36
5,Low,17,1,0,168.72,148.22,3,146.85
11,High,34,0,0,184.78,148.09,23,163.37
1,Low,37,1,0,155.34,169.56,3,143.08
23,Low,29,1,1,138.1,168.57,3,135.19
13,Medium,37,0,0,155.34,177.66,14,155.51
22,High,34,0,0,132.24,129.67,4,132.41
3,Low,29,1,0,119.84,181.81,3,132.11
4,Low,24,1,0,154.97,187.18,9,152.21
14,Medium,35,0,0,148.09,189.29,20,153.86
14,Medium,17,1,1,117.58,133.37,25,129.6
18,High,27,0,0,172.7,156.64,51,164.64
22,Low,34,1,0,166.55,186.04,7,150.77
19,High,37,0,0,120.9,174.33,19,147.72
3,High,19,0,0,171.8,128.91,3,152.96
7,High,14,0,0,121.63,181.57,30,152.54
21,Medium,21,0,0,156.41,179.51,26,157.04
13,Medium,35,0,0,164.78,175.71,11,157.92
20,High,26,0,0,154.92,151.77,14,152.35
13,Medium,13,1,0,174.79,166.1,11,164.2
1,High,15,0,0,145.85,171.53,3,155.95
11,High,21,0,0,132.04,150.78,34,145.42
19,Medium,21,1,0,153.91,175.96,35,159.53
15,Medium,15,1,0,142.38,142.76,27,143.4
3,Medium,25,0,0,127.1,136.94,6,128.89
5,Medium,24,0,0,152.69,180.83,3,153.61
20,High,17,0,0,131.11,147.06,27,146.31
23,Low,18,1,0,152.62,128.69,5,137.15
18,Low,29,1,0,162.4,179.13,34,157.25
2,Low,37,1,0,177.58,176.94,3,153.13
14,Medium,38,0,0,183.25,177.16,13,164.96
19,High,27,0,0,168.45,147.16,35,159.85
15,High,13,0,0,186.48,164.21,50,174.43
14,Low,36,1,0,159.62,125.9,12,132.35
11,Low,37,1,0,171.83,125.15,19,139.83
5,Low,19,1,0,176.63,141.85,3,149.28
6,Medium,22,0,0,180.99,159.15,16,162.46
17,High,12,0,1,175.15,164.02,71,175.58
1,Low,33,1,0,187.19,133.67,3,146.47
2,Medium,32,0,0,152.83,181.4,3,151.89
9,Medium,12,1,0,191.28,187.37,51,179.39
18,Medium,30,1,1,147.02,132.75,27,139.4
15,High,23,0,0,120.62,178.55,40,150.42
14,Low,26,1,0,129.57,164.93,13,140.64
12,High,17,0,0,159.66,157.66,31,159.68
2,Medium,34,0,0,116.17,156.79,3,130.28
7,High,22,0,0,127.59,173.74,18,151.82
1,Low,34,1,0,144.93,138.58,3,130.27
18,Medium,16,1,0,164.94,164.58,49,161.46
18,High,27,0,0,128.24,141.99,48,145.94
6,Medium,20,1,0,160.99,130.54,8,143.35
7,High,38,0,1,168.05,160.94,19,154.35
7,Low,27,1,0,176.09,142.46,15,146.6
21,Low,31,1,0,167.84,173.27,13,149.74
11,Medium,14,1,0,135.01,167.28,33,147.92
18,Medium,30,1,0,194.79,139.58,27,161.57
10,High,14,0,0,186.06,181.0,51,181.86
16,High,21,0,0,144.88,147.55,44,154.81
12,Low,18,1,0,117.34,171.09,27,137.59
6,High,12,0,0,157.3,142.38,24,157.14
21,Low,27,1,1,184.22,137.78,4,146.33
17,High,18,0,0,180.76,180.92,65,178.33
18,Medium,25,1,0,186.8,184.71,35,171.2
22,Low,32,1,0,192.56,147.88,3,152.75
5,Medium,16,1,0,172.04,145.47,3,152.65
2,Medium,31,0,0,127.99,170.67,3,140.76
13,Low,20,1,0,117.91,139.78,22,126.44
7,High,20,0,0,127.11,181.17,27,150.68
10,High,27,0,0,131.09,125.55,41,135.98
5,Medium,28,0,0,119.91,134.24,6,126.54
9,High,29,0,0,151.28,132.85,30,145.09
9,Medium,17,1,0,177.71,145.66,34,161.27
8,Medium,27,1,0,115.34,181.3,25,139.58
17,High,19,0,0,179.29,166.6,63,175.11
14,Medium,19,1,0,189.02,131.99,19,155.01
11,Low,37,1,0,127.16,130.13,15,125.59
2,Low,14,1,0,116.71,143.75,4,126.36
13,High,23,0,0,153.35,165.29,27,157.4
4,Low,23,1,0,184.48,163.59,3,155.0
7,High,18,0,0,173.95,132.42,20,157.13
9,Low,33,1,0,117.78,174.45,25,134.87
3,Medium,25,0,0,168.86,166.1,3,156.55
9,Medium,31,1,0,180.42,188.9,23,168.55
6,High,22,0,0,136.68,160.92,13,149.33
20,High,36,0,0,167.27,146.28,26,155.62
20,Medium,31,0,0,154.52,132.76,25,142.27
0,Medium,20,0,0,131.45,184.74,3,147.95
14,Medium,37,0,0,187.12,127.45,12,152.3
15,Low,35,1,0,132.84,147.67,10,130.2
9,High,27,0,0,182.24,159.5,39,167.23
11,High,12,0,1,171.13,162.04,34,168.24
18,High,27,0,0,132.67,162.85,40,152.23
9,High,30,0,0,171.91,171.61,29,166.68
1,Medium,21,0,0,117.08,133.34,3,128.92
8,Medium,15,1,0,133.9,171.76,36,148.36
6,Medium,27,0,0,137.83,182.82,9,146.72
9,Low,33,1,0,186.14,126.98,20,147.19
5,Medium,20,0,0,188.23,127.33,3,156.35
3,Low,24,1,0,136.68,189.44,3,145.81
23,High,12,0,0,152.97,145.28,9,153.32
3,Low,31,1,0,193.53,154.58,3,153.52
16,Medium,35,1,0,168.28,145.15,22,151.54
17,Medium,32,1,0,120.58,161.17,24,139.85
14,Medium,23,1,0,146.31,171.25,14,148.91
21,Medium,13,1,0,148.72,174.4,10,153.67
0,Low,25,1,0,139.51,148.1,6,132.55
7,Low,37,1,0,156.59,141.94,15,139.24
4,High,14,0,0,173.88,160.53,3,166.06
13,Medium,17,1,0,170.32,149.98,17,152.7
15,Low,34,1,0,143.12,165.44,10,142.12
21,Medium,27,0,0,173.93,164.75,6,158.06
9,Medium,16,1,0,157.73,183.14,41,164.04
5,Low,12,1,0,176.56,125.25,3,145.89
22,High,23,0,0,124.11,131.62,4,133.6
16,High,28,0,0,147.38,176.14,40,159.9
18,High,34,0,0,146.57,162.93,38,155.4
10,Low,35,1,0,143.14,129.06,7,129.25
10,Low,24,1,0,170.84,186.27,27,161.07
9,High,23,0,1,159.57,167.28,41,160.26
17,Medium,37,1,0,145.87,156.59,27,146.77
5,Medium,32,0,0,157.9,175.67,4,152.4
23,Low,17,1,1,171.35,163.74,3,153.49
4,Medium,30,0,0,169.01,149.26,3,149.82
11,Low,31,1,0,175.85,144.28,14,149.26
7,High,18,0,0,183.12,154.47,31,166.09
15,Low,38,1,0,174.15,155.89,13,150.42
16,Medium,20,1,1,129.41,171.28,34,148.42
22,Low,26,1,0,182.73,155.75,11,152.4
18,High,25,0,0,141.56,126.19,47,145.03
5,Medium,30,0,0,168.28,169.5,3,153.95
4,Medium,36,0,0,194.28,129.52,3,154.04
21,High,22,0,0,138.57,180.01,14,155.0
11,High,22,0,0,136.62,171.04,34,153.01
2,Low,32,1,0,129.57,163.86,3,132.26
19,High,37,0,0,193.73,154.52,29,173.0
15,High,36,0,0,149.15,136.19,20,144.39
0,Medium,32,0,1,177.71,167.57,3,157.61
18,High,30,0,0,118.94,132.12,35,135.86
14,Low,32,1,0,129.43,164.3,20,134.99
14,High,37,0,0,120.05,136.92,19,134.31
20,High,12,0,0,180.25,163.8,37,174.7
11,High,27,0,0,123.52,134.83,29,134.52
11,Medium,12,1,0,188.85,131.14,27,157.91
14,High,27,0,0,168.1,155.61,23,158.76
4,Medium,22,0,0,187.76,171.13,3,166.32
3,Low,20,1,0,147.71,140.5,3,132.18
20,Low,36,1,0,157.05,157.35,13,144.48
5,High,31,0,0,117.21,176.93,7,140.32
12,High,27,0,0,152.27,160.71,18,153.36
6,Low,35,1,0,162.26,163.81,3,144.49
5,High,14,0,0,123.05,139.31,3,138.37
14,High,29,0,0,193.5,133.09,17,162.85
19,Medium,16,1,0,115.35,134.69,37,132.64
10,Medium,18,1,0,136.4,188.23,30,157.24
3,High,16,0,1,164.25,130.63,3,151.08
5,Low,26,1,0,154.81,134.85,6,135.35
3,Low,28,1,0,134.14,138.37,3,125.82
21,Low,32,1,0,193.94,176.22,3,161.65
7,Low,23,1,0,130.11,150.87,19,134.22
8,High,37,0,0,160.47,176.41,26,163.4
1,High,22,0,0,124.27,152.23,3,139.6
10,High,16,0,0,119.49,176.66,57,153.01
21,High,12,0,0,154.03,183.21,15,165.97
9,Medium,15,1,0,179.38,154.07,41,163.9
15,Low,24,1,0,157.51,189.11,18,156.74
4,Low,23,1,0,138.49,185.64,3,144.2
3,Medium,35,0,0,116.34,126.0,3,122.11
17,High,15,0,1,190.24,161.67,60,178.96
1,Medium,19,0,0,131.95,167.71,4,143.52
10,Low,38,1,1,160.97,179.81,11,151.28
7,High,12,0,0,116.24,168.77,37,147.94
0,Low,23,1,1,122.78,169.74,3,132.54
12,Medium,17,1,0,128.61,143.83,19,135.94
23,Medium,26,0,0,123.99,178.34,3,142.75
1,Low,38,1,0,157.46,129.11,3,131.45
19,Medium,18,1,0,146.76,167.73,35,156.01
12,Low,21,1,0,179.1,138.13,26,149.59
17,High,24,0,0,124.3,174.76,50,154.22
2,Medium,33,0,0,149.49,176.37,3,150.46
20,High,38,0,0,149.26,136.36,5,145.66
0,Low,14,1,0,133.46,176.58,3,143.87
21,Low,25,1,1,122.68,179.44,3,138.41
15,High,32,0,0,115.85,128.45,21,129.84
8,High,12,0,0,116.51,152.95,57,143.7
0,Low,33,1,0,146.89,137.53,3,130.03
14,Low,18,1,0,119.34,133.22,37,127.16
2,Low,25,1,0,146.56,177.23,3,144.48
14,Low,38,1,1,149.99,144.06,13,134.0
18,Medium,29,1,1,150.63,166.86,30,151.19
6,Low,38,1,0,130.33,125.24,8,119.96
5,Low,28,1,0,154.9,130.16,3,131.44
5,High,17,0,0,146.39,164.67,3,154.19
5,Medium,30,0,0,194.16,149.07,3,159.85
2,Medium,28,0,0,118.63,182.18,3,138.61
5,Low,20,1,0,119.31,130.35,9,120.78
15,High,14,0,0,180.96,165.54,41,174.95
7,Low,29,1,0,136.28,170.69,9,137.65
18,Medium,27,1,0,129.7,164.73,39,143.52
19,High,32,0,0,184.96,169.25,26,173.81
18,High,15,0,0,157.62,141.21,69,160.23
12,Medium,26,0,0,164.26,174.87,23,156.79
7,Low,34,1,0,115.64,161.05,9,125.64
22,Medium,36,0,0,135.86,176.22,3,141.75
4,Medium,37,0,0,135.74,132.91,3,132.79
11,High,17,0,0,175.87,133.26,47,160.06
10,High,16,0,1,145.84,150.71,45,152.61
17,Medium,27,1,0,161.19,150.34,38,153.69
13,Low,24,1,0,189.55,133.35,11,152.76
19,High,18,0,0,193.77,130.28,49,168.28
22,Medium,14,1,0,125.19,130.25,6,132.31
9,Medium,15,1,0,159.47,128.4,40,147.54
20,High,21,0,0,170.93,127.15,27,152.88
4,Medium,31,0,0,177.56,177.5,3,163.09
21,Medium,13,1,0,188.61,185.77,17,172.99
4,Low,14,1,0,173.27,152.67,3,151.27
20,High,19,0,0,170.19,137.14,27,159.08
9,High,35,0,0,119.33,146.34,31,137.36
23,Low,38,1,0,158.59,178.2,3,146.91
3,Low,23,1,0,162.9,185.4,3,153.47
11,High,13,0,0,170.72,140.51,39,160.98
21,High,12,0,0,161.67,126.99,17,152.59
1,Low,35,1,0,147.76,145.06,3,133.27
6,Medium,24,0,0,154.0,150.05,16,146.73
2,High,14,0,0,192.39,125.2,4,162.48
7,Low,34,1,0,141.33,169.29,9,140.37
9,High,26,0,0,177.76,133.09,35,158.91
14,Low,21,1,0,163.6,130.32,24,141.18
6,Low,24,1,0,150.51,171.74,10,145.05
3,High,18,0,0,148.15,175.1,3,157.83
4,Medium,37,0,0,157.98,136.96,3,139.48
22,Low,33,1,0,178.98,174.95,3,157.99
22,High,17,0,0,124.77,144.34,11,136.73
5,Low,31,1,0,187.85,145.03,8,148.48
4,High,16,0,0,176.93,132.96,3,157.78
1,Low,24,1,1,142.92,139.72,3,131.52
23,Medium,32,0,0,115.81,127.52,13,120.41
16,High,12,0,0,123.42,168.68,65,154.46
18,Low,31,1,0,126.55,180.34,22,142.51
6,High,18,0,0,123.29,128.14,14,132.99
15,High,30,0,0,123.22,141.6,22,135.3
1,Low,25,1,0,191.81,147.5,6,154.23
16,Medium,12,1,0,167.68,150.52,39,161.46
13,High,32,0,0,180.65,178.57,18,168.87
7,Low,19,1,0,160.03,127.79,20,140.65
17,High,37,0,0,164.56,164.92,35,164.05
15,High,34,0,0,185.48,159.6,21,166.1
10,High,17,0,0,135.96,179.5,50,157.83
4,Low,28,1,0,170.56,144.88,3,143.4
0,Low,21,1,0,186.94,131.62,3,147.27
22,Medium,28,0,0,189.9,133.49,5,154.77
6,Low,27,1,0,150.52,165.99,4,142.02
7,High,19,0,0,183.54,160.47,39,171.37
16,High,29,0,0,155.31,163.5,38,157.62
6,High,19,0,1,135.63,133.91,15,138.52
9,Low,36,1,0,135.08,127.76,19,127.55
17,High,37,0,0,151.14,161.82,41,157.34
14,Medium,16,1,0,135.63,130.27,26,136.64
15,High,31,0,0,117.4,185.43,23,147.5
0,Low,37,1,0,123.44,177.22,3,131.98
10,High,15,0,0,182.94,136.7,56,165.81
11,High,31,0,0,185.6,163.86,28,164.77
15,Low,37,1,0,184.84,133.58,16,150.15
3,Low,18,1,0,159.3,185.85,3,153.8
3,Low,27,1,0,189.82,163.31,3,156.76
18,High,33,0,0,154.93,145.65,36,151.68
16,Medium,21,1,0,152.0,169.23,32,154.83
19,High,18,0,0,152.95,125.16,46,150.86
6,Low,22,1,0,135.33,143.71,13,134.08
23,Low,21,1,0,164.08,140.22,10,142.27
6,Low,31,1,1,150.92,147.5,15,135.64
15,Low,22,1,0,192.97,130.54,27,153.67
3,Medium,22,0,0,128.76,187.92,3,147.77
22,Medium,37,0,0,121.14,155.41,9,131.89
7,Low,27,1,0,143.09,180.67,10,145.61
19,High,37,0,0,132.24,128.87,30,139.52
7,Medium,31,0,0,194.35,179.91,21,170.57
18,Medium,35,1,1,159.69,167.45,25,154.92
10,Medium,17,1,0,143.78,169.12,43,152.11
1,Low,37,1,0,166.42,177.41,3,149.53
4,Low,37,1,0,151.25,159.19,3,139.75
16,Medium,13,1,0,131.71,166.21,44,151.0
4,Medium,21,0,0,146.56,183.49,3,154.44
6,Low,23,1,0,137.91,133.13,12,129.17
13,Low,23,1,0,166.01,128.62,19,139.41
6,Low,33,1,0,180.33,188.88,9,160.87
3,Low,30,1,0,136.01,182.3,3,140.16
14,High,17,0,0,164.71,158.41,38,163.9
16,Low,28,1,1,171.68,175.75,23,157.58
17,Medium,38,1,0,144.6,182.32,23,153.49
22,Medium,23,0,0,154.0,155.35,3,148.82
2,Low,37,1,0,143.71,131.37,3,128.24
10,Low,29,1,0,144.83,156.24,21,140.67
5,Medium,36,0,0,150.7,147.84,3,140.59
21,Low,36,1,0,138.63,126.5,5,125.17
12,High,12,0,0,154.07,187.34,33,166.38
2,Medium,33,0,0,175.18,171.53,3,159.69
16,Medium,17,1,0,146.54,176.08,35,157.71
1,Low,34,1,0,190.64,163.79,3,155.68
6,High,33,0,1,132.44,142.5,12,138.38
17,High,18,0,0,150.96,163.01,62,162.77
12,Medium,13,1,0,163.13,169.22,24,159.96
18,Medium,23,1,1,158.46,163.83,34,155.38
13,High,20,0,0,190.76,133.26,26,161.85
20,Medium,26,0,0,140.95,177.88,24,151.7
13,High,14,0,0,145.21,144.34,38,151.79
1,High,13,0,0,162.65,150.79,3,155.43
1,Medium,23,0,0,162.71,160.8,3,153.68
18,High,32,0,0,178.0,188.55,42,176.34
0,Low,20,1,0,178.56,145.31,3,150.16
9,Medium,20,1,0,115.87,127.72,34,128.37
0,High,16,0,0,176.14,188.21,3,174.59
7,Medium,19,1,0,172.43,187.24,19,167.89
14,Low,20,1,1,161.86,137.89,16,142.6
4,High,19,0,0,140.36,178.89,3,156.16
11,Low,21,1,0,187.56,184.78,22,168.66
23,Medium,19,0,0,174.06,125.84,7,147.28
1,Low,30,1,0,135.58,174.06,3,135.45
1,Low,21,1,0,139.42,136.69,3,129.38
6,Low,32,1,0,171.84,178.77,3,154.29
19,High,28,0,0,188.41,126.36,30,159.73
9,Low,29,1,0,154.24,169.93,25,145.7
15,High,27,0,0,185.34,178.09,27,172.67
0,Medium,36,0,0,145.57,127.32,4,132.54
17,Medium,18,1,0,146.61,174.21,48,158.88
1,Medium,38,0,0,169.88,132.72,3,145.88
17,High,17,0,0,119.04,130.14,75,142.68
3,Low,15,1,0,126.11,184.84,3,142.46
20,Low,34,1,0,173.27,185.0,8,156.95
7,High,36,0,0,134.37,173.17,15,146.47
4,High,14,0,0,129.01,182.86,3,153.22
8,High,28,0,0,122.12,126.09,31,132.12
0,Low,25,1,0,132.99,158.26,4,132.95
3,High,17,0,0,135.04,181.66,3,155.6
14,Low,26,1,1,142.29,183.03,9,146.22
7,High,30,0,0,190.07,148.86,18,164.03
8,High,27,0,0,166.57,146.1,37,156.31
19,Medium,26,0,0,170.47,170.5,40,161.86
2,Low,35,1,0,125.62,128.91,4,118.04
9,High,18,0,1,130.41,175.73,54,153.88
4,Low,28,1,0,186.89,141.23,5,151.24
11,High,20,0,0,165.74,158.9,40,164.78
7,Low,38,1,0,179.77,137.52,12,144.27
1,Medium,18,0,0,143.6,172.73,3,151.31
1,Medium,35,0,0,161.18,187.17,6,155.62
20,Medium,29,0,0,155.18,160.15,13,150.52
1,High,17,0,0,131.43,186.8,3,154.02
18,High,32,0,0,180.98,151.13,33,166.01
21,Low,18,1,0,141.7,143.62,12,137.51
11,Low,19,1,0,152.35,179.51,26,153.3
7,High,21,0,1,125.64,127.47,23,135.64
18,High,30,0,0,166.07,143.28,38,158.56
23,Medium,22,0,0,178.29,169.88,8,161.49
2,Low,27,1,0,147.83,137.28,4,130.06
23,Medium,26,0,0,193.25,182.88,3,170.11
22,High,17,0,0,135.61,156.34,9,147.28
3,Low,18,1,0,184.85,140.98,3,150.7
1,High,20,0,0,172.7,149.13,3,157.71
17,High,18,0,0,189.18,143.44,65,173.04
1,Medium,36,0,0,174.25,170.56,6,159.07
14,Medium,22,0,0,154.59,132.14,28,142.11
1,Medium,22,0,0,148.08,180.49,5,151.83
16,Medium,30,1,0,181.35,134.67,18,153.54
5,Low,33,1,1,182.23,143.36,3,143.08
2,High,30,0,1,162.11,165.74,3,152.4
1,Low,26,1,0,171.17,148.02,3,147.13
4,Medium,38,0,0,152.03,158.15,3,145.57
12,High,36,0,0,132.47,161.99,8,147.65
1,High,17,0,0,119.0,141.84,3,134.1
19,Medium,16,1,0,167.3,159.75,39,163.38
14,High,22,0,0,168.54,186.06,24,168.73
7,Low,34,1,0,168.22,125.16,13,138.54
23,Low,38,1,0,159.99,163.75,3,140.65
15,Medium,30,0,0,142.39,145.81,16,141.9
16,High,30,0,0,134.36,181.03,36,155.64
4,High,18,0,0,120.26,131.28,4,132.63
17,Medium,27,1,0,126.84,128.94,32,131.07
13,High,16,0,0,165.26,151.32,31,160.31
23,Medium,26,0,1,176.45,168.79,3,158.81
11,Low,17,1,0,187.61,125.42,22,150.11
16,High,14,0,0,121.71,177.73,69,156.27
8,High,38,0,0,180.12,146.87,25,160.88
0,High,36,0,0,162.79,184.82,3,161.66
3,Medium,30,0,0,139.11,183.87,3,145.47
20,Low,28,1,0,173.06,174.65,15,155.0
17,Medium,18,1,0,194.15,172.91,52,177.24
8,High,27,0,0,145.35,164.05,33,153.12
16,High,32,0,0,165.2,176.64,32,164.82
0,Medium,26,0,0,135.87,136.58,5,134.7
0,Low,19,1,0,131.4,178.11,4,141.84
12,Low,22,1,0,126.93,161.74,22,136.18
14,Low,34,1,0,117.57,175.83,14,132.37
22,High,18,0,0,172.9,157.1,10,162.14
18,High,37,0,0,126.68,166.01,37,150.5
6,Low,32,1,0,169.1,147.2,10,144.03
19,High,36,0,0,184.57,152.59,25,167.51
11,High,25,0,0,182.73,148.71,30,163.92
19,Medium,18,1,0,138.92,173.14,44,153.53
4,High,12,0,0,124.95,138.04,3,140.37
0,Medium,26,0,0,150.45,185.48,3,155.78
1,Low,22,1,1,129.5,178.9,3,135.13
23,High,15,0,0,144.88,181.01,10,159.47
1,Medium,37,0,0,160.51,184.41,3,157.23
22,Low,38,1,0,166.55,153.34,3,144.47
17,High,22,0,0,132.47,182.97,52,159.65
3,Low,30,1,0,133.18,153.87,3,129.97
20,Medium,23,0,0,184.28,131.6,31,157.09
3,Low,25,1,1,190.59,128.22,3,147.36
3,Medium,28,0,0,166.4,129.13,5,143.16
13,Low,23,1,0,159.55,137.22,15,140.68
6,Low,33,1,0,167.65,148.39,4,142.4
6,Low,17,1,0,125.29,188.65,14,144.84
4,Medium,30,0,0,186.76,140.68,3,155.04
14,Medium,38,0,0,131.69,184.34,25,148.98
0,Low,34,1,0,168.57,177.68,3,151.68
5,Medium,13,1,0,132.76,180.97,6,149.28
13,High,15,0,0,171.46,176.01,31,170.25
11,High,28,0,0,175.27,188.25,26,170.47
16,High,36,0,0,174.28,132.79,35,157.92
5,Low,34,1,0,149.3,156.13,3,138.33
15,High,36,0,0,163.56,147.28,19,154.82
18,Medium,16,1,0,162.84,143.48,45,156.52
9,Low,26,1,0,172.63,154.04,26,152.26
6,Low,31,1,0,154.92,156.26,7,141.49
13,Low,28,1,0,155.58,189.09,12,153.09
13,High,32,0,0,169.75,142.2,14,152.99
2,Low,17,1,0,128.61,184.26,4,142.85
13,Medium,24,0,0,167.2,135.85,20,147.3
3,Medium,24,0,0,126.86,168.23,3,139.55
13,High,37,0,0,172.99,144.85,20,153.62
22,High,17,0,0,146.11,187.42,11,160.18
12,Low,20,1,0,182.17,166.25,13,158.46
18,High,12,1,0,122.07,129.17,49,138.89
7,High,16,0,0,151.84,185.03,27,166.93
22,Medium,38,0,0,128.38,144.1,5,130.95
19,Low,34,1,0,184.51,185.28,24,164.87
22,Low,18,1,0,125.02,125.88,12,122.37
17,Medium,30,1,0,153.82,139.21,30,146.01
15,High,28,0,1,123.42,143.1,30,138.91
12,Medium,36,1,0,178.82,169.72,12,159.51
22,High,20,0,0,137.56,176.87,13,153.82
20,High,38,0,1,162.52,165.96,10,155.1
10,High,22,0,0,128.61,129.03,35,138.62
2,Low,31,1,0,143.13,153.19,3,134.05
0,Medium,22,0,0,124.1,157.11,3,138.11
5,Low,30,1,0,159.07,148.32,12,139.44
1,Low,21,1,0,115.28,152.27,3,128.12
5,Medium,34,0,0,194.45,156.37,3,160.72
2,Low,29,1,0,148.3,161.01,5,137.25
23,Low,19,1,0,165.36,166.01,3,151.15
2,Low,37,1,1,137.94,138.66,3,127.37
15,High,31,0,1,135.26,183.61,23,154.91
8,Low,23,1,0,182.69,178.81,23,161.5
4,Medium,15,1,0,175.65,176.13,8,163.75
16,High,38,0,0,166.46,177.38,36,168.09
23,Low,32,1,0,175.18,159.15,4,149.09
18,High,30,0,0,129.03,186.95,46,157.08
23,Low,34,1,0,189.73,148.79,3,150.57
14,High,28,0,0,151.38,152.3,25,147.17
16,High,18,0,1,184.5,178.06,47,181.08
3,Low,18,1,0,173.88,181.49,3,159.83
20,High,14,0,0,137.87,154.18,30,151.12
17,High,13,0,0,160.55,180.12,88,174.69
6,Low,31,1,0,192.33,166.16,11,158.38
8,Low,35,1,0,117.97,150.22,22,127.11
14,Medium,16,1,0,149.12,183.86,21,156.17
0,Low,27,1,0,164.64,157.71,4,143.3
19,High,15,0,0,142.19,180.19,52,164.74
6,Low,23,1,0,140.43,177.81,17,143.15
1,Low,33,1,0,174.9,131.28,6,137.33
7,Low,33,1,0,188.31,181.62,16,161.55
20,Low,37,1,0,158.01,135.56,15,137.13
6,Low,20,1,0,190.86,177.9,10,163.19
12,Low,37,1,0,123.1,174.11,13,135.89
19,Medium,33,1,0,133.2,172.92,26,146.49
0,Medium,21,0,0,122.02,184.86,3,145.69
18,Medium,20,1,0,149.84,164.04,39,155.5
6,High,14,0,0,165.14,147.01,24,157.42
16,High,36,0,0,131.04,163.56,27,147.45
4,Low,17,1,0,150.88,170.25,3,148.6
3,Low,19,1,0,169.75,148.7,3,146.23
18,High,23,0,0,166.16,141.53,42,160.43
19,High,15,0,0,165.34,156.83,55,166.11
23,Low,33,1,0,163.48,183.39,12,150.55
16,Low,30,1,0,193.93,165.98,24,163.63
11,Medium,16,1,1,172.11,183.32,36,166.07
4,Low,16,1,0,187.61,155.88,3,157.27
7,High,12,0,0,191.14,186.55,38,183.21
15,High,37,0,1,183.77,176.45,18,170.09
8,Medium,23,0,0,122.61,148.05,39,136.37
11,Low,29,1,0,157.34,154.13,17,141.17
4,Medium,16,1,0,145.52,189.85,8,154.82
10,High,18,0,0,122.77,186.99,46,154.64
5,Low,26,1,0,160.14,151.67,3,141.55
2,Low,17,1,1,132.03,179.18,3,139.79
3,Low,28,1,0,161.54,184.13,6,148.54
12,Low,36,1,0,180.39,141.36,3,148.57
8,High,20,0,0,146.51,158.64,37,154.7
2,Low,28,1,0,190.99,174.21,3,156.87
12,High,36,0,0,176.32,130.0,21,153.54
3,Low,36,1,0,179.34,177.37,3,154.43
0,Medium,12,1,0,123.98,138.72,4,132.75
3,High,14,0,0,190.35,156.13,10,170.53
10,Low,38,1,0,117.76,149.39,19,127.45
22,Medium,36,0,0,182.51,173.11,4,162.15
5,High,20,0,0,117.37,140.16,4,132.31
6,Low,26,1,0,128.0,155.31,9,129.15
5,Medium,27,0,0,140.23,142.26,3,135.08
8,High,30,0,0,174.02,128.56,26,152.34
17,High,32,0,1,186.95,179.83,29,176.61
7,Medium,22,0,0,168.32,139.59,21,150.76
15,Medium,36,1,0,173.22,140.11,19,148.81
21,High,13,0,0,138.18,128.04,13,141.82
22,High,12,0,0,193.03,157.68,7,172.26
13,Medium,37,0,0,147.62,142.48,10,141.36
17,Medium,16,1,0,188.03,161.76,49,171.57
22,Low,38,1,0,177.34,172.03,3,154.21
18,High,19,0,0,144.38,127.99,58,148.96
7,High,21,0,0,142.45,138.03,26,145.48
3,Medium,12,1,0,169.36,150.41,3,154.16
2,Medium,37,0,1,190.24,182.18,3,166.57
21,Low,21,1,0,168.79,132.13,6,142.81
13,Medium,16,1,0,183.59,173.35,29,167.99
7,High,25,0,1,192.3,186.98,15,180.42
8,Medium,16,1,0,141.4,130.05,38,141.79
6,Medium,33,0,0,158.08,146.65,7,144.21
19,High,13,0,0,163.73,175.02,58,173.71
14,Low,25,1,0,132.37,185.79,13,145.19
21,Low,22,1,0,178.8,141.04,3,146.84
7,Medium,13,1,0,135.94,166.72,23,145.77
11,High,13,0,0,171.55,172.55,45,172.07
2,Medium,26,0,0,156.91,151.26,4,146.19
23,Low,22,1,0,181.93,168.52,5,153.85
12,Medium,15,1,0,155.92,160.69,19,153.55
13,High,15,0,0,161.93,185.92,36,170.24
9,Medium,33,1,0,129.49,160.02,18,137.96
6,Medium,31,0,0,179.65,158.58,6,158.98
22,Medium,28,0,0,147.17,168.5,3,146.87
11,High,34,0,0,161.38,134.9,18,148.32
16,Medium,13,1,0,182.68,159.51,44,168.82
0,Low,30,1,0,153.35,128.29,3,128.22
6,Medium,32,0,1,136.96,165.76,3,140.01
19,High,17,0,0,136.23,159.75,49,151.31
2,Medium,26,0,0,160.31,179.56,3,156.65
2,Medium,32,0,0,138.3,176.85,3,146.01
19,High,28,0,0,142.08,153.12,33,150.44
7,Low,18,1,0,133.78,167.83,16,141.79
6,Medium,29,0,0,150.7,144.72,12,141.76
13,Medium,32,0,0,152.29,150.21,16,146.73
4,Low,12,1,0,157.07,130.07,5,139.35
1,Low,27,1,0,162.43,131.55,3,136.77
0,Medium,25,0,0,162.03,178.22,3,157.82
1,Medium,21,0,1,144.38,188.18,5,151.86
3,Low,13,1,0,187.05,156.8,3,159.79
16,High,14,0,1,155.93,133.32,61,154.33
7,Low,32,1,0,181.57,130.74,14,143.78
1,Medium,34,0,0,159.59,127.95,9,138.63
0,Low,23,1,0,144.65,182.12,12,147.11
11,Medium,37,0,0,174.09,153.74,13,154.55
20,Low,37,1,0,129.16,182.22,16,139.97
8,High,29,0,0,192.57,148.58,31,165.04
1,Medium,27,0,1,160.78,163.22,3,149.8
5,Low,38,1,0,123.33,168.8,3,129.76
11,Low,28,1,0,148.71,128.25,13,133.44
4,Low,37,1,0,172.0,169.3,3,148.78
23,Low,38,1,0,120.45,176.98,13,129.69
18,High,17,0,0,135.91,126.44,70,146.36
8,High,29,0,0,188.95,128.82,23,158.64
22,High,31,0,0,143.5,158.94,3,146.26
7,Low,34,1,0,127.73,188.14,3,141.51
3,Low,21,1,0,122.87,188.26,6,139.07
22,Low,35,1,0,164.53,132.12,3,136.28
23,Medium,25,0,0,159.65,174.46,7,154.84
7,Low,22,1,0,166.82,176.57,18,156.33
14,Low,16,1,0,191.64,182.0,28,169.21
4,Low,20,1,0,119.81,127.83,3,120.53
15,Low,38,1,0,130.81,188.21,17,144.26
16,Medium,31,1,1,133.71,178.41,19,145.36
17,High,31,0,0,149.17,164.5,32,157.35
13,Medium,36,0,0,124.68,129.34,13,127.47
16,Low,19,1,0,147.79,140.61,36,140.73
13,Low,29,1,0,180.3,147.53,14,150.05
19,Medium,22,1,0,128.09,180.73,35,148.16
4,Low,34,1,1,188.33,174.47,3,156.72
11,Low,23,1,0,187.9,186.15,21,167.98
9,Medium,35,1,0,156.04,152.46,23,147.99
12,Low,32,1,0,183.81,184.59,10,159.83
3,Medium,32,0,0,171.92,183.22,3,160.76
7,High,36,0,0,143.54,126.2,24,139.77
22,Medium,33,0,0,159.94,140.55,4,142.27
2,Low,20,1,0,124.33,176.99,3,137.98
15,High,26,0,0,154.66,168.23,27,159.52
15,High,24,0,0,181.4,139.49,38,162.75
11,High,13,0,0,161.82,175.8,39,169.8
0,Medium,28,0,0,145.56,145.58,3,138.18
0,Medium,23,0,0,168.08,164.14,5,154.82
6,Low,22,1,0,193.15,185.75,6,168.87
2,High,14,0,0,120.4,140.58,5,137.23
2,Medium,25,0,0,141.43,128.6,3,132.02
3,Medium,27,0,0,127.48,167.91,3,138.96
4,Low,14,1,0,191.56,172.35,3,165.02
20,Low,29,1,0,158.67,145.32,23,141.18
15,Medium,16,1,0,125.37,155.45,31,140.82
0,High,15,0,0,163.97,157.57,3,161.77
15,Low,22,1,0,155.03,178.04,30,152.31
3,Medium,22,0,0,119.75,170.05,3,136.48
10,Medium,36,1,0,184.16,142.74,5,152.86
0,Low,13,1,0,171.74,142.75,9,147.92
2,Low,21,1,0,115.42,146.12,3,124.38
3,Low,31,1,0,191.77,134.49,3,146.86
10,Medium,18,1,0,127.74,133.73,35,135.38
11,Medium,38,1,0,115.02,178.13,19,135.94
8,Low,32,1,0,149.18,179.06,17,148.05
14,Low,37,1,1,126.26,141.91,11,123.12
17,Medium,37,1,0,160.61,180.28,35,160.64
17,High,14,0,0,139.91,162.1,71,161.35
13,Low,24,1,0,129.81,171.29,18,137.2
13,High,32,0,0,193.83,182.23,10,177.06
11,High,12,0,0,141.62,145.04,52,149.9
5,Medium,24,0,0,148.18,168.04,3,149.91
11,High,30,0,0,138.54,145.05,18,143.71
0,Low,33,1,0,181.96,183.69,3,156.89
23,Medium,23,0,0,130.74,144.47,4,135.58
8,Medium,35,1,0,125.21,165.65,19,136.95
18,High,30,0,0,185.52,137.42,43,164.41
22,High,13,0,0,129.67,149.04,5,144.38
11,High,19,0,0,183.64,147.84,32,166.46
20,Low,37,1,0,161.25,173.77,9,149.06
11,Medium,12,1,0,180.87,143.63,28,159.75
3,High,14,0,0,120.61,146.28,3,138.45
0,Low,21,1,0,192.09,125.61,3,149.08
3,Low,38,1,0,138.98,145.53,3,131.3
22,Low,31,1,0,119.69,142.69,3,123.82
11,High,15,0,0,176.19,160.4,41,170.23
7,Low,22,1,0,129.28,151.12,19,133.11
10,Medium,37,1,0,143.09,188.73,13,153.33
6,Medium,17,1,0,162.57,160.5,14,154.36
20,High,27,0,0,120.49,129.73,20,131.8
23,Low,24,1,1,131.15,177.62,4,139.75
2,Medium,32,0,0,154.13,128.46,3,137.9
17,Medium,32,1,0,148.75,179.42,25,154.35
8,Low,34,1,0,159.61,151.36,18,144.59
1,High,15,0,0,173.29,129.01,3,155.53
22,Medium,24,0,0,143.24,188.53,3,152.15
1,Low,30,1,0,147.35,157.2,8,136.33
4,Low,23,1,0,136.79,180.56,3,141.86
0,Medium,30,0,0,142.18,152.34,3,136.0
11,Low,29,1,0,119.08,155.0,21,126.19
14,High,22,0,0,161.41,148.55,26,157.53
7,Medium,14,1,0,128.82,148.98,25,138.92
1,Medium,38,0,0,172.3,176.57,3,159.15
2,Low,34,1,0,118.38,127.0,3,117.03
22,Low,36,1,0,119.79,156.84,3,122.91
19,High,20,0,0,137.78,142.26,46,150.71
22,Low,20,1,1,150.07,161.19,9,141.91
12,High,20,0,1,170.49,138.99,26,156.75
13,High,12,0,0,170.37,147.67,28,165.54
18,Medium,16,1,0,192.87,159.66,54,174.43
14,Low,20,1,0,143.13,173.22,16,146.25
10,High,38,0,0,119.75,186.49,31,148.37
7,High,17,0,0,183.9,140.8,29,164.15
11,High,25,0,0,173.45,156.39,40,161.94
1,Medium,26,0,0,120.45,147.66,3,132.21
4,Low,21,1,0,121.67,164.39,3,132.54
17,High,36,0,0,153.13,148.82,38,154.85
20,Medium,14,1,0,142.33,131.3,22,140.18
2,Medium,35,0,0,162.71,164.94,3,152.0
2,Medium,32,0,0,132.53,127.31,11,125.67
2,Low,20,1,0,191.75,127.8,3,151.52
18,Low,32,1,0,155.97,182.47,22,154.53
7,High,23,0,0,175.06,181.57,24,169.63
7,High,38,0,0,125.06,161.58,18,143.11
0,High,12,0,0,164.35,126.17,3,153.04
23,Medium,12,1,0,184.21,147.3,10,159.61
10,High,26,0,0,116.84,147.51,36,139.51
19,High,37,0,0,158.2,171.86,27,162.47
16,Medium,13,1,0,134.74,177.77,48,155.69
3,Low,33,1,0,153.27,148.03,3,133.82
19,Low,37,1,0,180.28,152.41,16,153.7
13,High,25,0,0,170.21,139.6,21,155.14
14,Low,35,1,0,175.36,172.31,17,154.63
4,Medium,32,0,0,131.93,147.69,3,133.28
20,Medium,17,1,0,181.6,170.86,19,167.6
22,Medium,35,0,0,164.12,170.95,3,152.37
9,Low,30,1,0,120.54,135.15,19,125.13
2,High,12,0,0,184.02,182.56,3,176.42
20,High,27,0,0,119.46,178.59,13,145.33
21,Low,29,1,0,117.3,162.9,8,127.23
12,Medium,33,0,0,181.7,130.61,31,151.42
13,Low,32,1,0,116.04,135.87,12,121.31
5,Low,24,1,0,122.07,130.99,3,121.89
1,Low,20,1,0,116.36,155.13,3,128.74
22,High,17,0,1,185.42,142.26,3,162.15
11,Medium,14,1,0,118.58,179.0,39,145.3
6,High,29,0,0,144.81,153.34,6,148.24
16,High,37,0,0,132.36,154.39,22,145.97
0,High,14,0,0,142.33,184.93,3,159.01
1,Medium,30,0,0,138.25,162.56,3,139.85
5,Medium,27,0,0,186.03,150.18,4,157.99
10,High,16,0,0,176.5,188.92,60,177.58
8,High,17,0,0,185.8,155.06,50,171.84
4,High,19,0,0,172.6,162.68,3,163.28
8,High,30,0,0,141.43,149.83,30,147.18
8,Medium,20,1,0,129.87,168.5,42,143.26
12,High,34,0,0,157.38,175.43,26,156.4
13,Medium,21,1,0,143.53,165.86,16,146.89
21,Medium,14,1,0,166.47,141.15,16,151.01
19,High,14,0,0,118.11,186.25,64,155.65
7,Low,22,1,0,172.04,158.26,21,150.79
21,Medium,23,0,0,138.96,178.69,12,150.59
12,High,31,0,0,151.98,125.57,14,141.07
4,Low,24,1,0,193.29,158.65,3,158.52
8,High,16,0,0,132.25,185.81,45,158.1
17,High,17,0,0,124.41,169.73,74,155.41
19,High,27,0,0,131.79,132.42,40,142.38
8,High,21,0,0,143.12,171.15,40,157.14
3,Medium,30,0,1,157.9,125.98,3,135.83
4,Low,36,1,0,193.42,148.96,3,153.29
2,Medium,21,0,0,184.59,140.39,3,157.74
16,Medium,26,1,1,172.2,141.37,23,151.58
12,High,34,0,0,172.64,127.7,10,149.59
10,Medium,17,1,0,137.7,165.11,49,150.12
16,Low,25,1,0,189.24,173.22,21,166.45
19,Medium,20,1,0,158.16,143.97,25,150.91
19,Low,28,1,0,128.0,163.15,26,137.16
3,Medium,32,0,0,191.02,157.33,4,160.14
14,Medium,15,1,0,155.52,189.55,22,163.74
21,High,17,0,0,127.44,177.8,12,153.39
18,High,12,1,0,173.82,186.49,57,178.21
7,Medium,12,1,0,133.7,178.58,27,152.57
9,Medium,13,1,0,130.01,167.75,42,148.8
21,Medium,31,0,0,136.41,129.63,13,129.89
0,Low,36,1,0,161.26,180.76,3,147.68
12,Low,23,1,0,138.41,174.47,23,142.79
2,Low,35,1,0,118.27,143.34,3,121.64
21,Low,31,1,0,146.0,142.51,9,131.32
0,Low,33,1,0,133.75,159.08,3,129.12
0,Low,31,1,0,155.92,143.4,3,135.13
7,Low,17,1,0,151.76,188.09,23,154.83
4,Medium,26,0,0,121.25,137.58,5,129.4
11,Low,26,1,0,134.63,134.97,21,129.67
7,High,29,0,0,137.52,127.83,10,137.69
8,Low,33,1,0,153.78,160.92,15,143.46
13,High,15,0,0,180.78,173.12,32,172.37
13,High,30,0,0,132.49,163.11,19,146.55
22,Medium,34,0,0,127.65,138.54,8,128.95
11,High,15,0,0,115.08,185.02,43,152.89
13,High,23,0,0,163.52,149.65,20,155.85
16,High,36,0,0,141.05,134.15,35,144.58
4,High,12,0,0,168.61,137.42,3,157.21
16,High,16,0,0,170.21,153.48,65,167.87
20,Low,33,1,0,118.58,160.38,17,129.36
7,High,16,0,0,148.47,164.09,32,157.7
4,Low,30,1,0,192.44,129.76,3,144.0
8,High,36,0,1,137.01,181.39,18,153.27
6,Medium,25,0,0,157.36,146.87,7,148.17
14,High,25,0,0,158.03,141.86,20,151.45
20,High,23,0,0,135.84,169.69,23,151.72
14,Low,22,1,1,177.34,164.88,13,156.06
3,Low,22,1,0,115.29,189.53,3,137.56
7,High,26,0,0,133.14,151.67,20,143.35
16,Medium,36,1,0,162.4,136.91,22,144.61
7,High,38,0,0,188.38,188.23,15,175.19
14,Low,35,1,0,115.76,156.33,8,126.55
16,High,15,0,0,163.07,168.0,50,169.55
7,High,20,0,0,115.27,127.75,33,131.55
15,High,32,0,0,164.83,146.83,22,155.36
9,High,26,0,0,147.93,189.17,41,163.18
3,Low,21,1,0,149.76,187.68,3,149.52
8,Medium,20,1,0,192.4,188.97,33,175.99
10,Medium,15,1,1,169.58,178.56,32,165.58
0,Low,20,1,0,130.71,157.53,3,134.12
21,High,23,0,0,194.79,162.18,16,170.92
12,Low,23,1,0,135.53,129.87,21,128.95
0,Low,26,1,0,169.87,176.56,7,153.17
20,Low,19,1,0,169.42,173.69,15,158.42
20,High,17,0,1,182.98,171.04,25,173.5
0,Low,35,1,0,146.91,149.87,3,135.35
3,Low,22,1,0,170.68,142.28,3,145.19
8,High,18,0,0,165.08,177.64,46,172.02
12,Low,29,1,0,149.91,188.34,16,150.62
17,Medium,26,1,1,188.28,152.53,27,164.91
10,Low,27,1,0,135.15,128.61,26,126.98
14,Medium,17,1,0,132.94,183.55,22,151.78
0,Medium,31,0,0,165.43,169.81,3,154.7
15,Medium,17,1,0,130.22,168.64,26,146.62
21,Low,34,1,0,181.4,186.38,9,157.42
12,High,23,0,0,142.17,168.58,22,150.71
10,Low,23,1,0,148.69,165.14,17,145.99
7,Medium,22,0,0,169.59,171.16,29,161.33
22,Low,23,1,0,185.81,156.46,3,152.83
0,Medium,29,0,0,170.2,143.65,3,148.6
6,Medium,25,0,1,122.54,141.37,5,128.81
3,High,15,0,0,142.04,172.21,3,153.33
20,Medium,27,0,0,175.01,140.77,7,155.57
11,Medium,19,1,0,187.62,185.53,25,173.35
22,High,14,0,0,165.71,151.19,6,158.83
15,Medium,34,1,0,162.69,166.18,10,151.47
13,High,20,0,0,145.34,127.78,30,142.85
12,High,28,0,1,153.24,154.18,15,149.62
4,Low,16,1,0,149.58,150.97,3,140.47
13,High,21,0,1,119.41,174.05,18,145.38
16,High,22,0,0,116.75,128.6,52,134.67
23,Low,15,1,0,164.39,151.15,3,146.48
13,High,38,0,0,155.79,180.78,22,157.6
22,Low,20,1,0,134.59,168.45,11,136.77
22,Low,27,1,0,186.42,175.53,10,157.2
12,Low,27,1,0,131.53,174.61,18,138.06
10,High,23,0,0,171.04,168.03,38,166.68
3,Medium,27,0,0,178.07,150.43,3,154.73
6,Low,27,1,0,182.22,150.96,7,151.12
21,Medium,14,1,0,182.16,128.33,15,154.34
3,Low,30,1,0,178.53,137.67,3,142.42
9,High,15,0,0,151.62,161.28,60,162.36
16,Low,23,1,0,164.91,183.18,39,157.98
5,Low,21,1,0,183.62,164.79,3,157.78
23,Low,24,1,0,148.62,150.16,3,137.09
15,Medium,13,1,0,168.67,179.08,32,168.14
0,Medium,30,0,0,127.76,154.17,5,130.74
5,Medium,23,0,0,160.18,141.89,3,147.56
17,High,13,0,1,126.28,130.2,67,143.02
20,Medium,12,1,0,167.82,178.86,25,167.15
22,Low,26,1,0,145.15,165.04,3,138.66
20,Medium,29,0,0,133.23,162.75,13,142.75
1,Medium,26,0,1,143.86,171.84,3,146.21
17,High,31,0,0,171.11,164.33,39,167.68
2,Medium,32,0,0,187.64,147.78,3,156.13
1,Medium,35,0,0,115.9,165.14,3,134.35
16,Low,38,1,0,128.43,134.1,20,127.07
11,Low,35,1,0,171.46,144.25,20,143.96
15,High,33,0,0,160.5,159.93,13,156.19
20,High,23,0,0,140.53,129.49,12,142.46
1,Medium,25,0,0,167.14,178.42,9,159.95
12,High,28,0,0,184.38,127.9,12,154.34
20,High,16,0,0,135.64,149.2,29,147.92
10,High,30,0,0,153.85,154.54,22,153.24
12,High,27,0,0,116.66,169.25,19,143.25
11,High,26,0,0,190.68,135.07,26,161.57
21,Low,34,1,0,179.13,178.39,13,154.94
1,Medium,30,0,0,155.41,152.7,4,145.76
21,Medium,37,0,0,194.36,141.32,3,155.83
19,High,38,0,0,132.62,131.39,18,139.36
19,High,34,0,0,174.52,185.15,29,169.22
9,Medium,20,1,0,176.56,151.22,33,159.24
12,High,17,0,0,181.47,149.79,27,165.78
8,High,20,0,0,169.81,136.72,49,157.51
6,Low,31,1,0,130.25,157.91,3,132.33
21,Medium,35,0,0,122.31,145.79,6,130.41
12,Medium,35,0,0,129.43,135.79,19,131.39
17,High,30,0,0,183.67,173.94,33,173.94
2,Medium,30,0,1,147.16,183.39,6,148.58
18,Medium,37,1,0,158.69,147.9,21,151.75
15,Low,30,1,0,117.03,143.62,16,123.8
23,High,15,0,0,154.31,149.27,4,155.68
3,Medium,25,0,0,147.74,185.11,3,152.29
12,High,21,0,0,157.76,162.93,24,158.94
12,Low,29,1,0,145.02,135.78,16,131.09
12,Low,29,1,0,121.04,166.11,8,130.04
1,Medium,19,0,0,118.52,151.08,3,133.67
11,Medium,20,1,0,190.98,126.13,22,157.79
7,High,14,0,0,163.31,188.05,37,173.6
14,Low,19,1,0,166.47,132.47,20,144.11
5,Medium,34,0,1,188.23,151.88,3,155.12
10,High,29,0,0,159.07,167.75,30,159.89
14,Low,37,1,0,164.24,163.09,10,146.94
1,Low,37,1,0,156.84,125.27,8,129.32
18,High,35,0,0,129.08,164.51,32,150.18
17,Medium,16,1,0,139.92,172.27,53,154.47
1,Medium,21,0,0,185.75,180.21,7,168.89
1,High,13,0,0,150.51,136.96,3,149.51
20,Medium,14,1,1,131.33,127.39,19,134.6
6,Low,18,1,0,181.24,186.38,14,163.24
20,High,19,0,1,121.98,169.23,21,149.06
11,Medium,12,1,0,166.16,154.57,23,158.09
8,Low,34,1,0,171.01,172.13,17,154.2
6,Medium,26,0,0,139.3,135.21,19,134.27
15,Medium,29,1,0,128.35,187.3,20,145.34
2,Medium,29,0,0,150.86,167.53,3,147.1
9,Medium,38,1,0,175.4,182.0,25,163.75
8,High,15,0,0,185.94,161.19,51,174.76
3,Medium,21,0,0,180.23,177.05,3,165.08
8,High,20,0,0,123.76,146.3,42,144.46
12,High,26,0,0,132.82,133.65,23,137.55
16,High,26,0,0,164.36,148.0,37,159.17
2,Low,33,1,0,171.79,183.3,3,155.1
20,High,27,0,0,115.7,170.38,23,141.88
21,High,18,0,0,126.41,154.66,14,142.31
16,High,27,0,0,122.52,140.29,40,139.03
22,Medium,38,0,0,142.29,163.87,8,144.17
10,High,27,0,0,169.46,163.54,33,163.34
19,Medium,27,1,1,190.46,159.51,17,164.78
17,High,16,0,0,122.16,172.96,66,154.26
13,Medium,12,1,0,155.49,140.78,19,146.54
4,Low,17,1,0,144.8,158.21,4,141.65
13,High,12,0,0,146.87,145.05,37,153.59
21,Low,24,1,0,120.44,138.36,4,122.36
23,Medium,35,0,0,138.07,146.63,5,134.49
10,Medium,24,1,0,135.2,177.19,28,148.11
5,Low,29,1,0,172.46,132.4,5,139.46
17,Medium,35,1,0,166.35,142.91,36,150.07
1,Low,32,1,0,165.9,159.65,3,144.2
3,Medium,29,0,0,156.54,151.06,3,143.13
13,High,33,0,1,142.37,178.8,16,151.77
23,Low,19,1,0,134.5,175.65,3,139.63
7,High,23,0,0,115.9,169.06,35,143.41
10,Medium,22,1,0,126.83,143.36,24,134.81
7,High,33,0,0,132.59,126.38,19,135.79
10,High,23,0,0,193.05,145.4,41,169.46
0,Medium,37,0,0,192.64,164.06,3,161.23
14,Medium,17,1,0,176.41,131.59,21,153.71
14,High,16,0,0,163.83,178.53,41,168.75
7,High,31,0,0,168.5,189.13,19,168.27
6,Low,32,1,0,163.04,172.94,6,146.7
18,High,30,0,0,166.75,151.95,45,161.66
4,Medium,20,0,0,132.54,176.82,3,149.31
1,High,12,0,0,193.14,142.72,5,168.88
0,Medium,20,0,0,175.53,187.02,3,166.31
21,Medium,24,0,0,133.74,148.83,6,139.84
8,Low,23,1,0,156.09,169.84,30,149.9
2,Medium,36,0,0,178.14,126.23,3,146.23
21,Medium,35,0,0,187.89,166.0,18,165.7
3,Medium,32,0,0,145.71,144.24,3,137.4
8,High,12,0,0,153.7,131.64,60,154.64
0,High,15,0,0,139.79,153.18,3,151.09
16,Medium,23,1,0,145.13,131.88,35,142.32
16,Medium,28,1,1,133.22,137.03,24,135.45
18,High,30,0,0,117.39,183.18,38,148.07
6,High,19,0,0,148.31,129.12,12,143.28
7,Medium,14,1,1,152.65,165.62,18,154.19
22,Medium,20,0,1,177.39,128.92,3,149.34
19,High,33,0,0,156.81,171.67,29,160.07
0,Medium,38,0,0,141.11,188.56,3,150.95
16,High,37,0,0,152.06,152.92,28,154.45
19,Low,28,1,0,178.69,187.93,26,163.57
13,Medium,14,1,0,153.48,166.7,27,155.69
15,High,38,0,0,159.41,163.71,15,156.53
0,High,16,0,0,128.84,136.13,4,136.87
0,Medium,19,0,0,115.61,186.9,3,143.82
0,Low,38,1,0,189.37,181.0,3,158.58
3,Medium,25,0,0,136.44,133.56,4,131.77
23,High,17,0,0,142.81,126.86,3,140.0
15,Low,25,1,0,124.19,148.34,28,131.01
18,Medium,14,1,0,156.04,135.36,53,152.97
7,High,20,0,0,173.97,146.85,30,160.9
22,Medium,37,0,0,169.89,187.3,10,159.73
4,Medium,20,0,0,183.45,181.02,5,167.15
21,Low,36,1,0,137.93,153.61,9,130.75
0,Low,26,1,0,140.17,142.93,3,131.48
0,Low,29,1,0,192.25,162.56,3,154.99
1,Medium,30,0,0,151.53,185.94,3,153.17
19,High,26,0,1,181.76,176.39,31,170.57
6,High,12,0,0,163.92,181.4,14,170.85
10,High,36,0,0,129.47,174.47,30,149.21
11,High,24,0,0,191.6,157.74,31,168.58
18,High,29,0,1,140.96,134.2,32,143.69
8,High,26,0,0,166.34,178.21,34,166.85
0,Low,29,1,0,135.36,167.31,3,133.68
9,Low,21,1,0,161.05,175.22,36,156.41
6,Medium,34,0,0,158.29,172.71,12,154.41
17,High,18,0,0,135.88,141.0,80,152.25
18,Medium,29,1,0,194.1,143.57,29,162.89
2,Medium,27,0,0,126.25,180.66,3,144.16
19,High,25,0,0,150.44,151.47,28,154.32
1,Medium,12,1,0,117.51,136.55,3,129.36
14,High,22,0,0,169.62,166.78,24,164.77
9,High,13,0,0,151.97,144.39,68,157.69
7,Low,25,1,0,159.81,166.77,14,149.15
11,Low,30,1,0,170.88,163.35,17,149.5
7,High,26,0,0,176.12,168.1,18,167.07
19,Medium,32,1,0,192.27,189.57,21,175.08
23,Medium,21,0,0,184.12,143.03,10,160.01
19,Low,20,1,0,140.9,188.42,30,150.94
10,Low,24,1,0,173.18,174.63,29,158.77
12,Medium,18,1,0,121.08,180.6,18,143.17
10,Medium,33,1,0,125.9,177.16,13,142.54
19,Medium,33,1,0,151.77,126.49,21,139.87
13,Medium,23,0,0,151.77,157.74,25,150.11
11,Low,33,1,1,155.46,131.87,14,133.54
9,High,12,0,0,153.02,168.78,71,165.23
9,High,16,0,0,166.31,128.88,58,156.99
13,High,19,0,0,191.35,127.16,27,162.9
16,High,22,0,0,128.82,183.94,46,157.8
10,Medium,18,1,0,143.6,184.61,36,158.36
19,High,25,0,1,120.94,165.55,30,145.37
19,High,33,0,0,131.0,154.9,28,146.37
10,High,24,0,0,193.98,178.85,36,177.91
21,Low,24,1,0,118.16,187.67,3,135.8
4,Low,13,1,0,132.09,128.53,3,129.84
22,Low,19,1,0,149.12,131.73,8,134.77
7,High,33,0,0,138.41,183.83,17,153.08
13,Low,33,1,0,158.62,131.46,9,134.11
6,High,14,0,0,194.24,171.42,22,177.25
10,High,12,0,1,171.31,160.98,56,169.28
8,Low,34,1,0,147.47,158.91,16,141.01
16,High,16,0,0,169.63,131.35,54,158.88
1,Low,27,1,0,184.78,172.37,5,155.43
20,High,34,0,0,133.32,164.13,16,146.52
21,Low,33,1,0,172.35,185.37,5,156.57
13,High,26,0,0,164.12,156.26,25,156.4
13,Low,22,1,0,173.71,184.31,16,158.89
16,High,32,0,0,121.73,136.95,32,136.88
4,Low,30,1,0,173.64,138.25,3,138.42
17,Medium,34,1,0,178.04,186.68,40,168.99
5,Medium,25,0,0,169.98,131.46,3,147.13
16,High,37,0,0,130.78,140.38,35,141.26
7,Low,32,1,0,127.91,134.19,10,122.11
17,High,13,0,0,174.07,171.13,81,179.45
18,High,19,0,0,166.82,175.72,62,173.08
5,Low,33,1,0,193.69,183.6,4,163.23
14,High,15,0,0,151.38,134.54,36,152.22
11,Low,31,1,0,133.35,145.91,16,130.15
7,Medium,21,1,0,176.58,145.62,15,154.42
14,High,17,0,0,174.88,188.28,30,177.2
23,Medium,26,0,1,156.82,162.89,3,147.92
0,Low,37,1,0,174.68,146.94,3,145.11
22,Low,36,1,0,139.85,144.42,3,128.34
20,Low,22,1,0,132.26,145.74,27,132.61
12,Medium,12,1,0,125.09,171.29,22,145.95
14,High,35,0,0,138.24,160.7,24,148.95
8,High,36,0,0,167.37,165.53,31,161.75
3,Low,28,1,0,135.67,155.58,3,130.16
13,Low,28,1,0,185.68,126.71,10,146.32
19,High,26,0,0,134.98,169.66,34,152.17
5,High,12,0,0,169.76,172.07,7,168.81
17,High,16,0,0,157.21,136.72,82,159.68
17,Medium,15,1,1,131.92,167.21,37,148.59
18,High,36,0,0,159.5,182.04,36,167.35
8,High,13,0,0,191.38,164.18,53,176.85
9,High,27,0,0,190.53,168.46,36,175.39
9,Medium,21,1,0,138.33,170.55,42,147.77
20,Medium,12,1,0,157.92,146.08,21,151.74
21,Low,36,1,0,127.07,135.03,3,121.49
9,Medium,12,1,0,152.52,155.72,47,156.46
23,Low,35,1,0,140.72,140.07,4,126.62
13,High,32,0,0,189.36,169.65,14,172.38
9,Medium,33,1,0,165.61,171.47,18,156.17
0,Low,16,1,0,129.79,125.53,3,124.82
14,Low,35,1,0,194.39,187.02,6,167.66
15,High,28,0,1,170.53,185.13,24,168.55
23,Medium,22,0,0,125.77,133.58,4,129.37
17,High,30,0,0,178.96,156.06,45,166.32
0,Medium,21,0,0,159.6,138.59,3,145.14
13,Low,19,1,0,147.02,187.65,19,151.42
17,High,19,0,0,130.71,161.79,64,155.61
11,High,27,0,0,137.23,170.51,16,151.15
10,High,28,0,0,128.38,188.56,31,154.46
19,Medium,18,1,0,179.27,168.75,33,166.9
14,High,18,0,0,136.84,181.6,33,158.92
16,High,37,0,0,152.6,140.64,30,149.43
11,High,25,0,0,192.43,139.91,34,164.04
6,Low,35,1,0,194.56,153.68,5,154.48
12,High,20,0,0,178.3,182.3,23,175.06
23,High,19,0,0,178.91,127.54,3,154.38
14,Medium,19,1,0,190.59,153.69,20,163.45
16,High,26,0,1,178.75,178.62,28,173.0
2,Medium,33,0,0,151.08,136.53,3,137.8
23,Low,25,1,0,119.82,165.02,3,128.35
5,Medium,19,0,0,131.67,129.55,7,131.7
23,Low,37,1,0,150.56,125.67,7,129.05
10,Low,27,1,0,136.23,145.73,18,132.43
22,Medium,22,0,0,141.33,177.37,7,151.16
21,High,12,0,0,119.71,127.69,20,135.3
18,Medium,27,1,0,159.17,148.71,34,148.7
21,Medium,28,0,0,143.13,172.36,17,148.62
14,High,37,0,0,135.71,148.99,13,143.45
20,Medium,18,1,0,163.83,156.12,16,155.38
4,High,16,0,0,137.14,157.52,3,148.05
1,Medium,38,0,0,153.1,184.02,3,152.58
13,Medium,26,0,0,134.71,181.93,8,148.4
19,Medium,12,1,0,169.44,129.14,40,153.38
18,Medium,14,1,1,183.33,169.99,35,172.35
12,Low,24,1,0,121.54,160.29,16,131.47
12,Low,28,1,0,180.59,148.04,22,149.55
14,Medium,18,1,0,183.14,157.02,27,161.82
20,Low,21,1,0,192.19,182.19,12,168.69
20,High,31,0,0,181.23,175.25,14,170.35
2,Low,38,1,0,159.19,161.92,3,142.46
14,Medium,25,1,0,120.62,136.41,23,126.83
9,High,23,0,0,120.96,165.21,36,146.62
19,Medium,21,1,0,130.74,157.37,28,143.79
12,High,15,0,1,150.77,154.05,23,155.81
23,Low,13,1,0,191.44,186.35,3,170.37
10,High,34,0,0,129.03,189.52,35,153.88
16,Medium,13,1,0,158.1,186.84,38,170.36
2,Low,34,1,0,194.85,173.03,3,158.48
22,Low,18,1,1,116.1,163.93,12,132.04
3,Medium,30,0,0,118.76,145.76,3,128.47
9,High,37,0,1,136.59,186.57,24,157.9
20,Low,32,1,0,133.01,154.62,8,130.99
23,Low,31,1,0,154.89,138.11,3,135.38
11,Medium,19,1,0,148.64,132.2,23,143.08
11,High,28,0,0,161.69,179.33,21,162.97
1,Low,29,1,0,126.77,146.33,3,124.05
23,Medium,23,0,0,169.87,174.8,6,162.56
0,High,13,0,0,132.18,165.78,3,149.3
0,Medium,36,0,0,151.16,143.43,3,141.31
11,High,17,0,0,117.67,180.29,41,152.65
0,Low,38,1,0,178.83,179.92,3,155.38
3,Low,37,1,0,165.17,136.17,3,136.79
15,High,12,0,0,131.7,132.91,57,147.89
16,Low,31,1,0,163.14,164.03,23,150.49
7,High,29,0,0,149.96,140.17,16,144.96
19,High,18,0,0,181.1,146.59,44,164.97
14,Medium,33,0,0,193.7,185.89,17,174.18
5,Low,15,1,0,124.96,136.41,5,127.19
17,High,18,0,0,154.21,155.58,65,163.56
14,Low,37,1,0,135.64,144.17,12,130.32
19,High,32,0,0,174.97,147.62,24,162.25
3,High,15,0,0,117.76,149.06,3,140.33
5,Low,15,1,1,158.57,141.9,3,140.49
7,Medium,18,1,0,183.57,174.63,22,167.09
8,High,13,0,0,146.14,177.77,56,165.07
21,High,16,0,0,182.03,160.07,22,170.55
17,Low,27,1,0,126.75,183.45,32,145.19
13,Medium,12,1,0,188.47,133.88,21,159.93
12,High,19,0,0,178.32,157.93,34,167.1
21,High,20,0,0,146.29,178.85,15,157.33
10,High,38,0,0,125.45,165.36,28,144.35
5,Medium,38,0,0,156.63,189.03,3,156.05
3,Low,34,1,0,168.63,163.72,3,147.84
7,High,21,0,0,125.31,187.4,23,155.59
15,Low,26,1,0,189.65,131.42,20,150.29
11,Medium,25,1,1,176.02,127.77,15,147.92
10,High,35,0,0,191.13,148.17,28,166.27
11,Low,32,1,0,138.94,179.69,19,142.2
23,Low,36,1,0,149.67,128.28,7,127.43
23,Medium,26,0,0,134.21,141.4,7,134.76
3,Medium,36,0,0,136.9,189.03,3,147.34
2,Medium,32,0,1,126.62,166.66,3,136.66
5,Medium,31,0,1,125.02,150.55,3,129.88
20,Medium,29,0,0,168.66,130.06,22,145.47
11,Medium,21,1,0,127.56,174.09,22,145.68
20,High,28,0,0,125.67,185.14,18,150.7
15,High,21,0,1,157.77,173.2,27,163.11
13,Low,29,1,0,171.32,132.57,18,140.62
6,High,18,0,0,177.24,159.57,16,166.58
8,High,33,0,0,161.42,151.18,25,154.55
3,Medium,27,0,0,131.12,183.76,3,146.32
12,Low,31,1,0,160.86,174.55,12,148.6
6,Low,17,1,0,165.06,177.13,11,154.61
7,Low,33,1,0,135.65,151.89,17,131.67
0,Low,33,1,0,126.56,126.62,6,119.24
19,High,15,0,0,189.05,174.36,54,179.99
22,Medium,21,0,0,122.68,166.17,4,141.81
11,Low,30,1,0,137.17,134.2,16,126.75
12,Medium,35,0,0,133.52,174.19,13,144.44
22,Low,31,1,0,186.36,134.7,9,146.94
12,Low,24,1,0,155.16,173.08,23,149.49
14,Medium,20,1,1,191.53,171.38,20,167.93
10,High,36,0,0,181.26,125.49,22,156.52
12,Low,35,1,0,175.39,175.36,9,154.03
12,High,36,0,0,129.14,151.5,15,139.76
17,High,20,0,0,142.55,157.93,58,155.74
14,Low,23,1,0,180.62,187.7,17,165.63
12,High,18,0,0,193.68,184.79,30,181.9
1,Medium,37,0,0,185.23,149.87,3,156.29
21,Low,35,1,0,190.87,171.12,11,159.29
21,High,16,0,0,166.35,158.35,15,162.03
4,High,18,0,0,153.63,178.44,3,160.78
7,Medium,26,0,0,156.18,145.78,16,147.43
23,Low,23,1,0,151.68,155.61,5,140.62
7,Low,24,1,0,127.39,132.31,14,124.69
19,Medium,21,1,0,139.46,185.23,29,152.37
18,High,30,0,0,122.23,183.55,35,154.95
20,High,36,0,0,122.08,142.94,13,134.67
0,Medium,36,0,0,139.95,162.89,4,141.22
11,High,24,0,0,168.29,149.59,29,160.05
13,Medium,34,0,1,164.1,135.13,20,144.65
20,High,30,0,0,159.76,127.93,11,144.26
5,Low,17,1,0,174.91,178.48,7,158.04
7,Low,33,1,0,148.82,143.79,9,136.28
4,High,21,0,0,150.37,158.5,3,152.82
18,High,28,0,0,156.44,183.67,44,166.54
23,Medium,31,0,1,120.33,126.29,7,121.69
3,Medium,37,0,0,161.54,160.58,5,149.45
5,Medium,37,0,0,175.02,187.11,5,163.39
7,Low,33,1,0,136.09,177.6,10,140.8
21,High,25,0,0,183.39,139.26,19,158.85
10,Medium,22,1,0,136.3,138.06,32,138.81
6,Medium,23,0,0,156.06,174.56,3,156.05
7,Low,37,1,0,184.96,130.18,12,146.7
14,Medium,17,1,0,174.05,163.96,21,162.34
9,Low,26,1,0,161.09,140.22,26,144.14
3,Low,30,1,0,164.82,179.55,3,149.32
19,High,12,0,0,123.71,149.66,61,148.88
10,High,29,0,0,170.95,151.97,27,158.44
6,Low,19,1,0,163.95,176.64,17,154.82
17,Medium,19,1,0,121.76,130.73,39,133.78
17,Medium,28,1,0,124.94,164.06,24,142.5
3,High,12,0,0,192.68,187.57,3,182.9
1,High,16,0,0,129.25,167.27,3,148.3
1,Medium,24,0,0,186.66,130.32,3,152.17
18,High,27,0,0,137.07,184.05,41,160.48
15,High,14,0,0,146.69,133.38,44,152.04
19,High,21,0,0,159.44,148.98,44,158.1
15,Medium,20,1,0,165.07,136.81,22,149.87
9,Low,26,1,0,154.82,171.92,31,150.72
14,High,20,0,0,142.88,142.22,37,147.65
17,High,12,1,1,154.89,141.97,46,158.06
9,Medium,26,1,1,171.05,151.88,24,151.72
21,Low,34,1,0,146.72,143.6,6,133.53
21,Low,27,1,1,158.62,176.0,12,150.11
19,Low,21,1,0,145.33,159.23,39,146.5
23,Medium,25,0,0,141.39,161.13,3,143.67
9,High,15,0,0,138.91,135.51,61,147.32
2,High,18,0,0,132.92,184.38,5,153.69
11,Medium,23,1,0,175.86,147.68,22,155.32
17,Medium,27,1,0,193.71,149.53,28,165.69
18,Medium,25,1,0,117.32,140.76,26,131.56
9,High,37,0,0,130.69,187.41,28,154.42
7,Low,29,1,0,192.14,164.46,14,158.22
10,Medium,12,1,1,142.34,128.96,32,140.16
19,High,26,0,0,146.12,137.52,30,148.93
1,Low,27,1,0,168.04,156.23,3,145.1
7,Medium,13,1,0,143.21,137.21,33,141.83
5,Low,22,1,0,154.42,164.33,3,143.63
19,Medium,35,1,0,187.06,145.01,17,157.2
11,Low,21,1,0,160.18,147.72,20,144.84
2,Medium,24,0,0,168.35,176.13,9,160.39
6,Low,17,1,0,132.37,159.08,5,137.24
1,Medium,14,1,0,135.92,132.35,3,136.28
11,Low,20,1,0,186.32,149.17,24,155.48
23,Medium,32,0,0,188.41,183.26,4,168.56
13,Low,38,1,0,179.56,180.0,16,158.13
20,High,29,0,0,124.77,174.39,22,146.27
17,High,34,0,0,180.48,179.83,34,174.48
21,Low,29,1,0,116.54,130.95,7,120.38
7,Medium,29,0,0,162.72,132.94,18,144.03
22,Medium,23,0,0,169.02,126.21,5,147.85
5,Medium,13,1,0,149.11,133.13,6,142.21
10,Low,23,1,0,153.34,178.53,29,151.12
16,Low,35,1,0,174.35,127.47,28,143.32
6,Low,26,1,1,186.59,155.24,9,153.34
6,Medium,32,0,0,130.15,141.06,13,132.33
3,High,13,0,0,126.08,179.11,3,151.38
0,Low,17,1,0,165.4,177.19,3,154.17
12,High,20,0,0,133.46,174.79,29,155.14
23,Medium,21,0,0,130.54,149.59,8,137.78
5,Medium,38,0,0,131.28,185.16,8,145.63
10,High,24,0,0,130.75,183.23,41,155.28
22,Medium,29,0,0,153.17,167.3,3,148.85
18,Medium,29,1,0,192.15,164.82,30,171.18
0,Low,23,1,0,181.25,146.9,4,150.26
12,Low,38,1,0,158.47,172.83,8,150.75
3,High,18,0,0,121.49,186.0,3,150.92
5,Medium,12,1,0,168.83,145.55,5,152.4
5,Low,32,1,0,151.09,143.59,3,135.41
14,Low,29,1,0,177.27,142.13,19,146.98
4,High,19,0,0,154.52,188.91,3,165.55
6,Low,35,1,0,168.46,160.12,3,145.74
5,High,16,0,0,131.0,187.89,3,153.63
8,Medium,18,1,0,181.66,165.13,31,165.81
15,Medium,16,1,0,177.35,144.07,33,160.48
9,High,17,0,0,144.92,163.12,59,157.83
7,High,31,0,0,192.09,135.1,12,161.18
12,High,30,0,0,127.83,154.13,18,139.62
14,Low,29,1,0,116.6,153.79,16,127.38
0,Medium,35,0,0,176.05,162.48,3,155.29
21,Medium,13,1,0,163.05,150.17,16,153.26
21,Low,28,1,0,123.87,154.58,3,127.63
14,Medium,15,1,1,127.76,181.95,20,147.22
13,High,37,0,0,125.47,136.73,6,131.68
16,High,29,0,0,128.35,184.97,39,152.88
10,Medium,32,1,0,151.91,160.01,19,146.86
8,High,27,0,0,119.08,165.88,31,144.14
8,High,22,0,0,156.55,131.78,40,152.87
3,Low,30,1,0,163.43,134.44,3,135.15
20,Medium,34,0,0,173.19,172.62,20,160.17
7,High,16,0,0,190.68,183.54,31,179.1
6,Low,35,1,0,121.6,158.73,8,128.51
23,Low,31,1,0,117.81,135.89,4,118.74
12,High,14,0,0,126.13,176.8,23,153.89
14,Low,37,1,0,141.99,184.64,9,145.53
5,Medium,16,1,0,157.03,168.56,3,153.2
6,Low,28,1,0,115.34,136.89,13,120.98
17,Medium,15,1,0,170.39,151.81,58,161.65
10,Medium,17,1,0,191.55,186.09,30,175.97
3,Medium,29,0,0,134.98,137.45,5,131.02
20,Low,30,1,0,115.7,136.1,16,120.25
9,Medium,30,1,1,175.26,170.62,20,158.32
16,High,21,0,0,176.6,160.3,40,168.96
8,High,34,0,0,118.48,138.31,23,132.25
13,Medium,13,1,0,164.39,165.07,24,157.89
18,Low,35,1,0,134.43,185.88,24,145.37
21,Low,20,1,0,165.63,180.59,3,156.32
4,Low,28,1,0,173.11,125.42,3,136.8
16,High,36,0,0,132.82,181.99,26,156.61
21,High,18,0,0,135.86,165.75,17,152.29
15,Low,23,1,0,163.93,142.36,26,145.84
3,Low,34,1,0,161.58,131.07,3,134.71
4,High,35,0,0,185.89,188.13,3,172.47
4,Low,18,1,0,155.83,126.89,3,134.97
2,Medium,25,0,1,178.98,137.0,3,150.09
18,High,20,0,0,173.56,168.63,65,174.57
23,Low,25,1,0,168.26,174.27,3,153.18
12,High,22,0,0,130.34,142.33,22,140.39
14,Medium,12,1,0,137.11,172.91,32,154.4
18,Medium,36,1,0,160.34,174.74,29,156.8
9,High,29,0,0,120.28,177.18,36,144.7
11,High,24,0,0,118.6,174.0,36,148.37
14,Medium,14,1,0,118.99,127.12,35,130.75
7,High,13,0,0,188.7,183.0,41,181.42
1,Medium,24,0,0,170.11,161.58,3,156.55
13,Medium,29,0,0,181.94,153.02,21,157.35
19,High,19,0,0,192.07,126.59,48,164.17
1,Medium,32,0,0,171.08,163.4,3,153.47
5,Medium,22,0,0,156.23,135.58,3,142.58
6,High,12,0,0,153.32,160.6,21,157.85
19,Low,26,1,0,174.68,137.3,28,147.95
12,Medium,16,1,0,184.43,169.71,28,166.6
12,High,12,0,1,181.37,130.77,32,161.09
15,High,15,0,0,154.44,164.02,48,163.22
6,High,19,0,0,176.88,166.85,15,167.94
17,High,25,0,0,153.13,150.69,52,157.88
0,Low,38,1,0,145.75,184.62,3,140.7
2,High,17,0,0,138.81,159.23,4,148.09
19,High,13,0,0,119.36,173.78,60,152.88
15,High,17,0,0,131.09,153.89,51,151.04
4,Medium,20,0,0,173.4,176.46,3,162.1
10,High,17,0,0,128.74,183.33,56,155.33
1,Medium,20,0,0,187.09,151.84,3,161.95
16,High,38,0,0,121.29,187.88,38,152.18
18,Medium,22,1,0,119.09,134.95,46,136.68
6,Low,29,1,0,153.49,180.0,12,145.45
8,Low,30,1,0,132.81,159.18,19,134.84
5,Low,15,1,0,123.24,134.0,3,124.94
9,Medium,18,1,0,119.79,165.65,37,140.69
6,Low,23,1,0,157.18,133.54,5,136.03
5,Medium,24,0,0,135.76,182.69,3,147.2
10,Medium,12,1,0,159.46,178.04,40,163.81
20,High,29,0,0,126.86,167.53,19,145.34
18,Medium,20,1,0,116.95,140.14,43,135.11
7,Low,20,1,0,117.18,187.58,15,141.52
22,Medium,28,0,0,124.01,180.46,10,142.31
5,Medium,37,0,0,178.68,171.49,3,160.83
21,High,35,0,0,150.88,148.75,12,147.14
7,Medium,38,0,0,164.91,156.47,11,152.37
12,High,23,0,0,185.0,146.97,21,165.24
4,High,15,0,1,132.01,180.21,3,151.42
18,Medium,17,1,1,184.71,145.08,40,163.15
7,High,21,0,0,174.65,140.49,27,159.27
20,Low,20,1,0,173.32,138.93,25,148.71
1,High,17,0,1,184.66,151.08,6,162.54
12,Medium,16,1,0,125.07,165.49,18,143.01
3,Low,17,1,0,158.24,179.06,14,154.48
21,Medium,29,0,0,153.68,185.11,9,156.95
10,High,25,0,0,168.12,130.21,43,152.97
16,Medium,13,1,0,134.04,128.07,44,140.99
21,Low,27,1,0,125.19,148.58,10,126.83
12,Medium,34,0,0,192.88,177.66,20,169.63
1,Medium,23,0,0,152.25,183.98,3,156.9
5,Low,20,1,0,133.56,135.95,9,130.53
5,Low,19,1,0,125.29,143.57,3,127.66
21,Medium,22,0,0,162.49,183.63,11,160.75
21,Low,19,1,0,126.82,162.43,7,137.22
11,Low,36,1,0,129.64,151.5,12,130.36
21,Low,38,1,1,191.17,140.83,3,145.4
5,Medium,21,0,0,117.33,132.34,3,127.83
16,High,36,0,0,129.95,132.05,34,137.74
9,Medium,35,1,0,168.7,168.81,22,156.78
5,Medium,14,1,0,132.35,171.83,3,146.31
6,Low,25,1,0,129.56,148.77,13,127.64
10,High,29,0,0,159.52,164.39,38,159.75
8,Medium,23,1,0,170.68,135.14,20,148.16
5,Low,24,1,0,149.45,126.36,8,129.8
8,Low,25,1,0,177.5,131.49,24,147.24
3,Low,30,1,0,180.22,131.88,3,140.25
23,Medium,19,0,0,164.85,189.01,8,162.52
9,Low,28,1,0,161.23,140.34,24,142.85
2,Medium,18,0,0,180.3,133.72,5,154.49
13,Low,36,1,0,116.2,176.7,12,131.68
21,Medium,14,1,0,155.85,148.83,13,149.92
8,Medium,13,1,0,125.3,138.41,36,142.16
20,High,13,0,0,132.72,139.32,29,144.27
14,Low,21,1,0,190.92,134.04,24,150.88
17,Medium,28,1,0,115.3,130.19,28,129.34
7,High,38,0,0,139.56,169.21,19,148.42
0,Medium,24,0,0,127.35,153.6,8,136.62
8,High,16,0,1,160.63,134.65,41,155.4
22,Medium,21,0,0,182.54,176.51,11,166.78
18,Medium,15,1,0,146.27,126.24,50,145.28
18,Medium,24,1,0,181.97,152.99,34,165.2
21,Low,31,1,0,150.22,133.27,3,130.62
8,Medium,12,1,0,187.72,126.81,39,160.83
7,High,32,0,0,182.76,160.79,16,162.96
22,Low,18,1,0,129.31,135.1,3,128.13
13,High,30,0,0,185.81,129.45,7,156.55
7,High,34,0,0,130.41,156.12,9,141.96
6,Low,32,1,0,154.23,179.84,14,148.15
21,Low,30,1,0,130.68,156.57,6,130.64
1,Medium,30,0,0,145.92,130.18,3,134.38
1,High,17,0,0,193.85,144.78,3,166.13
17,High,15,0,0,176.21,154.0,75,171.21
0,Medium,22,0,0,159.33,143.28,3,145.39
4,Medium,28,0,0,189.84,146.94,3,156.74
23,Medium,28,0,0,143.78,157.51,13,140.89
10,High,32,0,0,128.86,186.26,36,154.93
17,High,20,0,0,181.32,177.32,64,178.75
11,Low,35,1,0,115.97,138.28,12,121.04
2,Medium,24,0,0,179.37,176.04,3,162.24
4,Medium,18,0,0,116.75,150.65,3,136.01
18,Low,31,1,0,137.75,178.02,30,146.09
2,High,15,0,0,143.44,165.11,3,153.04
14,Medium,22,1,0,140.48,169.13,14,146.7
8,Low,33,1,0,134.47,148.54,15,132.24
8,Low,32,1,0,123.65,171.36,21,134.77
22,High,18,0,0,115.25,161.77,3,138.97
14,High,16,0,0,176.98,165.21,31,171.12
14,High,12,0,0,151.55,160.56,37,158.98
8,High,14,0,0,127.96,128.63,58,142.95
9,High,34,0,0,121.57,155.83,38,139.6
16,Medium,33,1,0,137.28,128.33,23,134.01
0,Medium,25,0,0,143.35,135.95,3,135.54
5,Low,27,1,0,151.91,155.91,3,138.31
14,Low,20,1,0,123.08,151.4,37,132.9
14,High,17,0,1,193.39,128.12,28,165.46
2,High,12,0,0,136.5,133.92,3,145.06
18,Medium,30,1,0,150.3,155.24,37,149.17
13,High,12,0,0,171.72,187.9,29,175.84
5,Low,14,1,0,139.82,156.62,4,138.89
18,High,33,0,0,121.6,175.22,31,147.47
23,Medium,27,0,0,145.12,153.8,14,143.04
10,High,25,0,0,159.23,137.46,31,151.87
6,High,17,0,0,182.34,126.38,14,158.15
7,High,16,0,0,144.43,149.41,37,151.59
14,Medium,24,1,0,186.16,184.77,15,168.58
1,Medium,21,0,0,158.69,146.11,3,148.44
11,Low,26,1,0,172.4,148.95,22,150.73
0,High,16,0,0,117.41,170.03,3,142.95
0,Medium,18,0,0,186.66,172.9,3,165.87
10,High,15,0,0,132.08,164.54,51,153.76
17,High,23,0,0,141.07,146.98,54,151.6
21,Low,19,1,0,156.89,186.44,13,156.19
2,Medium,18,0,0,191.79,147.91,5,163.32
5,Medium,26,0,0,142.65,143.98,3,141.1
10,Medium,25,1,0,132.64,179.81,29,149.0
13,High,17,0,0,191.86,185.79,23,181.17
23,Low,30,1,0,179.68,187.18,4,158.37
16,Medium,21,1,0,168.07,159.66,34,159.97
12,Low,21,1,0,147.77,181.52,20,148.83
1,Medium,24,0,0,148.64,136.94,4,140.14
1,High,15,0,0,191.05,182.78,3,179.74
3,Low,23,1,0,120.52,174.28,3,132.73
15,Medium,27,0,0,175.6,150.95,34,157.69
7,High,15,0,0,163.09,140.94,35,158.16
5,Low,27,1,0,192.47,174.38,3,162.75
16,High,13,0,0,159.67,152.99,60,163.62
19,Low,28,1,0,137.44,188.61,24,148.54
10,Medium,12,1,0,177.39,180.55,35,171.37
21,Low,16,1,0,193.85,176.38,10,167.41
17,High,21,0,0,187.6,146.7,58,169.68
17,Medium,28,1,0,138.58,171.26,32,148.82
20,High,31,0,0,142.71,174.14,13,151.59
4,Low,24,1,0,175.39,151.61,3,148.12
18,Medium,15,1,0,162.86,131.15,46,152.43
22,Medium,22,0,0,115.93,172.79,6,137.12
23,Low,33,1,0,126.35,144.14,3,123.61
13,Medium,14,1,0,121.84,133.63,21,134.35
18,High,31,0,0,129.3,127.77,35,137.74
21,High,22,0,0,139.39,146.27,13,144.5
20,Medium,12,1,0,192.38,158.15,29,169.22
21,Medium,30,0,0,169.12,127.5,12,142.99
19,High,12,0,0,119.38,161.62,53,148.83
9,High,21,0,0,163.59,183.2,53,172.45
17,Medium,17,1,0,149.93,163.87,55,154.92
9,Medium,27,1,0,175.32,159.1,29,156.18
19,High,13,0,0,185.71,140.1,47,171.16
19,High,14,0,0,120.22,153.55,57,145.42
22,Low,26,1,0,193.39,164.04,10,159.73
14,High,38,0,0,119.63,181.23,16,146.82
11,High,13,0,0,173.59,182.32,57,174.87
3,Low,24,1,0,187.25,154.38,3,153.84
15,Low,33,1,0,175.14,136.94,16,145.43
13,High,19,0,0,127.06,170.98,31,149.04
12,Medium,25,0,0,131.64,186.79,23,149.19
16,High,34,0,0,118.29,187.26,31,150.36
20,Low,31,1,0,125.49,189.72,6,139.65
3,Low,19,1,0,119.88,141.4,3,125.74
10,Low,32,1,0,119.29,179.4,21,135.82
17,High,30,0,0,159.97,128.36,29,151.56
19,Medium,25,1,0,121.14,125.98,30,127.85
18,High,23,0,0,149.0,168.79,53,162.77
19,Medium,36,1,0,171.77,132.79,21,149.41
20,Low,35,1,0,116.21,150.24,15,122.46
23,Medium,38,0,0,166.11,125.81,20,141.63
14,Low,30,1,0,175.57,130.64,19,141.71
5,Low,21,1,0,157.93,138.56,3,138.38
13,Medium,14,1,0,153.05,161.04,32,153.41
17,High,15,0,0,173.47,146.58,62,168.97
2,Medium,37,0,0,157.38,161.65,3,147.73
18,Medium,21,1,1,155.74,167.18,34,157.97
13,Medium,14,1,0,179.15,125.22,21,152.73
22,Low,18,1,0,182.0,180.1,7,161.46
5,High,12,0,0,144.47,128.75,3,146.18
21,Medium,26,0,0,148.24,181.75,16,154.8
10,High,27,0,0,179.06,188.44,31,174.58
13,High,22,0,0,158.59,183.73,24,164.37
15,Low,32,1,0,169.95,160.24,24,149.64
13,Low,24,1,0,121.01,175.03,20,137.98
21,Medium,37,0,0,122.63,136.22,7,127.56
4,Low,32,1,0,157.54,185.91,3,149.11
17,High,14,0,0,180.54,126.52,85,167.02
23,Low,19,1,0,140.32,160.85,3,135.81
5,Low,32,1,0,191.85,154.98,3,152.54
6,Low,26,1,0,175.83,176.8,6,158.86
11,High,32,0,0,177.54,173.43,21,163.55
17,High,21,0,0,181.72,146.46,65,167.83
23,High,13,0,0,135.36,135.63,4,142.08
19,Low,33,1,0,141.43,176.63,14,144.04
19,High,33,0,0,124.47,188.54,21,151.76
10,Medium,29,1,0,145.43,131.36,17,134.98
15,Low,22,1,0,117.87,172.64,22,136.55
5,Medium,12,1,0,175.12,158.52,3,159.98
11,Low,31,1,0,179.2,145.28,12,148.92
4,Low,29,1,0,132.09,125.94,3,120.17
0,Low,30,1,0,154.19,172.06,3,144.52
20,Medium,16,1,0,168.76,133.58,29,151.17
19,Low,31,1,0,174.4,180.3,12,160.76
12,Low,31,1,0,192.56,142.2,16,152.55
0,Low,35,1,0,131.05,163.5,8,131.32
2,Low,27,1,0,134.74,143.48,5,128.0
2,Low,31,1,0,183.31,170.65,3,155.0
17,Medium,22,1,0,122.78,132.61,46,136.11
4,Medium,30,0,0,177.87,147.3,4,152.15
6,Low,30,1,0,125.67,158.08,11,129.23
20,Low,33,1,1,152.16,163.05,10,142.63
21,Medium,35,0,0,162.38,162.67,3,149.41
18,Medium,12,1,0,176.43,130.16,60,157.93
7,High,33,0,0,124.16,127.2,28,131.52
13,Low,33,1,0,180.92,140.42,9,145.69
4,Low,26,1,0,183.04,127.45,3,142.94
20,Low,26,1,0,178.48,139.34,15,148.11
2,Low,31,1,0,189.98,128.85,3,147.6
17,Medium,24,1,0,184.78,159.28,33,166.08
12,Low,23,1,0,176.44,131.8,18,143.06
18,Medium,33,1,0,161.35,151.99,25,152.17
10,Low,33,1,0,179.69,175.02,19,160.03
3,Low,17,1,0,193.03,175.21,3,165.93
18,High,34,0,0,165.99,161.54,36,163.92
15,Medium,20,1,0,134.41,127.0,23,133.66
11,High,15,0,0,134.83,159.89,43,151.97
8,High,35,0,0,178.68,141.42,27,157.77
8,Medium,18,1,1,194.16,161.95,23,167.69
11,Medium,17,1,0,131.82,184.05,28,150.63
6,Low,19,1,0,192.61,163.93,8,163.15
6,Medium,25,0,0,136.46,186.14,15,153.83
6,High,16,0,0,148.02,138.56,17,148.72
0,Low,16,1,0,187.65,142.44,3,154.36
22,High,22,0,0,191.95,134.67,8,158.66
5,High,17,0,0,160.36,130.09,3,148.99
3,High,17,0,0,191.01,125.68,3,161.96
3,Low,36,1,0,182.39,185.32,4,158.76
23,High,28,0,1,184.31,154.36,4,160.39
11,High,12,0,0,184.46,186.03,45,184.95
7,Medium,14,1,0,145.9,181.16,22,157.65
9,Low,33,1,0,117.45,173.35,13,134.73
2,Medium,19,0,0,128.17,184.66,3,147.75
7,High,16,0,0,120.96,142.16,27,140.63
5,Medium,29,0,0,134.39,180.66,3,147.83
19,High,34,0,0,119.42,169.2,23,147.56
1,Low,22,1,0,137.16,163.97,3,136.81
10,High,32,0,0,162.12,165.21,24,157.49
18,Medium,23,1,0,126.28,183.9,40,150.75
20,High,14,0,0,140.26,185.38,34,163.49
12,Low,33,1,0,132.93,136.5,12,128.73
5,Medium,36,0,0,122.61,130.25,6,124.96
8,Medium,38,0,0,169.09,142.72,40,151.18
5,Low,14,1,0,186.44,177.66,4,166.34
15,High,27,0,0,172.28,131.31,32,153.61
7,Low,28,1,0,169.74,168.01,15,151.51
15,High,14,0,1,193.64,150.95,41,173.8
15,Low,37,1,0,173.5,184.3,8,158.8
22,Medium,14,1,0,118.77,178.3,3,143.67
8,Medium,19,1,0,132.46,158.01,22,143.92
23,High,38,0,0,166.0,149.74,3,151.32
9,High,27,0,0,166.12,179.25,44,167.12
16,Medium,30,1,0,181.61,140.88,23,158.66
15,Low,25,1,0,127.71,160.32,20,133.96
19,Low,32,1,0,193.5,185.56,21,166.62
11,Medium,14,1,0,156.3,164.24,31,154.56
19,Low,30,1,0,188.63,185.46,13,167.1
8,Medium,13,1,0,157.35,153.73,41,156.21
11,High,16,0,0,129.95,165.9,43,151.77
11,High,25,0,0,143.08,186.13,37,158.65
16,High,24,0,0,132.69,172.92,43,153.86
14,Medium,16,1,0,136.14,183.86,32,150.78
1,Low,33,1,0,186.23,179.08,3,160.2
19,High,20,0,0,145.19,130.06,56,148.04
18,High,35,0,1,129.61,141.8,27,141.98
2,High,12,0,0,144.16,173.2,4,158.77
23,Low,18,1,1,164.38,182.85,5,156.48
15,High,20,0,0,131.07,177.15,45,154.92
2,Medium,28,0,0,119.08,145.36,7,127.61
11,High,22,0,0,184.77,165.37,27,170.81
20,Medium,16,1,0,134.14,167.99,20,147.13
6,Low,27,1,0,189.91,153.43,17,153.97
22,Low,37,1,0,118.77,163.2,4,125.41
10,Medium,15,1,0,167.07,189.09,42,169.19
5,High,18,0,0,168.22,160.4,3,162.93
8,High,24,0,1,127.48,137.63,29,140.81
12,Low,31,1,0,168.22,157.77,8,146.07
16,Medium,15,1,0,146.01,136.42,47,148.59
22,Medium,18,1,0,145.54,169.73,9,147.39
4,Low,18,1,0,185.2,183.62,6,164.57
23,Low,28,1,0,191.19,168.93,3,159.38
12,Medium,14,1,0,128.61,182.05,26,150.14
3,Medium,29,0,0,169.73,172.3,3,158.25
22,Medium,23,0,0,127.38,153.43,3,135.61
8,High,20,0,0,117.8,159.98,46,144.34
14,Medium,35,0,0,126.96,159.62,24,138.15
16,Low,34,1,0,165.77,150.51,28,149.32
0,Low,33,1,0,173.11,131.04,3,138.34
5,Medium,35,0,0,155.56,170.62,5,150.64
16,Medium,18,1,1,191.13,128.07,34,159.19
7,Low,35,1,0,176.13,138.26,8,144.9
0,Low,16,1,0,127.93,154.5,3,132.54
0,High,20,0,0,131.64,189.16,3,152.8
19,High,26,0,0,162.69,144.95,34,156.19
3,Low,32,1,0,141.66,176.66,3,138.63
2,Medium,27,0,0,115.07,152.27,3,129.27
13,Medium,27,0,0,116.94,139.4,20,129.84
2,Low,22,1,0,147.65,126.73,3,128.88
15,Low,28,1,0,156.89,130.75,25,136.84
13,High,24,0,0,167.27,152.09,14,160.58
15,High,24,0,0,176.05,151.01,32,161.25
11,Low,27,1,0,192.5,165.71,17,159.89
18,High,28,0,0,182.11,129.04,42,161.37
15,Medium,20,1,0,143.48,143.46,23,141.18
9,High,15,0,1,157.78,126.52,43,152.11
0,Medium,20,0,0,132.27,181.67,3,150.16
6,Low,23,1,0,192.5,150.84,8,155.65
3,High,16,0,0,157.84,162.98,3,157.39
0,High,16,0,0,134.97,171.19,3,149.81
6,Low,37,1,0,172.92,142.42,14,142.18
4,Low,19,1,0,154.03,133.77,3,136.2
1,Medium,31,0,0,194.74,162.72,3,165.83
7,High,15,0,0,120.98,183.72,34,153.12
12,High,38,0,0,141.84,183.02,14,154.45
4,Low,17,1,0,190.35,145.04,3,155.18
6,Low,22,1,0,151.9,142.3,15,137.11
0,Low,33,1,0,139.94,147.98,5,127.64
1,High,17,0,0,163.39,140.94,3,155.37
3,Medium,26,0,0,168.16,187.69,3,162.53
10,High,33,0,0,122.42,127.25,29,133.6
15,High,12,0,0,135.75,137.44,43,148.75
18,High,12,0,0,139.72,126.84,80,152.26
15,High,33,0,0,134.66,180.51,28,151.26
14,High,19,0,0,145.63,155.65,36,153.58
22,Low,36,1,0,141.78,139.82,3,129.71
6,High,37,0,0,173.51,150.7,10,157.96
19,Medium,35,1,0,162.91,131.9,14,144.9
22,Medium,38,0,0,149.34,132.0,5,136.81
13,High,34,0,0,131.0,186.55,12,151.54
20,Low,22,1,0,148.65,170.24,13,145.34
3,Low,38,1,0,129.44,166.51,3,131.09
21,Low,21,1,0,191.17,155.73,6,157.69
13,Low,27,1,0,128.9,156.84,10,133.22
5,High,12,0,0,183.69,175.18,4,175.11
1,Low,37,1,0,164.25,128.41,3,136.09
17,Medium,27,1,0,179.87,168.38,30,166.33
10,Low,37,1,0,186.08,160.78,12,156.7
7,Medium,21,1,0,179.32,144.94,13,157.14
9,Medium,20,1,0,162.14,139.02,41,148.63
23,Low,26,1,0,136.36,181.01,3,140.3
10,Low,35,1,0,167.8,185.55,16,156.02
1,Medium,26,0,0,115.39,131.23,5,122.44
6,Low,33,1,0,145.2,136.04,14,128.93
3,Medium,17,1,0,183.64,168.36,3,162.68
16,High,32,0,0,161.44,175.31,35,164.53
19,High,31,0,0,135.85,156.94,24,147.37
20,Low,36,1,0,186.37,185.25,11,163.63
15,High,13,0,0,116.22,181.75,48,153.89
18,Medium,22,1,0,185.63,133.21,41,156.86
10,High,14,0,0,175.76,134.26,61,163.24
15,Medium,22,1,1,126.71,130.58,14,129.61
2,Low,32,1,0,120.03,181.9,3,130.67
12,Medium,29,0,1,191.1,161.25,12,163.42
13,High,32,0,0,120.36,186.19,11,146.96
0,Low,31,1,0,192.9,172.4,3,159.12
13,High,38,0,0,148.65,172.58,17,155.07
17,High,35,0,0,143.28,133.13,37,145.11
8,Medium,27,1,0,167.0,132.12,20,144.73
13,Medium,35,1,0,154.68,185.51,17,153.98
6,High,13,0,0,146.2,156.37,20,153.92
6,Medium,31,0,0,166.21,189.61,8,164.33
3,Low,26,1,0,143.01,146.0,3,132.55
7,Low,37,1,0,117.75,165.39,15,129.35
19,High,25,0,0,180.97,162.23,38,168.69
22,High,16,0,0,156.17,129.43,5,146.83
15,High,31,0,0,169.93,158.73,31,158.69
14,Medium,37,0,0,161.01,185.08,20,159.11
14,Medium,12,1,0,164.14,154.5,22,156.41
11,High,13,0,0,132.52,155.72,35,152.22
10,Low,29,1,0,189.77,170.56,24,161.61
14,Medium,27,0,0,150.82,175.75,28,153.52
18,Low,26,1,0,188.61,178.82,35,168.92
9,High,14,0,0,179.55,154.38,66,170.98
13,Low,27,1,0,172.61,153.86,16,149.97
11,Medium,27,1,0,151.81,155.77,17,147.58
6,Medium,34,0,0,116.81,187.98,3,140.58
6,Low,22,1,0,140.22,185.4,7,144.97
1,Medium,21,0,0,168.19,165.48,5,156.99
10,Medium,14,1,0,141.45,143.48,42,145.34
17,Low,27,1,0,122.93,183.53,31,141.79
16,Low,29,1,0,156.42,136.11,21,139.68
23,Low,19,1,0,127.36,131.94,5,123.39
0,Medium,31,0,0,139.5,151.95,3,138.32
18,High,37,0,0,155.15,169.54,36,159.98
19,Medium,16,1,0,124.3,128.42,37,133.72
10,High,27,0,0,124.0,145.34,30,139.28
6,Low,30,1,0,131.81,175.97,10,135.12
8,Medium,12,1,0,162.34,167.85,39,161.39
16,High,16,0,0,189.66,130.49,61,167.11
20,Low,22,1,0,134.12,138.12,17,133.41
15,Medium,15,1,0,172.59,172.14,39,167.26
12,High,21,0,0,130.15,132.58,29,140.17
15,Medium,15,1,0,165.84,125.63,33,149.07
1,Medium,36,0,0,126.02,189.52,3,144.12
14,Low,28,1,1,182.63,164.91,21,155.19
1,Low,20,1,0,174.4,152.88,3,150.4
23,Low,33,1,0,169.46,163.81,3,148.93
21,High,12,0,0,116.17,168.56,18,145.38
12,High,28,0,0,181.91,157.21,10,164.07
8,High,30,0,0,127.07,167.77,27,143.88
17,Medium,33,1,0,157.68,171.06,30,155.83
15,Medium,18,1,0,177.13,136.66,31,155.34
16,High,27,0,0,165.53,152.54,44,160.8
12,Medium,32,0,0,180.52,144.8,20,155.45
5,Low,33,1,0,171.71,176.83,3,153.61
1,High,16,0,0,175.49,175.04,5,167.38
6,Medium,38,0,0,138.9,177.69,11,147.59
12,Medium,19,1,0,145.33,153.44,18,147.38
10,High,22,0,0,155.12,162.4,42,158.94
12,Medium,17,1,0,161.89,170.86,10,157.15
6,High,16,0,0,170.33,145.94,25,159.98
22,Low,18,1,0,159.45,188.55,5,155.66
8,High,15,0,1,171.84,149.61,38,163.74
20,Low,31,1,0,127.06,159.91,9,133.68
9,High,28,0,0,146.57,178.74,44,161.86
10,Medium,22,1,0,188.06,173.56,30,168.89
14,High,26,0,0,132.36,157.6,24,148.39
6,Medium,28,0,0,126.49,151.54,20,134.42
5,Low,16,1,1,174.58,166.41,5,155.97
9,High,20,0,0,130.55,153.32,50,147.2
19,Medium,35,1,0,151.61,163.48,11,148.24
3,Medium,12,1,0,171.95,177.0,4,163.12
10,High,37,0,0,153.79,132.92,24,147.42
16,High,38,0,0,187.12,170.33,33,173.29
16,Medium,18,1,0,185.25,128.5,38,156.39
10,High,20,0,0,155.24,172.71,48,162.0
1,Low,17,1,0,191.87,138.6,5,151.79
0,Medium,27,0,0,138.34,157.07,3,140.64
11,High,17,0,0,133.71,142.35,39,146.02
19,High,33,0,0,168.62,145.92,27,157.81
0,Low,22,1,0,160.82,165.87,3,147.63
21,Medium,38,0,1,135.09,153.03,9,135.94
16,High,35,0,0,144.69,156.69,31,152.14
0,Low,22,1,0,133.64,189.93,3,145.55
8,High,28,0,1,133.96,132.9,20,138.7
5,High,12,0,0,144.41,149.98,3,149.8
22,High,13,0,0,188.94,159.46,11,171.23
13,Low,25,1,0,181.79,177.89,17,159.91
7,Medium,24,0,0,155.99,143.36,22,148.28
6,High,22,0,0,153.22,150.6,18,150.46
13,Medium,14,1,0,117.52,178.38,22,144.04
0,Medium,34,0,1,151.98,159.47,3,143.78
6,Low,22,1,0,164.9,180.64,3,153.68
3,Low,24,1,0,177.29,129.18,3,142.49
14,High,22,0,0,143.48,143.66,32,147.45
16,Medium,25,1,0,188.55,161.25,35,167.4
11,Low,29,1,0,182.22,132.93,15,145.82
3,Medium,32,0,0,121.58,156.32,5,130.72
8,High,26,0,0,187.24,126.15,40,159.3
20,High,16,0,1,132.83,157.8,21,149.53
4,Medium,35,0,0,188.87,184.82,3,168.37
3,High,19,0,1,165.45,186.64,3,166.12
2,Low,12,1,0,147.95,145.74,6,141.58
19,Medium,13,1,0,149.92,125.22,36,143.15
2,Low,32,1,0,160.02,184.29,3,150.53
13,High,22,0,0,182.51,161.87,23,168.71
23,Medium,12,1,0,181.95,162.74,7,162.84
15,High,33,0,0,148.19,177.98,28,159.02
9,High,20,0,0,182.92,150.57,58,169.11
4,Low,38,1,0,152.76,152.31,6,138.53
0,Medium,35,0,0,148.4,180.35,3,149.09
3,Low,13,1,0,134.46,156.95,3,137.24
22,Medium,30,0,0,181.23,172.83,9,162.06
3,Medium,28,0,0,164.61,183.83,3,158.47
0,Low,16,1,0,149.49,150.58,3,139.16
19,High,21,0,0,167.99,182.78,40,174.72
10,High,25,0,0,183.88,146.28,20,166.57
8,High,15,0,0,130.83,185.42,45,159.71
17,Medium,31,1,0,146.4,144.85,24,143.11
12,Medium,19,1,0,145.42,140.22,18,140.6
21,Medium,37,0,0,121.08,171.85,10,138.38
11,High,33,0,0,141.73,184.93,23,157.79
17,High,29,0,0,175.94,174.93,51,175.39
21,Medium,15,1,0,135.27,173.11,8,147.34
11,High,12,0,1,179.87,188.25,28,178.53
6,Low,15,1,0,191.42,161.23,8,162.24
23,Low,25,1,0,132.92,182.7,11,140.85
5,Medium,33,0,0,147.77,127.41,3,133.21
0,Low,16,1,0,125.51,133.59,5,124.61
13,Low,31,1,0,170.37,142.65,8,142.99
23,Medium,13,1,0,153.58,186.5,3,159.02
2,Low,19,1,0,162.1,137.8,3,142.9
20,Low,28,1,0,177.3,149.9,11,148.61
19,High,34,0,0,177.09,127.31,27,156.81
22,Low,32,1,0,156.28,130.08,7,131.93
10,Low,26,1,0,185.59,162.87,27,159.05
6,High,12,0,0,189.55,131.35,29,163.05
12,Medium,19,1,0,165.46,183.45,19,162.87
3,Low,33,1,0,118.07,182.58,3,132.41
20,Medium,14,1,1,177.08,165.44,19,166.24
15,Low,31,1,0,186.35,150.76,13,153.75
11,High,31,0,0,159.53,182.71,22,164.37
12,Low,32,1,0,171.03,156.71,10,147.46
17,Medium,17,1,0,143.48,137.39,56,146.2
12,High,18,0,0,155.17,147.47,26,152.53
20,High,17,0,0,178.85,148.6,28,166.98
22,Medium,22,0,0,185.08,162.69,3,163.28
22,Medium,26,0,0,124.22,151.08,8,133.7
14,Medium,15,1,0,116.37,178.19,19,143.07
17,High,27,0,0,144.89,165.72,46,158.05
7,High,18,0,0,146.27,141.39,25,148.47
0,Medium,27,0,0,176.87,151.14,3,154.43
9,High,20,0,0,115.69,172.01,48,146.93
20,Low,37,1,1,176.12,140.75,12,144.73
3,Medium,20,0,0,157.91,130.96,3,143.8
13,Medium,35,0,0,170.83,171.22,15,160.35
4,Low,16,1,0,155.74,151.43,3,143.98
10,Medium,14,1,0,178.26,133.08,36,158.25
3,High,17,0,0,149.97,156.17,3,152.84
17,High,23,0,0,142.67,161.42,50,156.23
19,Medium,36,1,0,165.92,126.67,17,146.6
18,Medium,16,1,0,150.56,176.42,49,161.14
16,Medium,33,1,0,139.27,156.95,24,144.34
5,Low,30,1,1,188.08,126.66,3,141.89
12,Medium,21,1,0,172.86,181.02,23,164.49
2,Low,21,1,0,130.75,163.04,3,135.45
8,High,37,0,0,174.21,187.61,20,170.71
12,High,31,0,0,135.19,143.28,5,142.29
16,Medium,18,1,0,149.5,151.82,34,151.49
2,Low,36,1,0,132.39,168.09,3,133.0
19,High,22,0,0,124.06,184.41,44,156.94
11,Medium,14,1,1,146.93,176.43,24,152.65
21,Medium,33,0,0,159.41,166.8,9,149.96
12,Low,35,1,0,139.17,176.71,17,142.28
13,High,23,0,0,121.0,131.16,24,134.08
16,Medium,31,1,0,134.97,172.07,23,145.34
19,High,18,0,0,134.65,162.61,56,155.14
3,Medium,34,0,0,162.26,142.83,3,145.61
12,Low,21,1,0,137.57,140.51,26,132.39
0,High,19,0,0,157.7,143.74,3,151.26
11,High,25,0,1,152.63,132.99,19,145.89
19,High,19,0,0,136.31,142.76,45,149.11
20,Low,28,1,0,174.3,129.63,5,143.28
6,Medium,32,0,0,168.41,168.73,8,153.35
9,High,22,0,0,169.42,158.3,47,165.24
13,Low,33,1,0,149.69,133.3,14,130.02
9,Medium,23,1,0,140.33,170.32,35,149.36
4,Medium,38,0,0,162.26,136.57,3,141.25
7,Low,19,1,0,191.73,157.17,25,161.55
9,Low,31,1,0,149.72,184.81,24,151.17
12,Medium,26,0,0,168.22,174.46,19,160.43
22,Medium,37,0,1,150.39,162.97,4,144.22
13,Medium,17,1,0,189.61,163.02,18,165.14
9,Medium,17,1,0,136.18,129.17,34,137.86
15,High,35,0,0,151.67,152.76,25,151.04
18,High,36,0,0,154.49,144.96,29,154.05
10,Low,32,1,0,173.29,155.85,18,149.96
11,Low,24,1,0,172.7,186.84,10,162.45
5,Low,23,1,0,174.16,176.12,3,155.88
20,Medium,29,0,0,173.64,164.65,14,160.11
20,Low,32,1,0,152.58,170.8,14,144.93
4,Medium,19,0,0,127.45,172.49,3,144.85
8,High,12,0,0,184.64,154.66,56,174.01
6,Medium,13,1,0,140.99,181.31,14,152.44
22,Medium,21,1,0,123.83,165.12,3,135.47
1,Low,30,1,0,125.3,172.97,3,133.59
4,Low,23,1,0,154.58,125.72,3,132.11
7,High,28,0,0,149.07,159.96,19,150.92
13,Low,24,1,0,168.08,148.67,13,146.4
5,Low,18,1,0,163.95,128.6,3,138.45
12,High,32,0,0,123.59,167.0,8,143.15
17,Medium,31,1,0,138.74,185.37,19,152.92
19,High,37,0,0,186.7,172.63,35,173.12
2,Medium,34,0,0,176.33,130.19,3,147.52
3,Low,22,1,0,184.64,128.68,3,145.99
2,Medium,31,0,0,116.76,147.43,3,129.39
21,Low,21,1,0,187.97,140.51,13,152.56
15,Low,35,1,1,183.89,126.79,16,143.14
12,Low,28,1,1,151.18,127.6,7,129.85
18,Medium,34,1,0,168.89,147.43,23,152.66
14,Medium,19,1,0,136.76,133.68,20,136.69
5,High,12,0,0,167.69,137.65,3,158.65
12,Medium,15,1,0,178.9,181.52,23,169.18
16,Low,26,1,0,153.68,189.59,23,156.12
0,Medium,37,0,0,117.26,177.3,3,136.29
14,Low,28,1,0,148.31,140.13,13,135.85
11,Low,33,1,0,173.0,136.43,21,143.99
1,Medium,24,0,1,171.3,162.6,3,156.32
6,Medium,37,0,0,153.9,175.95,24,151.55
10,Medium,37,0,0,193.86,167.73,26,171.63
8,Medium,17,1,0,124.36,177.24,26,146.31
6,Medium,35,0,0,127.66,156.65,11,135.08
15,High,12,0,0,135.67,189.2,55,165.64
9,Medium,28,1,0,179.28,176.15,27,165.56
11,Low,23,1,0,176.03,128.31,22,144.43
19,Medium,20,1,1,176.82,148.66,24,159.19
2,Low,37,1,0,185.37,161.38,3,152.11
8,Low,29,1,0,150.43,139.57,9,136.97
1,Low,15,1,1,140.49,151.22,5,137.22
22,High,15,0,0,163.03,165.92,8,165.36
4,High,15,0,0,147.79,160.89,7,156.05
19,Medium,20,1,0,156.91,180.99,29,162.49
4,Medium,13,1,0,126.22,142.06,3,135.29
7,Low,19,1,0,146.71,184.87,26,150.14
14,High,32,0,0,152.81,145.94,24,148.86
19,High,35,0,0,122.0,184.83,31,150.23
4,Medium,33,0,0,194.56,141.14,3,156.75
5,Medium,25,0,0,118.02,157.99,3,133.7
21,Low,30,1,0,188.56,185.6,9,160.45
7,Low,37,1,0,121.42,143.04,8,123.67
5,Low,13,1,0,183.74,180.17,3,165.23
17,Medium,36,1,0,158.86,157.58,27,153.91
2,Medium,31,0,0,130.71,152.29,3,133.59
20,Low,22,1,0,133.51,168.14,12,139.45
21,Low,24,1,0,143.13,137.91,13,131.58
20,Low,23,1,0,178.52,167.82,14,157.55
7,High,16,0,0,126.77,136.48,35,139.73
2,High,18,0,0,134.38,171.21,3,152.29
10,Medium,19,1,0,170.41,164.69,42,161.99
8,High,12,0,0,164.12,134.09,63,162.28
23,Low,25,1,0,148.67,131.54,13,130.72
15,Low,24,1,0,119.84,164.48,30,135.45
22,Low,20,1,0,159.68,132.9,5,136.94
18,Medium,16,1,0,133.34,165.63,46,152.85
17,Low,38,1,0,163.97,189.94,21,160.17
2,Low,30,1,0,136.96,132.99,3,124.64
1,Low,24,1,0,193.43,155.8,3,158.2
1,Medium,31,0,0,162.25,185.09,3,158.44
14,Low,22,1,0,160.7,185.91,16,155.29
4,Low,17,1,0,181.94,126.94,3,146.31
23,Medium,30,0,0,194.45,177.52,3,169.39
3,Medium,32,0,0,177.33,140.51,3,149.22
22,Medium,29,0,0,162.51,173.53,6,154.83
16,High,27,0,0,184.08,148.08,37,167.11
2,Low,12,1,0,129.5,139.62,3,132.98
1,Low,29,1,0,176.14,155.6,3,148.4
9,High,28,0,0,169.39,136.43,38,155.03
8,High,23,0,1,160.06,152.57,31,154.33
7,Medium,18,1,0,184.34,150.66,12,161.41
12,Low,38,1,0,171.77,187.59,14,157.67
3,Medium,22,0,0,172.34,160.24,3,159.05
3,Low,19,1,0,187.78,170.31,3,161.57
16,Low,31,1,0,170.95,136.37,18,144.9
23,Medium,25,0,0,135.43,189.82,6,148.41
6,Medium,27,0,0,129.69,157.35,3,137.74
22,Low,29,1,0,156.06,129.89,6,132.72
8,Medium,21,1,0,133.79,164.6,34,145.31
8,Medium,16,1,0,170.97,145.68,39,155.06
2,Low,16,1,0,182.42,144.11,6,148.84
10,Low,37,1,0,138.35,145.61,15,132.22
11,High,25,0,0,188.08,154.28,32,164.75
15,High,23,0,0,174.75,143.66,35,159.98
3,Low,20,1,0,194.05,175.61,3,164.85
4,Medium,31,0,0,130.9,136.63,3,131.73
10,High,36,0,0,151.92,134.23,29,143.23
1,Medium,32,0,0,166.22,131.79,8,141.45
3,Low,26,1,0,176.03,151.67,6,148.18
15,Low,24,1,0,187.95,132.34,19,151.26
22,Low,35,1,0,186.3,126.63,5,143.18
13,Medium,35,0,0,133.89,144.14,17,136.25
3,Medium,22,0,0,148.8,188.7,3,155.55
23,High,38,0,0,172.46,125.71,3,148.79
12,Medium,34,0,0,125.59,129.15,24,131.07
17,High,34,0,0,191.75,162.9,34,172.91
4,High,13,0,0,174.76,157.36,9,166.11
13,Low,15,1,0,181.31,131.78,16,153.35
1,Medium,20,0,0,187.6,183.16,3,172.46
15,Low,32,1,0,129.24,168.84,19,135.94
4,Low,14,1,0,148.77,157.15,3,143.1
21,High,14,0,0,167.13,160.34,14,161.58
1,High,12,0,0,180.8,176.75,4,172.78
15,High,17,0,0,174.04,131.38,35,159.06
3,Low,36,1,0,124.72,185.66,5,136.25
16,Low,31,1,0,166.65,132.32,28,141.48
11,Low,31,1,0,138.52,154.81,21,135.3
23,High,19,0,0,147.52,141.09,8,146.93
15,Low,28,1,0,194.54,168.24,17,162.92
8,Low,33,1,0,127.56,179.59,16,140.07
2,Low,26,1,0,123.35,165.08,3,130.04
14,High,35,0,0,147.73,139.56,18,144.96
10,High,27,0,0,184.13,175.66,32,171.22
1,Medium,20,0,0,127.98,186.27,8,146.98
13,Low,29,1,0,121.4,135.46,11,123.13
5,Medium,37,0,0,148.51,141.48,7,136.83
5,Low,34,1,0,165.58,159.42,3,145.37
0,Medium,25,0,0,127.38,173.09,3,141.13
8,Low,28,1,0,179.37,133.25,23,144.41
5,Low,38,1,0,182.67,128.29,3,141.43
1,Medium,32,0,0,156.81,161.85,3,148.72
10,High,25,0,0,117.44,176.82,40,150.22
5,Medium,19,0,0,156.29,144.35,5,149.61
3,Medium,36,0,0,132.13,162.89,8,137.28
11,Low,38,1,0,150.69,177.22,14,147.62
1,Medium,13,1,0,175.78,126.87,3,149.02
23,Medium,12,1,0,119.35,146.85,3,132.75
11,Medium,15,1,0,115.01,144.71,39,134.62
23,Medium,22,0,0,125.68,172.0,3,142.13
21,High,16,0,0,118.63,168.3,10,146.0
23,Low,35,1,0,135.83,178.74,3,136.09
13,High,36,0,0,147.34,160.66,13,148.9
10,High,16,0,0,177.38,139.81,57,163.36
17,High,34,0,0,117.43,153.15,40,142.27
1,Low,15,1,0,143.08,150.74,3,139.67
20,Low,33,1,0,189.36,168.4,18,161.68
7,High,21,0,0,161.11,187.0,22,166.49
0,Low,13,1,0,181.14,154.75,3,158.17
5,Medium,23,0,0,153.68,166.52,8,151.04
5,Low,34,1,0,122.78,136.55,3,120.58
0,Medium,37,0,0,129.96,162.34,3,137.11
16,Medium,15,1,0,175.65,172.35,50,169.48
2,Medium,34,0,0,184.13,174.64,3,163.44
20,Low,19,1,0,152.4,188.29,18,156.63
10,High,24,0,0,154.4,189.19,43,166.13
17,High,14,0,0,151.01,158.51,76,164.22
8,High,38,0,0,116.47,180.94,26,144.64
3,Medium,33,0,0,122.64,172.91,3,138.32
4,Medium,29,0,0,194.35,159.1,3,162.83
15,High,31,0,0,118.36,126.95,19,129.41
17,Medium,35,1,0,142.92,188.51,29,154.25
6,Low,15,1,0,170.25,187.74,14,162.24
8,Low,18,1,0,148.99,158.68,27,148.17
22,High,13,0,0,193.61,147.39,8,171.72
20,Low,25,1,1,117.62,132.27,6,119.35
9,Low,25,1,0,184.96,128.58,30,150.92
5,High,12,0,0,125.78,177.22,4,152.9
7,High,29,0,0,131.39,151.61,19,143.36
12,High,12,0,0,157.26,161.58,38,162.95
13,Low,33,1,0,184.72,144.6,12,149.27
4,Low,31,1,0,148.13,164.91,4,139.83
1,Medium,34,0,0,138.49,174.32,3,141.16
11,Medium,15,1,0,147.13,183.04,32,156.43
19,Low,35,1,0,122.55,157.25,13,130.8
3,Low,26,1,0,182.06,144.51,3,147.1
9,Low,35,1,0,188.22,129.99,22,147.46
3,Low,30,1,0,169.06,180.51,4,151.19
5,Medium,29,0,0,150.57,180.48,3,151.02
14,Medium,12,1,0,164.13,147.97,30,154.62
6,Medium,30,0,0,159.15,138.47,11,143.33
6,Low,24,1,0,119.12,168.77,3,130.4
23,High,34,0,0,146.55,174.18,14,151.2
4,Medium,30,0,0,167.55,171.92,3,155.13
4,Low,14,1,0,182.82,129.63,3,146.63
22,Low,36,1,0,143.72,188.97,8,144.63
13,Medium,13,1,0,180.54,160.39,24,164.38
1,Low,20,1,0,175.55,164.54,3,154.73
10,Medium,17,1,0,189.34,127.95,33,156.68
13,Low,38,1,0,194.15,125.77,7,147.51
6,Medium,16,1,1,118.34,133.21,6,128.83
13,High,34,0,0,150.0,150.41,19,146.08
15,Medium,17,1,0,176.88,186.41,27,170.68
6,Medium,29,0,0,180.85,172.32,5,160.28
19,Medium,14,1,0,121.63,189.95,35,151.91
10,High,22,0,0,163.53,169.19,42,163.93
23,Medium,28,0,1,186.88,131.48,3,151.11
2,Medium,31,0,0,133.16,170.14,3,140.51
7,High,35,0,0,142.79,166.69,18,148.83
17,Low,34,1,0,146.59,182.61,24,153.17
21,Low,26,1,0,146.56,160.38,3,139.9
5,Low,20,1,0,159.94,140.96,3,142.04
23,High,19,0,0,119.86,172.63,13,143.86
4,Medium,38,0,0,177.34,173.97,10,159.44
9,High,28,0,0,124.83,158.42,36,145.26
7,Low,36,1,0,180.07,131.16,15,143.15
10,Low,23,1,0,116.37,151.9,24,129.56
21,Medium,25,0,0,177.96,179.59,8,164.95
17,High,34,0,0,143.42,144.74,39,146.67
19,Low,31,1,0,167.47,172.56,8,154.22
6,Low,17,1,0,129.33,141.48,15,130.48
22,Medium,26,0,1,157.96,146.37,3,144.49
10,High,17,0,0,138.93,146.91,46,149.69
15,Low,32,1,0,115.31,133.81,18,119.12
16,Medium,12,1,0,173.01,147.83,53,161.11
15,Low,34,1,0,125.49,172.04,14,135.49
14,Low,37,1,0,190.18,151.09,14,155.16
11,Medium,12,1,0,158.5,144.48,33,151.21
15,High,29,0,0,115.13,170.55,26,142.8
21,Medium,14,1,0,190.59,158.51,7,166.1
9,High,21,0,0,125.62,153.33,50,145.42
12,High,21,0,0,181.72,176.75,27,173.88
4,Medium,26,0,0,141.34,149.83,3,139.34
8,Low,36,1,0,160.44,160.38,22,145.9
18,High,24,0,0,181.86,127.07,45,163.38
15,High,22,0,0,119.01,147.06,36,140.48
5,Low,14,1,0,169.4,140.4,8,144.22
13,Medium,35,0,0,126.89,182.57,15,141.3
19,Medium,20,1,0,172.31,126.37,27,152.86
2,Low,24,1,0,127.86,170.5,3,134.96
1,Low,14,1,0,116.76,174.15,7,135.58
9,Medium,19,1,1,127.44,146.61,25,134.96
15,Medium,26,1,0,165.06,141.71,10,148.26
7,Low,36,1,0,193.86,135.71,17,149.71
19,Medium,20,1,0,192.61,143.01,35,163.84
20,Medium,27,0,1,174.66,184.41,18,164.39
12,Medium,35,0,0,180.97,127.82,8,149.24
9,Medium,21,1,1,184.92,154.69,31,162.55
1,High,19,0,0,157.27,142.18,6,151.23
19,High,13,0,0,133.29,170.23,67,158.66
21,Medium,36,0,0,167.89,146.7,7,149.16
10,Medium,14,1,0,126.33,147.49,40,138.19
12,Medium,17,1,0,181.59,128.79,11,153.03
18,Medium,15,1,0,147.97,184.18,55,163.36
16,Medium,31,1,0,136.32,158.9,25,142.53
3,Low,21,1,0,182.48,129.48,3,147.45
16,Low,31,1,1,123.9,173.86,23,136.79
22,Low,28,1,0,192.99,175.7,3,159.57
18,Medium,12,1,0,191.03,154.97,54,172.81
11,Low,20,1,0,163.7,188.64,23,158.96
12,High,12,0,0,171.97,139.69,40,159.66
6,High,13,0,0,117.97,179.87,24,149.95
15,High,24,0,0,149.97,180.02,34,163.48
5,Low,19,1,0,185.77,158.88,3,156.54
8,Medium,14,1,0,115.92,160.11,40,141.05
6,Low,23,1,0,138.25,132.3,8,130.0
8,Low,24,1,0,143.31,133.66,32,137.25
8,High,38,0,0,169.01,152.48,24,158.72
1,Medium,29,0,0,171.39,184.68,3,161.01
17,High,22,0,0,120.22,138.94,55,142.26
10,Low,24,1,0,132.4,155.88,31,137.23
22,High,14,0,0,181.04,129.18,9,158.61
4,Medium,22,0,0,130.35,144.45,10,134.99
16,Low,27,1,0,137.92,149.18,26,138.17
4,High,12,0,0,127.98,187.59,6,154.95
13,Low,36,1,0,175.35,137.55,8,141.49
11,Low,25,1,0,117.17,131.55,18,120.14
10,Low,33,1,0,139.15,128.49,19,130.61
15,High,19,0,0,157.59,158.93,41,160.29
19,High,34,0,0,115.48,158.76,24,141.11
7,High,21,0,0,191.32,137.73,25,164.14
20,High,37,0,0,184.54,141.09,16,161.01
4,Low,26,1,0,166.79,145.73,3,142.72
7,Low,29,1,0,150.13,125.61,13,133.16
7,High,17,0,0,127.42,178.11,31,154.92
22,Medium,38,0,1,159.29,175.23,3,153.1
2,High,17,0,0,134.14,145.82,3,142.7
9,High,12,0,0,166.04,162.33,71,167.72
10,Medium,23,1,0,126.65,146.33,33,136.02
19,High,34,0,0,172.37,126.74,28,153.44
11,High,36,0,1,140.83,163.34,14,147.56
23,Medium,35,0,0,155.16,171.91,3,151.13
17,Medium,26,1,0,127.95,146.7,34,139.06
16,High,36,0,0,135.5,140.69,30,143.43
18,High,25,0,0,151.02,142.17,45,155.65
3,Low,24,1,0,151.65,147.69,3,137.67
10,Medium,16,1,0,194.98,155.39,34,167.57
14,Medium,33,0,0,141.83,174.07,17,149.77
5,Low,20,1,0,121.75,137.94,3,124.92
2,High,17,0,0,156.94,170.91,3,159.72
3,Medium,21,0,0,140.75,187.7,3,151.8
18,Low,28,1,0,185.22,136.72,30,155.32
15,High,19,0,0,131.82,157.99,47,152.23
6,Low,21,1,0,183.45,148.48,9,152.12
17,High,20,0,0,168.09,164.03,56,170.04
16,Medium,28,1,0,130.04,182.26,22,148.41
19,High,31,0,0,147.42,182.61,35,158.25
21,Low,30,1,0,154.39,153.8,12,139.31
21,Medium,15,1,0,156.74,174.23,16,154.7
4,Low,21,1,0,146.77,158.23,4,140.08
18,High,29,0,0,161.77,175.18,43,169.02
9,Medium,17,1,0,172.34,182.48,39,166.72
9,High,13,0,0,155.49,171.27,69,169.39
15,Medium,20,1,0,163.19,128.95,31,148.93
14,Low,30,1,0,183.77,140.94,17,148.87
10,High,29,0,0,154.82,176.08,27,160.86
23,High,15,0,0,148.3,126.28,6,143.85
4,Low,30,1,0,134.82,158.67,3,131.13
2,Low,17,1,0,125.51,164.68,5,135.39
0,Medium,32,0,0,138.38,178.3,3,144.47
19,High,27,0,0,147.49,177.43,35,160.62
9,High,15,0,1,176.14,129.76,53,160.83
10,Medium,21,1,0,132.39,169.18,24,144.72
15,High,34,0,0,171.17,176.37,27,167.31
10,Low,23,1,0,121.32,131.85,26,126.45
13,Medium,30,0,0,127.67,156.55,14,138.32
1,Low,32,1,0,141.11,167.21,3,136.09
3,High,12,0,0,152.59,147.26,3,154.56
22,Medium,37,0,0,129.47,149.08,4,136.07
10,Low,21,1,0,123.96,131.69,24,127.41
4,Low,33,1,0,160.27,175.33,3,146.99
8,High,24,0,0,147.96,140.41,36,149.69
8,High,27,0,0,148.27,153.27,36,149.0
6,Medium,21,0,0,139.64,158.56,18,143.47
7,Low,35,1,0,144.7,130.67,16,129.11
17,High,15,0,0,129.73,153.02,74,153.09
2,Low,36,1,0,136.65,134.9,3,125.33
7,High,17,0,0,158.38,140.11,31,154.64
11,Low,35,1,0,156.78,148.16,18,138.81
12,Medium,12,1,0,187.47,156.83,32,167.8
21,High,12,0,0,181.6,153.22,16,168.59
22,High,14,0,0,115.57,129.65,9,132.95
7,Low,26,1,0,133.38,147.77,15,132.61
12,High,19,0,0,186.02,127.55,27,159.77
0,Medium,28,0,0,140.18,141.3,3,135.56
14,High,34,0,0,153.22,130.53,17,142.74
3,High,12,0,0,169.0,135.88,3,153.83
1,Medium,26,0,0,158.47,157.66,4,148.64
16,High,31,0,1,115.39,185.28,32,149.88
4,Medium,23,0,0,131.53,137.66,3,132.79
11,High,36,0,0,123.04,172.5,28,143.1
2,Medium,29,0,0,128.41,127.84,3,127.36
17,High,12,0,0,126.79,146.83,79,151.25
18,Medium,26,1,0,164.82,151.09,36,155.45
13,High,22,0,0,147.53,132.04,20,145.82
20,Medium,15,1,0,120.32,166.39,25,141.19
10,Low,37,1,0,121.58,134.47,20,123.92
4,Low,18,1,0,191.03,177.04,3,164.64
3,Low,14,1,0,127.38,163.45,3,134.4
5,Medium,18,0,1,135.31,173.18,3,146.38
4,Low,34,1,0,160.94,135.68,5,134.27
7,High,28,0,0,129.97,145.61,19,137.94
5,Medium,34,0,0,130.8,170.86,3,139.47
14,Medium,24,1,0,120.81,154.47,18,135.08
3,High,15,0,0,193.47,166.1,3,174.09
14,High,22,0,0,163.48,151.87,29,155.89
8,Medium,17,1,0,157.38,168.69,36,156.23
16,Low,27,1,0,186.09,166.7,27,162.17
12,Low,19,1,0,162.55,144.47,19,145.54
21,Low,38,1,0,136.05,182.31,3,140.01
10,Medium,22,1,0,152.78,172.61,27,155.73
7,High,20,0,0,153.21,129.43,27,148.15
14,High,38,0,0,146.85,127.45,18,139.9
15,High,26,0,0,175.29,171.55,22,167.41
10,High,16,0,0,123.77,166.08,56,150.62
13,Low,24,1,0,127.74,185.09,17,139.13
11,Low,18,1,0,144.78,168.91,23,147.35
7,Low,31,1,0,120.69,138.53,7,120.84
7,Low,27,1,1,193.99,127.73,9,150.16
21,Low,31,1,0,154.66,159.61,3,138.98
16,High,37,0,0,119.01,157.26,29,142.24
2,Medium,31,0,0,163.63,185.93,3,155.4
23,High,21,0,0,177.49,171.04,10,166.08
17,Medium,17,1,0,147.62,183.5,51,162.47
1,Low,26,1,0,153.44,174.18,6,146.51
17,High,24,0,0,171.05,167.94,54,171.36
14,High,20,0,0,133.71,161.6,26,150.74
21,Medium,33,0,0,162.81,162.7,16,152.94
11,High,36,0,1,165.48,157.98,15,157.38
12,Low,22,1,0,179.37,179.53,10,160.67
7,Low,30,1,0,186.29,140.25,13,148.76
7,Low,38,1,1,190.27,184.49,3,163.69
14,High,12,0,0,125.11,161.37,39,151.33
19,High,21,0,0,180.3,153.43,42,168.43
21,Low,31,1,0,169.03,138.72,8,139.94
18,High,25,0,0,144.66,142.94,54,150.98
14,Medium,33,0,0,188.82,162.97,16,162.96
12,High,24,0,0,183.81,134.86,21,160.13
8,High,13,0,0,176.95,125.22,59,162.32
18,High,23,0,0,119.6,141.85,50,142.65
7,High,22,0,0,129.16,144.77,26,141.78
6,High,34,0,0,188.47,186.19,11,175.3
20,Low,15,1,1,193.58,162.82,14,164.79
14,Medium,16,1,0,137.18,151.37,23,144.99
8,Medium,15,1,0,137.19,188.9,37,155.09
20,Medium,27,0,0,163.82,148.88,25,151.66
23,Low,38,1,0,121.09,187.28,3,133.58
7,Low,28,1,0,162.63,186.2,13,153.25
12,High,34,0,0,192.5,169.84,22,170.11
11,High,34,0,0,138.76,159.14,25,147.26
16,Low,28,1,1,174.42,178.41,19,158.86
22,Medium,28,0,0,156.99,146.05,5,141.92
13,High,18,0,0,137.98,148.91,31,147.65
19,High,37,0,0,148.0,138.45,29,146.45
14,High,33,0,0,159.09,141.6,24,147.75
21,Medium,35,0,1,175.93,133.87,12,148.04
9,High,38,0,0,158.26,180.29,24,163.73
9,Medium,21,1,0,189.01,125.08,27,156.73
10,High,15,0,0,124.36,152.59,52,149.43
23,Low,35,1,0,191.62,148.67,3,150.05
14,High,24,0,0,159.05,150.2,31,153.73
3,Low,37,1,1,146.35,179.84,3,141.52
0,Low,30,1,0,121.08,178.37,3,131.86
12,High,18,0,0,138.7,168.12,25,154.29
19,High,21,0,0,150.03,169.79,37,162.34
11,Low,28,1,0,189.97,177.23,22,163.05
13,High,22,0,0,175.51,150.03,22,162.9
19,Medium,19,1,0,119.72,154.28,41,138.05
12,High,17,0,0,141.23,140.91,37,147.03
21,Medium,29,0,0,154.31,140.47,9,140.84
15,High,12,0,0,183.01,185.75,40,177.71
17,High,14,1,0,177.11,174.44,52,174.25
18,High,13,0,0,132.29,154.44,87,156.97
15,Low,31,1,0,119.04,127.53,18,121.59
1,High,12,0,0,125.59,173.28,3,148.79
10,Medium,23,1,0,155.26,186.65,25,160.68
3,Low,15,1,0,122.19,185.24,5,137.93
12,Low,27,1,0,134.98,171.42,15,137.92
3,High,12,0,0,180.71,167.1,3,169.97
12,Medium,12,1,1,147.16,132.85,25,143.22
8,Medium,23,1,0,194.69,130.57,32,160.62
0,Medium,30,0,0,175.48,142.24,3,148.87
2,High,14,0,0,136.19,161.64,3,150.15
12,Low,25,1,0,115.61,184.36,11,137.3
1,Medium,33,0,0,157.18,181.62,3,156.62
20,Low,28,1,0,171.47,144.89,13,147.54
18,High,32,0,0,152.57,148.81,43,152.87
17,High,20,0,0,187.52,145.17,72,173.17
4,Low,37,1,0,176.44,159.46,3,147.78
19,Medium,15,1,0,156.62,177.58,40,164.07
15,High,28,0,0,116.51,175.9,20,145.89
9,Low,23,1,0,142.06,182.61,30,148.46
0,High,12,0,0,154.55,158.91,3,158.92
12,Medium,37,0,0,135.02,167.78,13,143.93
19,Medium,30,1,0,182.01,187.0,22,169.21
0,Low,18,1,0,148.96,168.91,3,145.37
1,High,13,0,0,131.3,135.86,3,140.33
9,Medium,30,1,0,177.33,146.25,26,154.63
12,Medium,26,0,0,163.66,129.92,26,147.96
11,Medium,13,1,0,130.77,132.18,31,138.93
10,Low,38,1,0,157.62,156.97,18,144.33
6,Low,31,1,0,170.56,173.01,3,148.73
1,Medium,24,0,0,150.87,137.28,3,139.94
0,High,18,0,0,139.19,145.8,6,145.23
2,Medium,19,0,0,170.17,146.88,3,153.64
16,Medium,24,1,0,169.98,179.61,39,166.16
18,Medium,13,1,0,116.35,136.96,58,138.07
10,Medium,21,1,0,133.73,127.21,32,134.99
1,High,17,0,0,166.71,165.55,13,161.79
9,Medium,15,1,1,132.93,159.25,41,144.98
23,Low,15,1,0,192.01,125.18,3,149.49
5,High,21,0,1,128.02,174.7,3,147.6
11,High,22,0,0,174.86,152.55,30,164.13
12,High,21,0,0,194.87,160.61,26,174.39
7,High,30,0,0,142.73,168.6,14,147.82
10,Low,26,1,0,163.25,128.34,19,140.45
11,Medium,17,1,0,123.46,136.22,28,131.94
11,Medium,38,0,0,164.75,155.1,24,153.06
17,Medium,31,1,1,194.0,136.17,30,158.23
13,Medium,24,0,0,192.83,132.58,23,159.41
1,Low,13,1,0,147.94,146.12,4,139.44
0,Low,36,1,0,180.65,152.73,3,147.39
9,Medium,32,1,0,181.13,180.24,25,166.55
21,Low,24,1,0,141.18,163.67,4,138.72
0,Low,16,1,0,180.82,185.41,3,165.02
1,Low,14,1,0,127.99,154.72,3,135.26
16,High,19,0,0,193.31,155.71,52,175.97
10,Medium,18,1,0,184.13,145.24,28,160.31
5,Low,17,1,0,155.85,130.3,3,138.81
4,Low,23,1,0,145.83,136.18,3,133.24
15,High,13,0,0,190.68,129.4,46,169.64
12,High,20,0,0,120.69,170.72,32,144.92
15,Low,35,1,0,154.87,147.69,14,140.22
6,Low,35,1,0,153.96,127.05,3,130.28
12,Medium,12,1,0,145.51,173.89,28,155.28
20,Low,30,1,0,124.01,141.56,13,124.17
7,Low,38,1,1,135.11,183.08,19,139.75
9,Low,27,1,0,193.65,178.5,31,167.48
3,Low,22,1,0,179.64,144.74,3,146.44
15,High,25,0,0,182.06,140.32,35,159.82
0,Low,17,1,0,155.76,189.55,4,154.55
5,Medium,22,0,0,167.95,178.28,9,164.22
17,Medium,37,1,0,155.4,185.23,25,159.8
0,Low,28,1,0,169.19,126.11,5,135.98
23,Low,23,1,0,184.08,163.89,3,156.38
9,Medium,15,1,0,134.41,142.33,44,142.88
9,High,36,0,0,191.07,149.36,26,166.66
12,Medium,16,1,0,188.09,130.92,16,156.08
15,Low,31,1,0,148.54,173.64,20,144.06
11,Medium,20,1,0,193.15,159.17,24,167.69
21,High,19,0,0,185.6,176.48,8,173.1
23,Medium,16,1,0,118.21,132.57,9,127.75
4,High,22,0,0,118.37,189.82,3,149.54
16,High,30,0,0,171.58,147.66,28,159.55
7,Low,23,1,0,177.69,186.84,10,160.86
23,Medium,12,1,0,134.89,168.97,11,146.22
6,Low,19,1,0,154.9,132.07,9,137.24
7,Medium,16,1,1,158.14,175.83,19,158.21
17,Medium,22,1,0,150.65,161.44,42,153.62
18,High,36,0,0,120.53,137.27,40,137.23
3,Medium,37,0,0,132.51,137.17,4,130.29
13,High,38,0,0,180.16,186.96,19,171.64
8,Medium,15,1,0,120.85,189.91,35,151.22
14,Low,25,1,0,164.77,162.45,21,152.69
13,Medium,13,1,0,165.73,137.16,20,153.44
23,Low,25,1,0,191.52,147.12,3,152.81
22,Low,27,1,0,194.0,138.78,3,150.05
15,High,32,0,0,190.6,164.49,30,169.97
16,High,21,0,0,158.31,151.02,45,158.15
21,High,12,0,0,118.34,149.57,24,142.1
4,Medium,24,0,0,137.18,177.09,3,145.95
17,High,23,0,1,153.04,187.63,46,166.96
18,Medium,28,1,0,118.13,137.81,31,130.07
3,Medium,14,1,1,117.97,151.94,3,133.61
21,Medium,28,0,0,140.92,159.87,17,143.11
16,Medium,22,1,0,145.99,140.98,31,142.94
8,Low,31,1,1,161.47,151.12,19,144.21
11,High,38,0,0,189.63,128.63,18,159.67
11,High,18,0,0,146.29,127.68,30,145.33
22,Low,32,1,0,118.85,176.11,12,130.05
23,Low,15,1,0,158.2,147.04,3,142.77
19,High,38,0,0,143.64,170.98,29,155.54
15,Medium,24,0,0,187.09,130.39,19,158.46
2,Medium,32,0,0,149.52,168.59,3,147.15
21,Medium,32,0,0,140.74,167.47,11,142.87
3,Medium,28,0,0,172.91,178.39,3,161.35
4,Low,22,1,0,154.46,138.3,3,136.69
1,Low,32,1,0,159.41,160.82,3,141.83
22,Low,24,1,0,127.17,183.58,9,139.51
11,Low,29,1,0,145.02,139.29,10,134.59
5,Medium,28,0,0,118.71,133.12,3,123.78
1,Medium,24,0,0,175.39,147.41,7,151.91
9,High,15,0,0,134.65,187.75,54,162.55
17,Medium,19,1,0,124.64,135.23,45,137.32
23,Medium,37,0,1,162.16,132.76,3,141.42
13,Low,26,1,0,161.35,189.85,16,157.16
14,High,29,0,0,140.26,150.56,20,144.72
20,Medium,18,1,0,191.99,134.7,16,159.92
21,Low,31,1,0,165.84,161.31,6,146.63
6,Low,25,1,0,189.11,125.9,9,147.41
23,High,17,0,0,139.05,152.66,4,145.58
12,Medium,15,1,0,159.14,127.35,21,145.39
22,Low,22,1,0,148.08,161.75,3,140.53
2,Medium,27,0,0,148.06,165.61,3,147.4
2,High,19,0,0,118.82,125.23,5,128.91
21,High,18,0,0,132.57,158.33,20,147.74
16,High,19,0,0,184.55,186.42,46,181.32
4,Low,19,1,0,182.99,150.88,6,155.82
21,Medium,31,0,0,123.41,187.04,10,142.32
2,Low,25,1,0,116.45,187.63,3,133.84
16,Medium,24,1,0,123.16,140.62,29,136.22
4,Low,16,1,0,166.1,162.53,3,152.22
1,Low,26,1,0,134.19,178.97,5,139.41
19,Low,37,1,1,176.01,171.1,11,155.72
20,Low,32,1,0,115.47,174.41,21,130.48
2,Low,24,1,0,172.26,141.96,6,143.55
2,High,20,0,0,185.91,184.68,3,173.81
14,Low,21,1,0,118.58,140.32,28,125.7
0,High,12,0,0,184.39,166.91,5,171.3
17,Medium,12,1,0,188.43,182.51,56,179.5
21,Medium,32,0,0,157.87,148.37,11,146.71
18,High,34,0,0,137.76,160.89,40,150.23
5,Low,38,1,0,160.03,169.88,3,145.81
4,Low,28,1,0,139.85,185.35,4,142.8
16,High,37,0,0,189.66,154.12,29,168.98
1,Low,23,1,0,158.49,164.21,4,146.41
12,High,18,0,0,178.9,134.22,29,160.59
10,High,18,0,0,163.8,129.24,45,154.83
17,Medium,18,1,0,138.07,126.39,50,141.88
4,Medium,32,0,0,155.01,155.98,3,142.45
18,High,12,0,0,185.39,160.47,80,181.8
16,Medium,37,1,0,145.63,130.61,23,139.19
5,Low,32,1,0,142.31,136.77,7,130.47
8,Medium,22,1,0,191.51,142.31,26,159.91
1,Low,30,1,1,141.72,182.93,3,140.67
10,High,15,0,0,183.76,131.45,62,165.34
6,Low,23,1,0,129.26,156.83,9,132.44
2,High,14,0,0,178.34,176.29,3,171.67
13,Medium,15,1,0,164.22,181.56,24,163.36
13,High,12,0,0,124.62,170.05,33,150.25
2,Medium,33,0,0,120.12,142.26,3,128.15
4,Medium,32,0,0,138.86,132.89,12,132.99
1,Low,36,1,1,167.6,135.26,3,135.83
16,Medium,38,1,0,143.81,175.07,15,148.69
8,High,38,0,0,136.69,144.27,31,143.05
1,Low,38,1,0,161.55,146.96,3,137.76
4,Low,12,1,0,191.2,136.41,3,155.41
23,Low,33,1,0,124.75,153.25,5,125.11
6,Low,31,1,0,166.57,146.75,3,143.58
16,High,16,0,0,187.99,148.21,64,172.4
11,High,15,0,0,158.29,127.2,38,150.88
4,Medium,38,0,0,192.13,155.07,9,160.16
7,Low,35,1,1,162.83,132.27,6,134.39
0,High,20,0,0,168.81,159.82,8,159.27
17,High,14,0,0,178.3,168.5,85,176.22
8,Medium,21,1,0,130.98,160.5,27,142.94
11,High,12,0,0,159.82,134.52,44,157.26
3,Low,30,1,0,164.14,165.07,3,144.74
19,High,22,0,0,124.61,151.83,49,147.11
5,High,13,0,0,151.44,148.36,3,152.09
13,Low,38,1,0,176.65,134.67,13,142.93
20,Low,34,1,0,118.26,189.63,10,138.44
17,Medium,36,1,0,148.08,150.52,28,147.25
14,High,38,0,0,126.66,154.66,20,141.26
21,Medium,12,1,0,129.06,131.13,10,135.26
4,Medium,32,0,0,156.01,168.91,9,149.78
23,Low,33,1,0,117.36,143.37,3,120.46
13,Low,33,1,0,149.0,173.11,16,143.2
9,High,19,0,0,117.06,129.36,48,138.56
6,Medium,22,0,0,189.04,144.29,17,159.61
17,Medium,37,1,0,185.64,173.47,31,168.1
23,Medium,13,1,1,131.93,150.74,6,138.57
16,Medium,29,1,0,120.26,127.23,28,127.96
0,Medium,33,0,0,135.05,176.32,3,144.26
11,Medium,33,0,0,117.27,187.76,22,139.86
17,Medium,28,1,0,173.78,149.47,23,159.19
9,Low,32,1,0,160.91,165.4,22,150.91
18,High,36,0,0,158.51,149.22,33,158.12
16,High,32,0,0,183.16,161.07,30,168.79
1,High,15,0,0,179.74,173.01,7,172.22
13,High,18,0,0,147.71,166.14,36,157.64
4,High,20,0,0,163.83,145.46,3,154.29
11,Low,21,1,1,150.34,137.69,24,138.46
9,Medium,21,1,1,164.92,160.38,34,156.73
19,Medium,17,1,0,127.12,167.87,37,148.01
20,Low,30,1,0,139.01,162.34,18,135.06
11,High,14,0,0,135.15,133.33,40,144.89
12,Low,33,1,0,128.4,148.08,9,126.7
15,Low,29,1,0,148.11,173.4,15,147.12
15,High,37,0,0,173.12,134.54,26,153.57
15,High,12,0,0,146.68,182.42,49,166.11
18,High,19,0,0,193.61,155.32,60,178.75
23,Medium,36,0,1,139.17,176.43,3,145.81
19,High,25,0,0,190.85,147.15,37,170.25
3,Low,27,1,0,130.48,148.35,3,128.91
11,Medium,12,1,0,140.66,187.86,34,156.36
11,Low,32,1,0,128.13,161.88,20,131.93
12,High,18,0,0,134.03,131.62,34,139.89
12,Low,38,1,0,127.57,187.25,24,138.61
17,High,22,0,0,164.99,149.37,60,163.48
10,High,17,0,0,131.05,171.16,59,156.14
6,Low,28,1,0,121.81,133.36,8,121.98
10,Low,24,1,0,136.31,180.6,26,143.55
20,Low,24,1,1,169.27,187.34,13,158.6
7,High,37,0,0,149.29,149.89,17,147.57
0,Medium,21,0,0,127.49,134.41,3,128.86
23,Medium,22,0,0,120.08,161.25,3,137.39
4,Medium,28,0,0,173.35,135.52,3,148.42
14,High,16,0,0,171.33,153.74,40,163.83
19,Medium,34,0,0,151.92,165.47,31,152.55
6,High,18,0,0,157.22,134.05,24,150.34
8,Low,18,1,0,134.24,186.62,31,149.67
6,High,12,0,0,153.83,170.86,18,161.48
3,Medium,21,0,0,173.29,148.48,3,153.16
3,Low,27,1,1,176.72,152.02,5,145.35
4,Low,31,1,0,142.24,180.13,3,142.86
10,Medium,36,1,0,169.31,155.94,19,154.4
12,Medium,33,0,0,153.92,189.16,17,156.04
0,Medium,20,0,0,174.15,129.04,3,148.04
20,Low,34,1,0,170.26,142.64,14,142.88
16,Medium,17,1,0,175.03,158.7,44,162.09
1,Low,17,1,0,128.19,133.83,3,129.27
20,Medium,21,1,0,140.77,148.15,17,140.95
0,Medium,26,0,0,136.2,158.8,3,141.25
13,Medium,17,1,0,150.77,141.96,27,144.63
11,High,36,0,0,152.19,135.7,21,145.18
12,Medium,19,1,0,168.38,142.44,19,150.92
22,High,22,0,0,160.57,130.37,4,148.08
22,Low,28,1,0,161.39,137.74,3,136.91
6,Low,23,1,0,165.64,128.97,14,140.11
13,Low,22,1,0,136.83,186.91,17,148.04
23,Low,38,1,0,133.09,135.47,3,123.28
17,High,23,0,0,132.22,125.08,65,142.82
21,Low,15,1,0,177.36,187.23,13,162.92
10,High,31,0,1,122.78,174.31,21,144.75
6,High,31,0,0,140.29,142.36,14,140.69
12,Medium,17,1,0,137.42,182.13,23,151.47
19,High,34,0,0,162.35,181.66,29,165.78
22,Medium,22,0,0,188.94,173.16,5,168.46
16,Medium,16,1,0,185.29,163.49,44,170.7
16,Medium,16,1,0,123.43,163.01,45,142.41
12,Low,31,1,0,158.22,187.98,8,152.26
7,Low,17,1,0,117.98,155.23,13,131.46
10,Low,24,1,0,178.39,177.56,31,161.21
11,Medium,31,0,0,144.98,132.31,23,139.26
19,Low,35,1,0,132.19,170.55,23,137.78
13,Medium,25,0,0,153.73,189.32,22,159.41
19,Low,36,1,0,149.81,125.65,23,135.19
0,High,20,0,0,190.45,141.76,3,163.53
18,Medium,35,1,0,117.65,176.02,24,140.49
12,Low,18,1,1,191.0,172.7,12,164.41
23,Medium,13,1,0,133.75,172.72,11,148.87
11,Low,31,1,0,126.6,188.86,14,141.92
11,Low,32,1,0,174.35,131.23,15,141.73
3,Low,37,1,0,156.81,168.88,3,145.3
19,Medium,36,1,0,186.65,166.68,18,165.18
16,High,14,0,0,158.41,138.37,67,156.29
20,Low,28,1,0,155.44,138.84,20,137.9
2,Medium,31,0,0,131.49,167.26,5,141.57
5,Medium,28,0,0,190.98,167.54,3,164.19
21,Medium,12,1,0,168.16,164.0,13,161.31
1,Medium,13,1,0,163.13,155.02,3,151.22
12,Low,30,1,0,178.2,169.67,17,153.15
9,Medium,35,1,0,123.1,145.92,19,133.31
22,Medium,16,1,0,184.31,140.33,3,157.14
20,High,13,0,1,155.04,163.7,31,161.31
21,Low,22,1,0,179.18,165.12,9,157.0
6,Low,20,1,0,172.01,177.8,8,156.84
14,Low,38,1,0,151.1,152.04,11,137.67
16,High,36,0,0,176.58,174.67,24,170.41
23,Low,27,1,0,172.66,184.65,4,155.52
0,Medium,37,0,0,115.3,152.67,3,128.98
23,High,18,0,0,171.74,160.27,9,162.81
8,High,38,0,0,155.7,184.17,25,161.98
3,Low,24,1,0,182.16,144.52,3,151.06
14,Low,24,1,0,179.77,171.97,16,157.82
18,High,13,0,0,128.65,162.52,76,156.83
3,Low,16,1,0,116.74,151.91,3,128.09
0,Low,17,1,0,130.71,181.17,5,142.54
21,Low,25,1,0,174.29,135.19,8,143.79
22,Medium,17,1,1,184.71,127.3,3,152.24
3,High,14,0,0,171.05,138.46,3,157.61
21,Medium,28,0,0,180.65,181.96,14,164.89
21,Low,35,1,0,161.98,147.33,5,139.08
23,High,13,0,0,155.52,169.46,8,159.99
5,Medium,27,0,0,192.63,140.0,3,156.22
13,High,37,0,0,121.45,156.91,18,139.49
23,Medium,22,0,0,148.71,158.99,13,147.27
21,High,16,0,0,137.24,140.95,18,145.6
14,High,14,0,0,124.76,150.18,38,144.01
4,Medium,37,0,0,163.45,142.02,3,144.25
2,Low,22,1,0,136.06,131.54,3,127.87
6,High,14,0,0,152.04,153.06,21,156.67
1,Medium,35,0,0,125.93,161.64,3,133.64
4,Medium,33,0,0,146.2,130.85,6,136.32
1,Low,30,1,0,131.02,148.26,8,128.78
18,High,14,0,0,186.75,155.08,70,178.33
14,Medium,14,1,0,156.79,185.61,23,163.83
12,High,17,0,0,178.96,164.67,33,169.33
19,High,16,0,0,153.86,186.25,52,169.25
9,High,26,0,0,118.39,159.08,46,142.82
9,Low,22,1,0,170.56,177.21,32,160.29
4,Medium,32,0,0,118.83,131.26,10,122.94
10,High,14,0,0,146.6,161.69,57,160.24
4,Medium,31,0,0,158.76,147.94,8,146.32
14,Medium,37,0,0,177.39,172.35,7,163.12
23,Low,15,1,0,186.89,182.04,7,165.93
12,High,29,0,0,131.39,171.3,18,144.48
7,High,25,0,0,168.09,130.74,13,149.83
16,Medium,14,1,0,152.62,165.37,44,158.06
19,High,19,0,1,176.4,173.37,33,173.49
11,Low,33,1,0,190.19,126.94,12,145.63
6,Low,35,1,0,157.64,136.03,8,135.21
17,Medium,21,1,0,137.94,169.22,41,152.81
4,High,14,0,0,178.88,145.47,3,162.46
23,Low,18,1,0,157.14,129.04,5,136.03
7,Low,34,1,0,185.58,182.81,22,160.11
8,High,27,0,0,160.29,186.89,33,167.36
17,High,23,0,0,189.97,149.28,56,171.97
0,Medium,12,1,0,116.4,189.54,3,147.0
4,Low,33,1,1,174.12,180.68,3,153.21
3,Medium,24,0,0,142.72,161.13,3,144.94
9,Low,26,1,0,168.49,173.57,31,157.31
13,High,34,0,0,190.39,185.86,22,174.58
4,Medium,27,0,0,167.31,172.28,8,157.15
8,Medium,37,1,0,174.6,146.94,21,151.41
18,Medium,27,1,0,127.64,137.55,30,134.49
22,Medium,21,0,0,128.64,153.06,9,137.1
0,Low,36,1,0,160.87,137.13,8,135.06
15,High,29,0,0,149.45,126.4,24,145.59
0,Low,32,1,0,123.89,154.64,3,124.92
12,High,18,0,0,173.27,146.4,39,162.46
21,Low,30,1,0,170.92,131.19,3,138.74
19,High,27,0,0,122.33,181.64,26,149.71
5,High,14,0,0,118.89,132.99,3,136.01
6,Low,18,1,0,145.31,165.98,13,143.66
18,High,36,0,0,165.63,162.01,38,162.87
19,High,27,0,0,186.49,188.63,37,180.35
6,Low,32,1,0,149.76,141.5,6,133.23
0,Low,16,1,0,121.73,140.31,3,126.97
10,High,17,0,0,182.24,165.77,48,173.54
14,Medium,37,0,0,124.99,161.29,19,137.9
10,High,23,0,1,165.99,177.77,36,165.33
22,Low,35,1,0,148.08,136.25,7,131.65
19,High,33,0,0,187.77,144.54,23,165.08
18,Medium,21,1,0,171.39,125.33,35,152.88
0,Low,37,1,0,115.01,171.9,4,127.79
20,Low,32,1,0,144.82,146.16,9,136.2
18,Medium,15,1,0,129.42,140.35,46,142.54
9,Medium,14,1,0,137.68,164.32,35,151.97
14,High,15,0,0,146.92,141.36,42,150.46
19,Low,31,1,1,158.31,128.69,17,135.71
21,Low,15,1,1,178.87,140.36,12,152.55
13,Low,19,1,0,121.91,180.23,21,141.01
0,Low,23,1,0,150.29,163.7,3,144.44
14,Low,15,1,0,183.06,155.63,25,160.18
16,High,20,0,0,149.57,156.94,51,158.21
1,Medium,30,0,1,156.54,189.8,3,157.36
19,Medium,38,1,0,177.29,127.05,11,146.46
4,Medium,24,0,0,172.03,135.48,11,149.72
21,Low,32,1,0,155.8,181.26,6,145.0
13,Low,26,1,0,192.37,159.76,12,160.75
7,High,24,0,0,117.9,189.68,20,148.61
1,Medium,26,0,0,119.36,169.45,6,136.49
0,Medium,37,0,0,149.19,172.02,3,146.68
17,High,13,0,0,127.63,162.68,75,157.13
9,Medium,25,1,0,132.32,126.13,27,131.72
20,Medium,13,1,0,127.01,184.02,25,152.27
5,Low,35,1,0,170.39,159.0,3,145.47
22,Medium,28,0,0,148.7,125.59,9,133.62
22,High,13,0,1,181.73,138.64,18,161.07
2,Medium,28,0,0,135.03,147.77,3,137.69
15,High,23,0,0,164.87,143.6,33,158.4
22,Medium,13,1,0,132.08,126.8,3,133.82
7,Low,38,1,0,116.16,143.22,11,121.36
1,Medium,22,0,0,170.11,183.26,3,161.34
21,Medium,12,1,0,126.64,163.27,17,144.45
11,High,28,0,0,170.5,146.25,18,155.04
0,Low,22,1,0,170.25,130.73,3,140.73
20,High,29,0,0,168.45,173.83,18,162.97
16,High,16,0,0,162.36,171.69,65,170.13
1,Medium,34,0,0,185.79,125.15,3,146.37
6,Medium,23,0,0,121.05,189.57,13,147.06
0,Medium,23,0,1,189.55,142.27,3,158.63
22,Low,33,1,0,120.28,142.06,3,122.42
0,Low,26,1,0,154.63,144.57,3,135.61
19,Medium,12,1,0,188.86,187.51,34,179.93
12,Medium,27,0,0,136.51,179.67,18,148.6
13,Low,29,1,0,182.03,166.42,18,155.66
19,High,20,0,0,162.46,157.13,49,165.16
21,High,16,0,1,183.89,146.26,11,163.72
3,Low,13,1,0,118.89,146.78,3,129.6
0,Low,34,1,0,159.48,146.17,3,135.61
2,High,12,0,0,130.09,181.07,3,154.55
16,Low,27,1,0,116.45,169.29,25,136.15
13,High,34,0,0,170.12,151.44,14,156.24
2,Medium,21,0,1,174.97,189.58,3,166.92
5,High,17,0,0,173.9,136.54,3,155.9
12,High,31,0,1,173.16,129.98,16,149.72
17,High,29,0,0,179.0,148.93,36,165.18
8,Medium,12,1,0,152.57,188.82,44,163.29
22,Medium,27,0,0,142.81,126.56,11,134.51
23,Medium,12,1,0,176.68,130.27,15,152.99
18,High,22,0,0,168.32,147.19,58,164.55
10,High,20,0,0,131.0,189.18,52,155.88
21,Low,34,1,0,149.82,147.32,10,135.17
17,Medium,38,1,0,129.57,169.08,27,145.54
12,Low,30,1,0,177.31,181.16,6,157.39
10,High,31,0,0,134.77,168.59,31,149.39
19,Medium,12,1,0,164.82,130.84,42,154.07
13,High,13,0,0,173.83,134.65,42,161.73
4,Medium,32,0,0,194.33,141.83,4,157.66
23,Medium,23,0,0,149.65,176.74,10,150.8
1,Low,25,1,0,184.8,177.12,3,157.85
16,Medium,30,1,0,168.15,136.07,23,148.94
15,Medium,21,1,0,115.68,149.64,17,130.8
14,Low,30,1,0,146.3,134.09,15,133.76
1,Medium,31,0,0,146.53,155.75,6,142.12
11,High,18,0,0,124.57,148.68,43,142.91
21,Low,30,1,0,149.97,189.49,4,147.5
5,Medium,16,1,0,124.32,150.27,3,136.53
16,Medium,20,1,0,181.83,128.25,33,154.47
20,Low,33,1,0,143.95,158.83,11,136.12
22,Medium,38,0,1,129.65,183.97,6,141.85
12,Medium,13,1,0,163.15,149.02,15,153.94
7,Low,29,1,0,183.61,178.2,12,161.84
16,High,27,0,0,189.79,152.09,33,171.33
11,High,28,0,0,186.54,161.94,30,167.53
15,High,33,0,0,185.56,157.65,12,166.63
17,High,13,0,0,142.84,181.82,84,168.84
17,Medium,31,1,0,155.43,161.92,25,152.95
5,High,19,0,1,144.7,149.64,3,144.92
18,Medium,16,1,0,188.78,174.85,56,175.86
13,High,24,0,0,122.43,128.27,29,134.15
22,High,12,0,1,159.35,142.71,14,156.49
15,Low,29,1,0,134.75,143.62,18,132.26
21,High,27,0,0,183.03,161.98,7,166.22
23,Low,25,1,0,142.14,179.22,4,143.93
23,High,12,0,0,184.09,161.0,10,169.81
17,High,32,0,0,189.24,154.79,35,169.17
14,Medium,12,1,0,128.76,129.25,24,136.41
2,Low,19,1,0,175.34,188.05,3,163.44
9,High,22,0,0,143.0,144.21,48,149.32
11,Medium,30,1,0,147.26,133.43,19,137.68
18,High,23,0,0,136.95,179.14,61,160.63
14,Low,34,1,0,164.33,182.87,16,152.01
10,Low,37,1,1,142.45,144.41,10,133.61
3,Low,32,1,0,174.25,160.66,3,147.29
17,Medium,13,1,0,177.28,175.92,57,173.92
10,Low,32,1,0,146.61,126.41,23,131.55
0,Low,17,1,0,115.38,189.15,5,137.66
6,Low,35,1,0,120.29,146.06,6,121.55
21,Low,38,1,0,136.9,156.18,3,132.35
2,High,14,0,0,191.31,128.29,6,164.19
9,Medium,14,1,0,146.5,128.05,46,141.79
12,Low,30,1,0,174.54,132.26,13,142.82
2,Low,15,1,0,189.89,145.87,3,156.78
3,Medium,38,0,0,142.33,184.9,10,148.45
22,Medium,26,0,0,159.9,158.5,7,149.17
14,High,27,0,0,183.19,146.17,22,162.77
5,Low,35,1,1,164.18,154.32,3,141.34
4,High,17,0,0,123.98,142.23,3,137.74
10,Low,27,1,0,176.57,165.56,18,156.51
17,High,38,0,0,187.33,157.97,38,172.97
17,High,12,0,0,176.5,149.61,75,173.95
4,Medium,16,1,0,175.2,169.6,3,161.12
17,High,15,0,0,175.46,150.46,67,166.82
21,Low,21,1,0,164.0,177.43,3,153.59
5,High,15,0,0,134.82,163.9,5,149.12
0,High,16,0,0,187.87,138.14,3,162.77
23,Low,35,1,0,125.31,135.61,4,120.55
12,Low,24,1,0,181.18,141.64,17,149.62
18,Medium,21,1,0,143.75,184.69,41,160.07
7,High,23,0,0,168.91,178.52,22,167.08
7,Low,38,1,0,179.41,188.19,11,160.49
5,Low,25,1,0,178.89,173.38,3,156.63
5,Low,24,1,0,127.89,184.44,5,138.17
11,Medium,37,0,0,163.87,148.1,18,149.37
2,Low,13,1,0,132.17,165.29,3,137.99
20,Medium,24,0,1,123.97,150.45,22,136.89
12,High,32,0,0,156.08,181.22,13,160.03
21,Low,25,1,0,194.0,189.8,3,170.39
12,Low,35,1,0,193.53,173.46,6,159.81
7,Low,35,1,0,160.87,175.8,16,150.95
12,High,21,0,0,176.77,182.26,26,170.26
3,Medium,34,0,0,134.97,131.2,3,128.73
19,Medium,18,1,0,132.95,156.32,35,142.61
17,High,18,0,0,171.52,172.61,75,174.93
3,Low,38,1,0,177.88,164.33,3,150.85
13,High,12,0,0,174.35,160.12,34,168.27
12,Low,21,1,0,123.36,150.08,18,128.06
4,Low,28,1,0,143.5,139.33,3,129.52
2,Low,23,1,0,118.53,184.96,4,136.06
18,High,34,0,1,177.89,172.72,33,169.32
6,Low,18,1,0,139.94,164.88,10,141.69
12,High,26,0,0,149.38,130.55,13,144.83
5,Low,15,1,0,161.31,132.26,13,140.4
15,Medium,17,1,1,115.04,153.1,24,133.6
1,Medium,16,1,0,143.33,133.17,3,137.11
8,Medium,32,1,0,173.18,134.68,24,150.18
13,Medium,17,1,0,137.89,130.29,19,136.83
10,High,30,0,0,160.64,144.11,34,150.91
14,Low,21,1,0,193.17,125.72,19,153.5
4,Low,27,1,0,124.45,172.6,9,132.57
10,Medium,35,1,0,136.46,163.96,21,141.96
18,High,35,0,0,169.72,158.0,33,162.19
8,Medium,12,1,0,162.87,189.15,49,168.44
3,Medium,33,0,0,193.24,156.32,3,158.42
20,High,37,0,0,117.77,181.53,13,143.95
18,Medium,30,1,0,185.24,137.31,20,157.7
16,High,17,0,0,154.08,142.21,60,157.52
19,High,29,0,0,133.15,146.35,36,143.27
18,Medium,29,1,0,155.27,189.37,30,160.97
17,High,29,0,0,147.98,183.99,43,164.42
12,Low,23,1,0,129.35,154.16,24,134.05
0,Low,26,1,0,132.55,179.89,3,139.5
14,High,29,0,0,138.05,140.16,17,139.83
6,Low,24,1,0,159.18,163.52,6,145.57
18,High,32,0,0,121.65,135.52,39,140.2
11,Low,31,1,1,122.11,162.39,14,129.3
21,Medium,20,0,0,141.54,139.45,19,140.18
14,Low,28,1,0,171.58,163.07,16,151.59
13,Low,32,1,0,193.26,152.86,14,155.87
22,Medium,25,0,0,115.96,161.32,8,132.7
11,Medium,31,1,0,192.79,135.48,18,152.07
9,Medium,15,1,0,169.88,157.92,46,160.7
8,Medium,22,1,0,187.08,145.56,27,160.2
21,High,30,0,0,157.91,134.36,8,143.23
18,High,36,0,0,152.04,157.53,38,156.94
3,Low,29,1,0,177.81,134.0,3,142.2
11,High,29,0,0,159.09,152.77,28,155.03
8,High,21,0,0,186.79,146.0,43,166.17
15,High,30,0,0,186.45,160.3,17,167.99
1,Medium,21,0,0,157.44,156.45,3,150.89
17,High,13,0,0,160.9,133.75,78,162.88
17,High,18,0,0,151.5,143.14,71,158.94
5,Low,28,1,0,170.15,161.19,3,148.91
3,Low,37,1,0,169.59,179.2,3,151.85
15,Low,25,1,0,167.05,128.85,18,141.41
6,Medium,35,0,0,119.99,130.91,10,126.56
22,Low,33,1,0,192.09,176.8,5,158.83
18,Medium,27,1,0,141.85,147.09,26,145.74
22,Low,33,1,0,134.7,141.7,5,127.82
12,Low,22,1,0,131.88,139.93,25,130.37
22,Medium,23,0,0,120.54,188.1,6,142.65
0,Low,31,1,0,151.56,158.2,3,138.06
6,Low,29,1,0,118.33,135.46,8,118.83
0,Medium,26,0,0,127.87,151.39,3,132.89
16,High,23,0,0,115.42,141.94,46,138.33
12,Medium,38,0,0,128.97,135.97,16,132.48
6,High,13,0,0,194.62,188.61,12,183.35
7,Medium,13,1,0,158.32,153.93,27,153.25
15,Low,24,1,0,120.37,169.93,18,134.14
4,Medium,12,1,0,160.13,183.41,3,160.54
12,Medium,21,1,0,163.06,138.37,21,149.0
14,High,27,0,0,158.82,133.32,24,148.54
5,Medium,22,0,0,141.88,141.92,3,139.14
5,Low,17,1,0,167.58,171.32,3,155.17
8,Medium,19,1,0,126.41,149.83,31,140.1
14,Medium,28,0,0,132.57,156.79,18,142.15
6,Low,37,1,0,194.58,126.32,16,147.53
9,High,33,0,0,148.25,125.28,26,140.49
13,Low,26,1,0,126.82,151.46,16,131.5
4,High,15,0,0,132.36,134.77,8,139.93
13,High,18,0,0,172.93,176.42,30,169.75
3,Medium,23,0,0,124.3,186.83,3,144.09
3,Low,18,1,0,143.32,185.17,3,148.62
5,Medium,30,0,0,141.27,155.26,3,141.14
6,Medium,21,0,0,133.24,143.65,15,137.22
0,Low,34,1,1,153.15,156.45,3,138.03
23,Medium,19,1,0,123.81,131.76,3,129.12
7,High,25,0,0,151.53,186.36,29,162.49
19,Medium,31,1,0,117.61,168.63,19,137.4
21,Low,17,1,0,192.63,143.63,4,156.7
19,High,32,0,1,163.39,174.35,29,162.34
19,Medium,27,1,0,121.01,140.93,18,132.58
2,Medium,29,0,0,130.26,173.84,3,142.59
8,Medium,24,1,0,173.92,151.12,29,155.99
17,High,37,0,0,173.53,181.16,37,171.91
13,High,32,0,0,144.2,189.34,20,158.14
0,Low,17,1,0,126.87,145.81,3,128.91
13,Low,27,1,0,157.87,160.83,12,146.55
19,Medium,36,1,1,137.11,140.47,6,136.86
19,High,19,0,0,122.74,177.02,40,154.09
9,Low,26,1,0,142.68,156.98,40,140.67
5,Low,32,1,0,175.08,188.95,4,156.92
7,Low,19,1,0,143.33,182.65,26,147.53
7,High,25,0,0,118.26,142.73,34,134.84
8,Low,26,1,0,124.63,132.77,22,126.51
7,Medium,16,1,1,162.71,165.29,18,155.34
10,High,16,0,0,156.77,145.67,46,160.6
0,Medium,27,0,0,168.99,141.49,3,147.25
6,Low,16,1,0,160.74,160.43,11,148.46
7,Low,37,1,0,154.78,159.98,10,142.89
3,Medium,26,0,0,153.01,159.94,6,147.94
21,Medium,31,0,0,191.92,144.13,12,159.61
16,Medium,22,1,0,183.98,135.1,37,157.82
21,High,20,0,0,145.63,136.94,8,144.33
13,Medium,25,0,0,167.28,171.81,22,158.94
2,Low,31,1,0,116.63,155.42,3,124.78
21,Low,22,1,0,116.68,155.51,17,130.2
10,High,19,0,0,140.49,188.49,48,162.14
16,Medium,15,1,0,175.38,184.67,42,172.42
9,Low,26,1,0,189.04,129.22,33,152.92
11,Low,30,1,0,169.64,176.85,14,155.01
11,Low,26,1,0,171.51,141.11,21,145.25
6,High,18,0,1,117.57,171.95,16,143.09
13,Low,18,1,0,189.41,136.27,18,153.38
17,High,22,0,0,121.94,134.45,55,142.48
0,Low,21,1,0,190.75,186.05,3,164.11
3,Medium,17,1,0,126.34,161.29,3,138.65
20,Low,37,1,0,117.67,147.73,4,123.97
13,High,20,0,0,160.09,182.92,30,165.45
23,Low,18,1,0,124.09,143.84,7,127.42
14,High,28,0,1,117.31,129.15,14,130.04
15,High,33,0,0,168.43,150.66,19,158.09
21,Low,24,1,0,174.06,170.97,10,156.05
15,Low,30,1,0,138.44,168.03,24,139.29
7,High,14,0,0,157.68,155.79,39,158.12
12,Low,26,1,0,161.88,158.16,20,146.65
5,Low,13,1,1,127.87,159.42,3,135.45
8,High,15,0,1,150.21,149.34,44,154.77
16,Low,27,1,0,165.96,130.39,26,140.78
3,High,17,0,0,185.86,135.26,3,161.94
16,High,12,0,0,148.51,172.08,68,162.78
14,High,16,0,1,170.95,177.65,25,171.1
7,Low,32,1,0,155.13,150.71,8,140.57
1,Low,27,1,0,171.57,146.4,3,144.54
16,High,22,0,0,178.12,164.5,46,171.18
19,High,38,0,0,157.44,126.42,27,144.57
17,Medium,22,1,0,119.89,162.02,31,140.0
10,Low,35,1,0,185.03,155.49,15,153.97
15,Low,21,1,0,163.08,153.73,33,151.99
9,Medium,12,1,0,163.05,125.09,46,150.88
8,Medium,14,1,0,155.76,186.29,40,163.28
7,Medium,19,1,0,128.92,136.27,22,133.09
5,High,17,0,0,153.89,132.34,3,147.73
23,High,16,0,0,157.95,150.08,3,155.69
15,High,22,0,0,145.7,175.62,33,159.83
4,Low,38,1,0,126.93,174.72,9,131.75
20,Medium,17,1,0,175.98,158.27,18,162.34
3,Low,18,1,0,151.53,160.7,9,144.58
14,High,38,0,0,171.05,154.59,16,157.72
3,High,17,0,0,118.76,126.64,3,131.9
8,Low,34,1,0,155.35,143.06,18,140.69
15,High,28,0,0,120.9,150.28,26,139.75
23,Low,37,1,0,173.68,161.04,3,148.42
23,Medium,27,0,0,161.48,167.84,4,154.65
21,Low,28,1,0,151.11,189.2,3,148.53
5,Low,18,1,0,192.83,157.98,3,158.77
2,Medium,27,0,0,141.08,168.67,3,144.27
21,High,30,0,0,148.83,187.44,12,158.74
22,Low,38,1,0,174.0,143.11,3,144.12
6,High,14,0,0,157.0,154.49,22,158.05
0,Low,16,1,0,167.68,171.86,3,153.53
15,High,12,0,0,193.1,161.74,50,180.97
1,Medium,33,0,0,170.65,183.06,10,158.48
0,High,14,0,0,127.06,161.8,3,146.07
22,Medium,36,0,0,131.75,184.95,3,144.27
11,High,21,0,0,184.59,134.66,40,163.51
2,Medium,19,0,0,118.84,177.23,3,141.65
15,Low,38,1,0,155.73,138.86,24,140.44
8,Low,31,1,0,187.48,128.19,10,148.46
12,Medium,26,0,1,177.1,132.26,16,149.08
21,High,36,0,0,124.25,162.75,7,140.01
5,Low,32,1,0,174.24,143.9,3,142.63
15,Low,29,1,0,145.57,134.36,18,134.99
19,High,20,0,0,187.1,165.89,44,176.57
10,Low,38,1,0,160.82,156.72,10,143.69
23,Medium,31,0,0,158.9,149.73,3,145.75
10,Medium,37,1,0,115.7,159.82,25,132.7
11,Low,38,1,0,134.97,180.99,18,140.05
21,Low,26,1,0,148.02,172.1,4,142.81
15,Low,21,1,0,172.91,157.19,22,154.3
20,High,37,0,0,156.6,178.47,20,157.4
18,Medium,38,1,0,183.2,181.07,16,169.47
17,Medium,15,1,0,117.75,149.46,54,140.84
5,Medium,29,0,0,140.83,134.74,3,133.76
9,High,28,0,0,162.81,132.48,43,151.65
20,Low,32,1,0,167.7,166.53,14,150.02
14,High,38,0,1,155.19,185.86,6,158.85
6,Low,18,1,0,146.91,127.51,10,132.53
7,High,38,0,0,120.72,157.32,18,137.79
18,High,29,0,0,170.7,137.63,31,159.13
4,High,14,0,0,187.3,159.55,3,168.85
2,Low,25,1,0,179.71,180.68,3,157.57
18,Medium,15,1,0,171.1,176.15,41,169.7
6,Medium,37,0,0,165.73,188.13,12,158.71
18,Medium,32,1,0,176.76,156.49,25,158.89
12,Medium,36,0,0,177.14,168.12,20,160.42
23,Low,28,1,0,115.56,183.4,3,132.39
12,Low,22,1,0,143.63,170.35,13,144.76
20,Medium,23,0,0,184.44,187.67,18,171.91
20,Low,37,1,1,183.06,140.96,8,146.32
5,Medium,16,0,0,171.8,133.77,3,151.04
23,Low,35,1,0,139.73,134.69,7,126.74
17,High,23,0,0,178.83,180.41,54,177.23
2,Low,27,1,0,133.52,128.43,3,121.89
0,Low,30,1,0,132.93,177.64,3,139.17
6,High,14,0,0,157.86,155.17,12,157.24
0,High,16,0,0,160.71,169.93,3,160.08
8,Medium,16,1,0,143.11,173.46,38,152.9
23,Medium,33,0,0,163.3,152.59,7,148.86
11,Medium,14,1,0,171.73,134.5,28,153.92
0,Medium,28,0,1,129.42,165.1,3,139.82
11,High,14,0,0,138.09,187.17,40,161.11
5,Low,32,1,0,170.99,126.66,3,136.44
20,High,38,0,0,189.18,139.75,13,162.55
2,Medium,23,0,0,185.76,181.84,8,167.18
18,Medium,17,1,0,125.37,129.54,46,138.05
10,High,24,0,0,160.58,125.66,38,149.78
0,Medium,30,0,0,179.01,182.06,3,161.82
16,Medium,31,1,0,133.99,174.93,18,144.31
10,Low,29,1,0,166.46,141.5,15,144.41
18,High,27,0,0,149.21,187.82,40,167.63
14,High,29,0,0,168.02,171.31,28,163.22
18,Medium,17,1,0,117.57,132.74,50,135.05
11,Medium,17,1,0,140.04,154.93,25,145.69
0,Medium,37,0,0,139.59,181.23,3,147.87
3,Low,27,1,0,148.49,168.4,6,142.76
11,Low,35,1,1,124.16,163.08,8,127.23
9,Medium,28,1,0,149.93,152.1,17,144.94
19,Low,24,1,1,158.32,141.12,24,142.29
9,Medium,27,1,0,117.13,164.88,22,136.78
20,High,30,0,0,139.07,135.0,11,139.35
4,High,17,0,1,129.18,177.64,3,150.58
9,Medium,24,1,0,192.77,138.62,32,160.79
18,Low,31,1,0,125.42,132.84,25,125.51
2,Medium,14,1,0,165.19,129.68,3,143.13
7,Medium,13,1,0,147.15,177.97,27,157.19
18,High,16,0,1,137.99,155.41,54,154.55
14,Low,27,1,0,183.33,150.91,8,154.82
18,High,18,0,0,168.13,158.88,60,169.95
12,Low,23,1,0,164.62,163.18,17,148.11
20,High,15,0,0,122.49,182.25,28,153.03
21,Low,18,1,0,135.72,147.35,11,135.25
23,Low,12,1,0,137.12,137.16,11,133.31
2,Low,33,1,0,149.75,181.49,3,144.2
14,Low,24,1,0,188.72,156.24,30,156.88
2,Low,16,1,0,147.29,162.67,3,144.05
5,Medium,26,0,0,141.24,135.28,3,135.67
7,Low,37,1,0,120.67,181.04,6,135.98
15,High,34,0,0,145.8,185.99,21,159.02
10,Low,35,1,0,119.19,154.09,18,127.56
20,High,22,0,0,144.22,126.31,28,143.12
7,High,21,0,0,192.42,126.76,24,162.55
14,Low,20,1,0,159.48,144.65,23,144.58
18,High,20,0,0,131.71,156.97,61,154.44
23,Medium,36,0,0,138.94,153.13,8,136.96
5,Low,15,1,0,160.69,161.98,6,150.71
17,Medium,34,1,0,116.54,141.73,27,129.65
2,Medium,36,0,0,186.97,138.63,4,153.74
13,High,34,0,0,161.25,188.32,21,161.61
9,High,28,0,0,154.38,143.24,38,151.0
23,Low,35,1,1,172.3,186.52,3,155.17
18,High,12,0,0,131.02,162.15,81,157.5
22,Low,34,1,1,116.73,129.55,10,115.01
20,Low,25,1,0,164.22,163.68,15,150.46
9,High,37,0,0,127.8,189.06,34,150.77
17,Medium,14,1,0,115.98,179.58,50,149.74
0,Low,37,1,0,189.31,144.73,7,148.12
13,Low,27,1,1,178.07,131.21,13,144.36
1,Low,14,1,0,124.14,154.93,3,132.75
17,Medium,25,1,0,186.71,131.42,35,158.62
23,Low,13,1,1,120.41,144.35,3,126.27
16,Medium,14,1,0,179.24,184.68,44,175.53
20,High,26,0,0,148.16,167.48,21,154.98
5,Medium,34,0,0,156.45,175.92,3,150.4
23,Low,14,1,0,168.47,160.14,3,151.61
13,High,19,0,0,122.9,135.93,36,138.67
16,High,22,0,0,187.62,134.78,49,166.33
18,High,26,0,0,126.49,174.77,48,154.22
15,High,12,0,0,190.33,152.91,50,174.58
7,High,29,0,0,122.32,157.5,23,141.3
14,Low,25,1,0,128.76,136.63,17,129.29
15,Medium,37,1,0,119.6,148.51,14,128.54
20,High,20,0,0,146.82,133.59,25,147.6
11,High,25,0,0,162.27,138.29,33,154.33
12,Medium,14,1,0,165.01,182.78,24,164.73
12,Low,36,1,0,181.28,171.58,11,156.29
2,Medium,34,0,0,157.27,180.38,3,151.93
2,Low,21,1,0,155.81,181.82,3,150.25
0,Medium,24,0,0,141.09,163.32,6,143.88
15,High,35,0,0,167.09,144.77,19,156.17
10,Medium,19,1,0,187.68,157.02,36,166.68
20,Medium,18,1,0,143.42,126.23,23,137.43
16,Medium,18,1,0,143.51,178.13,39,155.37
3,Low,31,1,0,142.47,177.17,3,137.59
2,Low,17,1,0,133.19,158.04,3,136.83
8,Medium,14,1,0,160.34,149.54,40,154.88
22,Low,16,1,0,123.45,136.22,3,123.97
1,Low,38,1,0,181.78,129.91,3,142.3
4,Medium,35,0,0,126.02,146.12,3,131.87
0,Low,37,1,0,128.91,185.94,4,134.06
9,Medium,19,1,0,120.49,129.47,33,129.58
23,Low,23,1,0,145.51,186.69,3,150.2
16,Medium,25,1,0,175.61,159.36,31,160.71
11,Low,26,1,0,187.81,153.66,18,158.88
3,High,12,0,0,149.74,132.99,3,148.14
8,High,28,0,0,133.81,129.64,30,139.47
12,Medium,13,1,0,173.05,160.39,32,160.9
6,Low,19,1,0,170.05,163.91,13,152.29
16,Medium,19,1,0,169.53,153.22,32,157.0
23,Low,30,1,0,150.47,143.68,5,134.1
4,Low,36,1,0,160.22,125.86,5,130.99
6,Medium,30,0,0,119.96,142.33,3,127.14
3,Medium,23,0,0,135.0,171.46,3,143.04
17,High,26,0,0,189.16,164.39,54,175.68
11,High,25,0,0,118.34,135.28,21,134.76
6,High,15,0,0,139.13,176.57,17,156.51
5,Low,37,1,0,133.13,134.65,3,123.65
1,Medium,36,0,0,125.42,176.71,3,141.57
11,Medium,18,1,0,188.95,158.32,32,163.73
16,High,15,0,0,125.07,171.6,67,157.72
5,Medium,16,0,0,154.15,130.4,3,141.92
0,Medium,28,0,0,182.16,173.16,3,162.04
11,Medium,12,1,0,115.31,171.89,37,143.35
16,Medium,14,1,0,123.68,136.39,47,139.13
8,Medium,29,1,0,142.35,133.94,20,133.85
6,Medium,15,1,0,126.8,173.67,15,144.66
3,Low,13,1,0,129.61,152.05,4,133.93
17,Medium,12,1,0,162.29,167.1,53,166.28
20,Low,31,1,0,128.65,125.59,8,121.52
18,High,21,0,0,166.11,136.94,59,157.92
12,High,19,0,0,188.24,173.49,19,175.46
17,Low,29,1,0,133.35,137.93,27,133.06
9,High,16,0,0,131.98,130.22,56,146.03
0,Medium,26,0,0,115.91,136.38,3,126.65
8,Medium,25,1,0,116.17,179.11,19,139.45
16,High,30,0,0,146.73,147.52,34,151.22
15,Low,28,1,0,154.12,159.45,19,144.83
23,Low,30,1,0,129.62,162.54,3,131.61
23,Low,17,1,0,140.84,149.22,7,135.86
5,Medium,15,1,1,126.22,131.09,4,129.07
0,Low,26,1,0,169.5,141.69,3,142.81
6,Medium,13,1,0,146.44,135.26,13,142.48
21,Medium,24,0,0,173.75,184.12,9,162.61
19,Low,28,1,0,159.03,173.11,19,152.83
2,Medium,34,0,0,145.18,178.5,8,147.27
3,Low,29,1,0,165.11,177.8,3,150.14
13,High,38,0,0,115.57,125.14,16,124.77
15,Medium,27,1,0,170.23,173.69,19,160.91
23,Medium,24,0,0,144.68,156.33,7,144.81
18,Medium,18,1,0,156.09,175.35,43,161.22
5,Medium,30,0,0,156.87,187.39,3,156.36
0,Medium,33,0,0,159.67,148.25,5,144.9
15,High,20,0,0,171.19,164.31,32,167.85
13,High,14,0,0,123.85,144.8,34,141.36
22,Medium,12,1,0,154.12,183.1,3,157.1
13,Low,29,1,0,121.65,141.51,3,122.86
12,High,29,0,0,133.73,147.83,17,141.22
7,Medium,15,1,1,130.14,182.72,14,150.76
2,Low,12,1,0,162.9,131.56,3,142.44
21,Medium,29,0,0,163.49,157.11,21,152.21
19,Low,22,1,0,181.47,162.78,32,159.74
3,Medium,23,0,0,156.75,162.64,3,150.3
16,High,19,0,0,174.57,132.8,53,160.95
8,High,31,0,0,186.13,127.57,21,157.25
10,High,32,0,0,125.68,152.08,26,141.76
20,High,13,0,0,172.68,154.5,32,166.26
20,High,14,0,0,141.23,186.27,24,162.67
4,Medium,26,0,0,137.25,174.12,9,146.26
7,High,28,0,1,192.04,163.91,16,168.4
19,Medium,15,1,0,131.52,138.66,34,139.63
22,Low,16,1,0,188.16,183.59,7,166.31
1,Medium,30,0,0,180.9,137.58,3,152.38
20,Low,24,1,0,185.29,186.58,11,166.84
11,High,15,0,0,161.88,186.49,48,173.66
14,Low,28,1,0,161.78,188.56,12,153.53
1,High,13,0,0,147.21,143.4,3,150.05
16,Medium,18,1,0,147.07,133.94,39,144.29
16,Medium,31,1,0,183.05,165.87,20,162.94
15,High,18,0,0,146.02,152.48,39,152.64
18,High,13,0,0,153.94,150.25,87,164.86
22,Medium,37,0,0,194.71,161.16,3,161.22
20,High,18,0,0,143.35,169.82,25,158.35
17,High,25,0,1,180.81,146.59,44,165.73
23,Low,34,1,0,137.18,146.78,3,127.96
16,High,38,0,0,117.01,164.67,35,142.19
16,Low,33,1,0,162.47,129.64,20,140.27
13,High,21,0,0,153.35,170.5,26,158.99
18,High,35,0,0,177.93,176.94,37,172.79
1,High,12,0,0,115.33,182.18,3,146.5
12,Low,20,1,0,120.64,174.0,23,134.82
10,High,17,0,0,183.77,157.94,54,169.77
21,Medium,26,0,0,153.47,181.8,13,156.54
1,Medium,36,0,0,155.51,156.91,3,147.58
15,Low,32,1,0,133.01,176.16,14,140.05
4,Medium,38,0,1,189.07,129.13,3,150.9
21,High,15,0,0,188.15,171.09,24,175.49
20,Low,32,1,1,156.34,130.47,3,135.12
5,Low,31,1,0,132.43,126.8,3,122.87
20,Medium,24,0,0,193.62,157.65,27,165.78
11,Medium,14,1,0,186.4,132.76,25,158.76
23,Low,14,1,0,156.71,146.13,3,144.4
17,Medium,36,1,0,165.11,175.33,33,161.77
0,High,19,0,1,150.17,160.77,3,153.38
4,Low,29,1,0,131.48,172.67,4,134.92
9,High,37,0,1,169.52,175.93,28,166.02
5,Medium,25,0,0,168.53,156.22,3,151.56
3,High,17,0,0,158.79,189.07,3,164.61
23,Low,25,1,0,180.16,138.14,7,147.62
20,Medium,18,1,0,151.15,130.52,16,143.24
10,High,16,0,0,183.87,145.7,61,170.78
5,Low,33,1,0,132.36,174.56,3,135.54
4,High,21,0,0,191.94,131.26,6,159.44
21,Low,30,1,0,131.41,155.34,8,130.33
7,Low,31,1,0,127.81,162.14,9,134.65
0,Low,26,1,0,163.27,177.52,3,149.28
9,Medium,26,1,0,122.45,179.98,28,143.54
10,Medium,16,1,0,128.43,140.53,29,139.48
14,Low,26,1,0,173.32,142.82,16,147.0
8,Low,32,1,0,139.65,169.46,12,140.32
22,Low,17,1,0,179.01,180.89,8,162.75
15,High,18,0,0,127.44,135.94,41,141.56
23,Low,30,1,1,145.82,171.97,6,139.7
8,High,38,0,0,145.9,140.45,23,142.4
15,Medium,22,1,0,153.43,136.74,19,142.05
8,Low,34,1,0,147.83,146.94,13,137.04
16,Medium,16,1,0,145.94,176.65,50,159.76
17,Medium,27,1,0,141.28,173.27,46,151.9
7,Low,37,1,0,116.21,156.12,21,126.05
22,Low,23,1,0,164.33,171.42,3,150.81
20,Medium,25,0,0,152.88,151.38,15,147.93
21,High,16,0,0,144.86,138.68,11,145.42
5,Low,26,1,0,131.91,179.8,4,139.62
17,High,27,0,0,186.31,128.5,55,163.67
2,Low,38,1,0,134.03,183.57,4,139.18
2,Low,17,1,0,188.67,176.28,3,162.52
23,Low,21,1,0,132.38,172.03,3,140.3
3,Low,29,1,0,192.71,161.99,3,155.64
20,High,37,0,0,148.59,177.65,16,158.24
10,High,18,0,0,157.62,126.83,53,149.19
7,Medium,30,0,0,138.9,163.42,15,143.25
1,Low,35,1,0,190.13,141.97,3,150.53
16,High,29,0,0,137.61,166.55,35,152.37
17,Medium,23,1,0,173.42,168.86,39,162.22
11,High,18,0,0,116.64,138.96,35,136.35
19,High,19,0,0,159.7,135.06,48,156.18
7,Medium,13,1,0,174.33,163.18,24,164.38
13,High,16,0,0,152.67,186.14,27,165.63
6,Medium,23,0,0,166.47,168.12,17,159.16
13,High,15,0,0,176.44,156.47,39,167.72
3,High,12,0,0,155.02,185.81,3,165.37
11,Low,30,1,0,132.45,178.23,15,140.63
13,Medium,13,1,0,146.74,172.63,27,155.46
13,Medium,15,1,0,173.46,153.43,23,157.97
10,High,28,0,1,136.69,156.94,31,145.88
15,Low,36,1,0,165.56,142.2,16,141.3
12,High,31,0,0,126.86,178.1,19,147.75
6,High,12,0,0,189.42,143.5,28,167.79
5,Low,16,1,0,163.24,170.74,7,153.49
15,Low,31,1,0,152.46,181.87,15,150.23
22,Low,31,1,0,179.92,160.89,8,151.19
18,High,22,0,0,178.77,135.17,51,164.01
15,Medium,37,1,0,122.79,126.62,15,123.91
22,Medium,35,0,0,139.57,168.76,8,144.06
21,Low,32,1,0,151.69,139.6,13,135.05
12,Low,32,1,0,142.24,127.54,8,130.31
2,Low,33,1,0,140.38,147.31,3,129.69
15,High,16,0,0,143.18,162.84,44,156.14
14,Medium,30,0,0,126.36,160.85,18,137.01
6,Low,37,1,0,124.55,135.88,3,121.65
20,Medium,18,1,0,135.82,164.26,22,147.01
20,Medium,12,1,0,120.61,151.7,18,139.7
7,Low,21,1,0,155.82,156.05,24,147.64
11,High,19,0,0,127.25,181.84,42,154.79
4,Low,37,1,0,120.41,130.1,3,115.9
4,Low,24,1,0,181.97,159.31,3,153.51
6,Medium,29,0,0,162.0,136.29,10,141.33
8,Low,38,1,0,186.87,136.88,16,149.56
6,Medium,33,0,0,193.67,164.68,8,164.09
3,Low,32,1,0,162.48,168.53,3,146.18
10,High,38,0,0,178.68,164.4,23,166.33
14,Low,30,1,1,127.76,185.03,18,137.83
7,Medium,18,1,0,170.87,176.65,18,162.25
12,Low,31,1,0,158.96,137.91,15,137.53
6,Low,20,1,0,169.11,166.33,6,153.48
16,Low,20,1,0,123.38,165.32,36,140.66
15,High,29,0,0,189.87,167.02,27,170.95
23,Low,20,1,1,148.4,152.89,4,138.51
1,Medium,12,1,0,177.06,186.6,3,167.15
20,Low,38,1,0,194.25,155.14,9,156.16
8,Medium,27,1,0,184.86,176.31,20,164.0
1,Low,30,1,0,139.94,156.29,3,132.16
16,Medium,33,1,0,147.16,176.18,23,153.64
4,Medium,29,0,1,166.89,150.72,9,149.83
4,Medium,28,0,0,158.04,125.05,3,138.87
23,Medium,33,0,1,147.82,157.49,6,143.29
5,Low,19,1,0,167.27,160.62,6,151.13
13,Low,34,1,0,187.76,132.51,9,147.41
4,Low,31,1,0,139.76,168.24,3,133.6
2,High,16,0,0,125.27,180.49,3,153.4
0,Medium,15,1,0,169.06,181.44,5,162.19
0,Medium,35,0,0,162.17,149.5,10,146.16
11,Low,36,1,0,187.45,151.65,10,155.37
10,High,38,0,0,174.41,180.8,32,169.38
0,Low,14,1,0,146.77,189.89,3,155.46
8,High,36,0,0,165.67,128.42,24,148.62
6,High,35,0,0,183.99,129.02,4,155.19
13,Medium,32,0,0,142.8,128.53,13,134.31
23,Low,25,1,0,116.11,155.06,6,125.37
16,High,25,0,0,165.11,176.0,47,167.24
22,Medium,23,0,0,117.07,131.09,3,125.25
4,High,12,0,0,190.0,169.78,4,176.68
5,Low,25,1,0,128.46,136.13,3,125.33
18,High,18,0,0,144.94,127.14,63,150.69
7,Medium,17,1,0,190.7,163.71,24,165.73
20,Medium,13,1,0,121.39,163.6,32,140.45
11,Low,24,1,0,115.35,143.41,17,123.83
4,High,13,0,0,123.29,145.95,3,140.39
20,Low,34,1,0,193.88,148.01,4,154.89
13,Low,36,1,0,192.74,185.4,13,165.52
19,High,33,0,0,145.77,181.31,24,160.3
10,Medium,20,1,0,174.43,159.29,39,162.33
3,Medium,16,0,0,173.87,187.62,3,168.5
16,Low,25,1,0,122.99,162.81,28,135.59
2,Low,30,1,0,133.81,131.6,3,123.94
15,Medium,12,1,0,186.12,156.67,36,167.97
10,High,35,0,0,128.26,183.14,30,151.95
18,High,23,0,0,156.67,168.07,49,166.22
20,High,34,0,1,134.53,186.92,12,152.14
9,Medium,14,1,0,159.61,159.51,44,159.58
21,Low,23,1,0,130.72,184.27,9,140.18
2,Low,24,1,0,132.26,174.83,6,138.85
2,High,13,0,1,118.74,178.48,3,146.94
23,Medium,31,0,0,194.21,189.44,8,171.53
13,High,37,0,0,124.05,144.65,17,136.41
10,Medium,26,1,0,148.25,165.82,22,148.77
3,Medium,22,0,0,148.4,141.67,5,141.05
6,Low,29,1,0,139.29,180.5,5,140.41
16,Medium,21,1,0,178.52,163.08,26,164.89
19,High,21,0,0,142.02,136.43,28,148.71
21,Medium,32,0,0,165.04,152.38,3,151.7
9,Low,27,1,0,158.44,136.81,24,140.39
10,Medium,19,1,0,184.12,154.77,34,161.56
3,Medium,23,0,0,180.56,130.04,4,151.32
1,Low,34,1,0,132.44,187.74,3,137.27
10,High,26,0,0,175.01,163.78,29,167.85
13,High,14,0,0,178.41,189.39,31,179.07
2,Low,35,1,0,188.53,136.29,3,145.15
9,High,31,0,1,192.06,149.99,33,164.64
15,High,19,0,0,173.96,185.53,42,174.18
19,High,38,0,0,150.99,169.98,20,158.32
22,Low,37,1,0,138.44,129.55,3,123.75
8,Low,38,1,0,184.17,182.41,21,163.55
9,Medium,22,1,0,188.24,137.27,33,160.16
20,High,36,0,0,122.8,142.02,8,134.68
16,High,33,0,0,159.35,172.56,34,163.68
6,High,35,0,0,125.34,171.19,11,144.73
16,High,26,0,1,135.13,167.94,32,152.84
3,High,19,0,0,145.66,125.35,3,141.7
10,Medium,18,1,0,139.89,141.21,39,141.49
7,High,38,0,1,172.28,147.42,6,157.57
23,Medium,25,0,0,121.32,151.02,3,131.38
0,Low,37,1,0,164.1,129.81,3,134.11
20,Medium,26,0,0,161.51,168.9,22,157.98
6,Medium,26,0,0,177.98,182.93,6,164.97
0,Medium,13,1,0,122.73,189.33,3,146.71
15,Medium,22,1,0,141.61,176.87,23,149.91
16,High,27,0,0,170.77,138.17,39,157.65
3,High,14,0,0,171.93,158.23,3,166.41
0,Low,16,1,0,150.97,184.52,3,151.23
2,Low,27,1,0,151.94,129.33,3,132.41
9,High,18,0,1,192.2,139.84,50,168.31
3,Low,30,1,0,141.1,142.21,3,127.9
16,Medium,24,1,1,127.01,164.62,28,141.25
1,Medium,22,0,0,191.23,186.85,3,173.32
18,Medium,15,1,0,179.77,156.37,48,164.73
20,Low,22,1,0,133.97,161.65,19,140.83
17,Medium,26,1,0,183.58,166.59,31,167.7
22,Low,27,1,0,135.18,180.35,3,139.4
22,High,19,0,0,181.2,143.61,10,160.29
1,Medium,12,1,0,165.29,165.71,3,156.8
8,Low,37,1,0,153.61,185.14,17,152.55
18,Medium,37,1,0,189.25,186.03,29,171.48
8,High,36,0,0,179.75,149.87,27,161.68
17,Medium,19,1,0,125.39,132.27,40,138.03
18,High,28,0,1,171.45,185.09,37,170.02
23,High,15,0,0,178.16,184.86,5,172.93
7,High,36,0,0,158.29,131.32,21,144.19
8,Medium,12,1,0,137.09,130.29,42,138.6
0,Low,24,1,0,133.76,137.03,3,127.43
6,Medium,35,0,0,192.93,167.05,6,165.75
6,Low,31,1,0,149.94,144.67,3,134.01
10,Low,35,1,0,156.51,140.61,31,137.66
10,High,25,0,0,162.85,176.98,27,164.36
20,Medium,14,1,0,123.05,140.85,15,135.93
18,High,12,0,0,121.5,187.43,84,161.79
17,Medium,16,1,0,130.85,153.5,54,145.35
0,High,13,0,0,120.23,152.47,3,140.93
11,Low,24,1,0,186.88,186.34,11,167.25
17,High,13,0,0,126.84,132.81,82,147.52
5,High,17,0,0,133.13,132.47,3,138.09
10,Medium,23,1,0,157.98,153.18,28,150.98
17,Low,31,1,0,186.7,163.16,28,160.95
19,High,30,0,0,118.92,158.02,30,140.69
20,High,13,0,0,132.28,187.07,31,160.41
10,Low,36,1,0,172.39,189.56,25,159.05
9,Low,26,1,0,156.53,127.66,31,137.22
9,High,21,0,0,162.56,135.76,45,156.73
16,Medium,22,1,0,116.36,160.99,31,141.69
10,Medium,34,0,0,184.34,186.76,24,168.74
9,High,24,0,1,161.3,143.19,35,153.68
4,Low,18,1,0,181.75,148.86,4,153.9
11,Low,23,1,0,192.1,140.02,13,153.46
5,Medium,13,1,0,173.57,187.88,3,167.17
12,High,16,0,0,117.48,135.0,28,138.77
21,Medium,20,0,0,171.92,161.7,20,158.71
18,Medium,17,1,0,160.08,126.49,48,149.36
11,Low,21,1,1,123.28,164.11,26,133.22
23,Medium,13,1,0,136.63,150.51,5,141.93
23,Medium,28,0,0,128.51,161.77,3,135.25
10,Medium,15,1,0,188.99,130.22,30,158.76
18,Medium,17,1,0,178.62,130.92,43,156.75
8,Low,38,1,0,171.07,131.0,15,141.49
21,High,12,0,0,176.07,179.29,7,175.85
8,High,19,0,0,163.1,172.07,41,167.09
6,Low,25,1,0,183.42,133.34,5,146.9
3,Medium,20,0,0,133.29,145.54,3,138.09
20,Medium,20,1,0,135.04,153.37,18,141.52
7,High,15,0,0,162.34,131.41,35,155.75
19,Medium,23,1,0,179.81,179.6,21,169.46
2,Medium,32,0,0,181.86,148.59,3,152.32
12,Medium,27,0,0,193.1,168.58,24,169.4
10,High,36,0,0,175.98,166.73,26,165.76
10,High,30,0,1,133.62,184.43,27,153.41
4,Low,33,1,0,133.45,173.23,3,133.08
1,Low,23,1,0,150.65,127.24,3,131.41
8,Low,28,1,0,167.01,135.08,23,142.29
11,Low,27,1,0,156.04,153.92,15,142.24
19,High,33,0,1,120.4,131.05,19,134.03
11,Low,25,1,0,153.55,150.47,16,139.94
5,Low,22,1,0,180.37,188.53,3,166.09
6,High,13,0,0,134.23,138.36,22,142.99
14,Low,35,1,0,165.8,170.81,11,151.1
10,Medium,23,1,0,136.58,141.9,33,139.09
21,Medium,33,0,0,159.45,127.22,16,141.39
10,Medium,30,0,1,171.08,131.4,19,149.79
13,Medium,12,1,0,131.58,131.75,29,135.92
1,Low,29,1,0,174.16,144.44,3,143.67
4,Medium,25,0,0,169.12,187.44,3,162.09
20,Medium,18,1,0,140.02,165.34,19,146.83
8,Medium,19,1,0,186.6,132.99,37,157.76
10,Low,29,1,0,177.44,129.57,22,144.7
14,Medium,14,1,0,156.69,188.1,24,163.05
1,Low,28,1,0,121.61,136.14,3,119.91
12,High,34,0,0,150.25,142.58,11,146.2
8,Medium,14,1,0,141.39,179.71,35,156.65
3,High,12,0,0,136.0,161.07,7,149.47
10,Medium,13,1,0,166.49,139.73,45,155.32
10,Low,31,1,0,188.74,168.19,16,162.19
4,Low,34,1,0,126.72,149.15,3,124.04
13,High,38,0,0,174.33,162.8,20,161.82
17,High,12,0,0,164.74,131.29,84,162.99
6,Low,25,1,0,168.36,182.21,3,156.15
23,Low,13,1,0,182.61,163.71,18,160.8
14,Low,22,1,0,145.04,125.28,19,133.51
18,High,20,0,0,161.36,161.34,69,166.46
1,Medium,28,0,1,137.15,148.53,3,134.6
18,Medium,36,1,1,137.74,183.86,16,150.43
8,Low,33,1,0,156.06,134.01,19,138.59
17,High,13,1,0,115.58,146.69,49,142.72
19,Medium,18,1,0,134.85,174.7,33,152.04
6,High,19,0,0,127.13,139.64,11,140.14
6,High,18,0,0,124.59,145.36,15,141.06
1,Low,21,1,0,145.77,175.13,3,145.78
14,Low,28,1,0,123.35,171.3,16,134.58
18,High,31,0,0,127.34,148.38,30,143.71
9,High,37,0,0,168.5,155.38,28,161.81
3,Medium,30,0,0,167.11,160.9,3,154.06
7,Low,20,1,0,190.6,182.72,22,169.79
9,Medium,16,1,0,188.62,168.0,42,171.77
21,High,22,0,0,184.92,163.51,7,167.53
2,Low,33,1,0,170.28,177.71,7,151.73
8,High,38,0,0,136.33,144.78,28,142.72
15,Medium,22,1,0,129.25,153.86,24,141.03
5,Low,16,1,0,190.95,169.63,3,164.01
21,High,12,0,0,191.77,151.25,15,172.35
21,Low,14,1,0,155.35,156.14,8,147.03
9,High,29,0,0,158.87,135.42,39,147.42
17,High,27,0,0,115.43,164.65,47,147.26
18,High,29,0,0,126.89,166.62,35,149.55
16,Medium,12,1,0,158.68,180.65,52,167.34
4,Low,23,1,0,129.54,130.55,3,123.64
1,Low,16,1,0,153.3,183.47,3,154.23
8,Medium,21,1,0,178.59,130.59,38,152.34
3,Medium,28,0,0,179.06,173.44,3,160.96
7,Low,19,1,0,183.93,163.29,17,159.89
15,Low,29,1,0,133.86,151.39,17,131.93
14,High,19,0,1,149.55,185.03,27,163.21
5,Low,25,1,0,165.15,154.68,3,145.94
0,Medium,24,0,0,161.49,126.61,3,142.14
5,Low,22,1,0,194.93,158.84,3,162.15
10,Medium,15,1,0,137.1,159.61,33,146.64
18,Medium,27,1,0,120.71,173.38,29,141.33
8,High,38,0,0,146.03,148.29,22,146.26
6,Low,29,1,0,156.44,129.81,3,133.15
13,Low,32,1,1,145.98,147.72,8,135.47
1,Low,33,1,0,140.55,164.17,3,135.74
5,Low,13,1,0,135.58,160.41,3,139.29
0,Low,33,1,0,149.2,180.05,5,145.59
12,Medium,18,1,0,170.14,142.56,16,152.22
10,High,29,0,0,126.91,162.0,29,143.24
13,High,38,0,0,184.24,188.41,16,174.4
14,High,36,0,0,166.29,145.39,10,154.36
9,High,23,0,0,123.59,153.35,40,144.51
20,Low,34,1,0,116.88,189.62,11,138.78
22,Low,28,1,0,119.11,134.39,3,119.09
2,Medium,15,1,0,122.23,162.28,3,138.25
22,Low,18,1,0,166.48,149.07,6,145.66
4,Medium,37,0,0,190.27,128.0,3,150.31
5,Medium,36,0,0,125.66,174.45,4,138.96
12,High,36,0,1,137.75,137.92,16,139.33
0,Low,22,1,0,184.27,182.98,6,161.25
8,High,20,0,0,155.45,152.16,44,157.12
4,Low,33,1,0,149.17,134.4,3,129.86
11,Medium,12,1,0,152.86,140.99,30,148.46
19,High,36,0,0,123.09,179.14,21,148.37
22,Low,28,1,0,132.57,149.3,8,128.92
5,Low,29,1,0,191.96,141.66,7,148.79
13,Low,23,1,0,166.47,141.18,16,144.3
11,Medium,38,0,0,137.9,162.91,26,143.96
9,High,32,0,0,190.76,141.69,35,164.66
15,Medium,13,1,0,146.8,185.8,35,160.99
23,Low,26,1,0,126.27,128.21,6,123.01
9,Low,35,1,1,192.23,135.13,22,149.44
1,High,14,0,0,168.27,152.88,3,159.99
21,Medium,31,0,0,175.23,138.54,9,148.46
22,High,18,0,0,116.8,175.61,11,145.89
7,Low,25,1,0,137.65,184.58,9,145.92
12,High,35,0,0,190.63,164.01,25,167.2
20,Low,25,1,0,127.44,180.51,20,140.97
12,Medium,13,1,1,184.88,177.04,25,170.92
11,High,12,0,0,176.64,135.31,47,163.68
22,Low,31,1,0,145.28,130.08,3,127.17
19,High,37,0,0,185.94,165.89,21,171.26
12,High,19,0,0,188.82,188.86,28,179.74
3,Low,37,1,0,184.35,179.07,4,158.64
10,High,24,0,0,147.6,165.06,41,156.85
16,Medium,13,1,0,161.97,132.21,53,152.34
6,Low,26,1,0,139.49,175.68,7,139.86
12,Low,38,1,0,125.4,169.39,10,133.4
15,High,18,0,1,187.17,185.7,34,178.53
2,Low,37,1,0,193.49,171.11,3,157.49
13,Medium,29,0,0,119.69,131.73,24,126.52
17,Medium,22,1,0,170.02,164.6,39,162.86
5,Medium,30,0,0,190.94,151.24,3,157.22
13,Low,22,1,0,163.63,152.39,21,146.89
17,High,14,0,0,118.77,166.14,74,153.18
1,Low,35,1,0,116.19,183.48,3,130.86
15,High,22,0,0,155.33,174.39,35,162.72
6,Low,27,1,0,190.2,126.45,12,147.33
9,Medium,32,1,0,137.31,134.55,21,133.8
15,High,14,0,0,143.03,148.61,34,154.41
0,Medium,31,0,0,178.68,169.5,3,158.79
0,Medium,21,0,0,179.13,166.22,3,163.06
10,High,26,0,0,190.49,157.74,44,171.58
22,Low,24,1,0,182.09,152.96,11,151.56
0,Low,32,1,0,162.51,176.32,3,147.14
18,Medium,17,1,0,190.1,131.22,43,163.57
1,High,14,0,0,164.15,163.68,3,161.39
11,High,23,0,1,163.13,177.55,26,162.52
10,Medium,15,1,0,116.24,142.71,34,135.2
11,High,18,0,1,151.44,138.15,29,149.33
1,Medium,29,0,0,118.44,168.77,3,132.48
18,High,34,0,0,186.9,136.42,38,164.14
6,Low,30,1,0,115.84,156.73,3,125.6
18,Medium,20,1,1,139.56,184.98,46,156.0
15,High,33,0,0,194.61,128.94,29,161.22
13,Low,22,1,0,178.61,184.09,28,163.33
7,Medium,16,1,0,175.61,137.37,25,153.64
15,Low,32,1,0,172.03,156.35,23,150.09
23,Low,25,1,0,119.1,133.59,7,121.1
22,Low,22,1,0,138.06,171.14,3,141.15
21,Low,29,1,0,178.88,189.86,5,160.51
5,Low,31,1,0,186.64,144.64,3,146.46
14,Medium,18,1,0,143.0,185.11,28,155.76
9,Medium,15,1,0,135.75,172.45,42,151.24
23,Medium,25,0,0,133.87,187.75,7,149.27
22,High,13,0,0,158.85,168.67,9,160.5
20,High,29,0,0,138.32,169.33,16,151.45
3,Medium,23,0,1,116.71,186.34,3,140.07
7,Medium,17,1,0,146.26,172.28,24,153.0
17,High,28,0,0,159.3,180.08,41,168.44
17,Medium,22,1,0,165.74,143.5,34,155.27
8,High,22,0,0,142.44,135.98,38,146.68
3,High,17,0,0,140.11,166.6,3,152.14
3,Medium,30,0,0,137.71,141.42,4,132.64
16,Medium,36,1,0,164.87,152.94,20,153.75
10,High,28,0,0,137.69,180.61,37,156.68
11,Medium,18,1,0,188.35,166.02,32,167.29
19,High,34,0,0,137.53,186.35,26,153.21
0,Low,15,1,0,178.27,148.06,5,153.31
18,Medium,19,1,0,140.58,143.24,41,143.73
6,Medium,12,1,1,165.78,138.89,5,150.32
22,Low,34,1,0,170.92,188.46,3,154.47
22,Medium,13,1,0,128.95,152.93,3,139.59
12,Medium,26,0,0,145.4,184.81,19,153.13
7,High,17,0,0,125.21,147.42,40,143.43
5,Low,17,1,0,155.85,143.7,3,139.25
4,Low,28,1,0,187.75,175.1,3,158.61
23,Low,33,1,0,162.7,165.17,3,144.77
4,High,12,0,0,171.13,159.1,3,165.23
10,High,16,0,0,137.64,153.61,53,152.03
11,High,19,0,0,152.46,155.32,39,156.74
16,High,37,0,0,174.26,179.24,37,170.17
20,Medium,13,1,0,125.5,134.95,29,135.91
13,Medium,16,1,0,124.74,128.32,23,131.35
18,Medium,22,1,0,132.95,125.39,38,137.24
13,High,20,0,0,133.94,157.18,26,146.69
10,High,13,0,0,191.99,178.17,60,183.01
3,Medium,26,0,0,127.69,168.61,3,140.23
5,Low,28,1,0,123.41,189.38,3,139.59
10,Medium,16,1,0,126.01,164.65,32,146.73
1,Medium,30,0,0,131.23,158.09,4,134.87
7,High,13,0,0,144.5,162.81,37,156.64
11,High,31,0,0,130.77,182.34,17,147.79
11,Medium,18,1,0,122.02,125.95,32,131.83
19,Medium,18,1,0,125.93,155.32,35,142.46
23,High,17,0,0,178.17,151.73,3,163.57
17,Medium,35,1,0,156.61,186.97,30,160.39
1,Low,25,1,0,174.67,137.17,3,143.15
9,Medium,30,1,0,129.14,126.66,20,129.97
17,High,17,0,1,139.41,166.06,56,157.83
14,High,13,0,0,193.58,165.63,42,176.97
10,Medium,13,1,0,121.85,145.76,40,138.15
10,Medium,23,1,0,150.09,160.08,31,149.66
9,High,20,0,0,138.66,163.78,44,155.38
13,High,32,0,0,115.59,147.95,11,133.53
4,Low,33,1,0,159.2,152.33,3,138.51
12,Low,20,1,0,159.0,134.22,16,140.11
4,Medium,23,0,0,140.64,175.12,3,148.57
16,High,22,0,0,152.78,150.3,51,157.78
20,Low,30,1,0,146.36,166.96,8,142.97
12,Low,28,1,0,152.14,152.73,10,139.56
9,Low,29,1,0,182.84,135.55,24,148.39
22,High,13,0,0,172.12,170.54,3,166.99
15,High,21,0,0,137.42,152.13,41,151.12
10,High,38,0,0,134.16,137.05,28,139.36
0,Medium,21,0,0,173.02,185.68,3,164.32
0,High,16,0,0,132.96,183.07,3,154.73
5,Low,17,1,0,187.61,172.27,4,164.53
5,Medium,12,1,0,181.63,162.44,3,162.22
17,High,33,0,0,135.2,165.64,43,153.28
12,Medium,12,1,0,179.12,148.41,17,159.7
23,Medium,28,0,0,130.31,142.09,5,132.39
12,Low,22,1,0,116.99,163.48,18,132.71
21,High,14,0,0,191.89,173.1,18,178.93
13,High,35,0,0,175.91,157.18,22,159.99
8,Low,32,1,0,154.12,183.21,12,151.6
17,High,34,0,0,182.46,150.25,31,166.9
10,High,37,0,0,121.07,149.47,26,138.82
6,Low,36,1,0,174.17,152.66,3,148.08
11,Low,30,1,0,191.51,170.77,25,160.42
15,High,26,0,1,180.49,126.78,28,156.92
9,High,30,0,0,149.53,148.0,34,150.14
16,Medium,24,1,0,142.7,173.29,34,153.6
23,High,16,0,0,186.39,161.06,13,170.07
9,High,22,0,1,138.32,145.14,36,146.81
7,High,24,0,1,190.0,167.69,18,172.09
9,Medium,13,1,0,140.59,183.57,47,157.24
20,Low,34,1,0,125.0,157.83,9,130.03
4,Low,36,1,0,133.87,173.05,3,134.7
23,Medium,23,0,0,156.56,137.9,3,142.81
9,High,25,0,0,125.49,155.74,43,141.63
20,High,34,0,0,145.4,143.93,20,144.6
18,High,24,0,0,187.47,189.53,46,182.97
18,High,30,0,0,122.51,139.22,37,140.21
21,Low,25,1,0,164.16,186.58,7,153.98
4,Low,19,1,0,147.3,151.57,3,138.53
14,Medium,33,0,0,166.8,157.39,20,153.37
2,Low,17,1,0,154.17,159.05,3,145.8
7,Medium,18,1,0,185.14,140.72,17,158.22
0,Low,30,1,0,147.2,140.53,3,131.55
16,Low,31,1,0,155.67,149.44,24,144.57
14,Medium,37,0,0,125.41,173.44,22,142.49
17,High,31,0,0,154.22,170.55,39,160.85
4,High,12,0,0,124.18,189.84,10,157.0
7,Low,34,1,0,161.65,130.74,17,134.31
16,Medium,23,1,0,149.19,174.35,34,156.59
19,High,12,0,0,177.67,137.67,56,167.45
21,High,27,0,0,148.48,158.22,15,151.62
1,Low,16,1,1,165.45,137.76,3,142.15
9,High,23,0,0,119.72,185.85,49,152.01
0,Medium,24,0,0,171.8,157.97,3,153.85
19,Medium,14,1,0,191.59,155.52,37,168.84
2,Low,34,1,0,150.82,144.98,3,133.68
19,Medium,25,0,0,115.79,154.18,35,136.23
3,Medium,38,0,1,163.29,132.2,3,139.7
0,Medium,24,0,0,126.61,169.47,3,139.27
21,Medium,28,0,0,152.44,162.09,12,149.63
10,High,33,0,0,117.6,131.47,24,130.64
10,High,17,0,0,150.42,131.65,50,151.13
15,Medium,36,1,0,184.96,144.04,17,155.42
6,High,16,0,0,125.83,155.75,17,145.24
16,High,38,0,0,154.87,139.47,37,150.64
10,Low,29,1,0,135.31,133.54,18,129.92
6,Low,26,1,0,135.88,131.26,11,127.41
9,High,17,0,0,166.46,144.83,58,163.14
0,Medium,27,0,0,174.86,165.92,3,156.73
7,High,26,0,0,184.86,169.09,22,168.63
14,Low,38,1,0,137.26,143.39,12,130.44
3,Medium,34,0,0,120.66,153.64,3,131.07
2,Low,25,1,0,150.38,165.85,9,142.8
15,High,22,0,0,161.77,148.4,41,157.17
10,Medium,22,1,1,174.17,188.61,21,167.3
3,Medium,22,0,1,175.49,170.03,4,159.92
17,High,12,0,0,184.09,162.6,85,179.28
18,High,12,0,0,117.49,157.36,80,151.12
0,Low,32,1,0,193.48,156.98,3,156.35
4,Low,18,1,0,192.35,143.96,3,156.24
8,High,23,0,0,117.84,130.02,41,135.49
17,Low,30,1,0,140.06,179.46,29,148.32
1,Low,28,1,0,176.24,183.85,3,158.64
19,Medium,21,1,0,153.28,188.34,36,162.75
7,Low,32,1,0,115.37,151.26,18,122.55
3,High,16,0,0,143.38,186.52,8,160.72
20,High,24,0,0,161.32,170.65,29,162.69
2,Medium,14,1,0,185.37,152.44,3,161.39
3,Low,26,1,0,181.34,184.7,3,157.88
22,Low,14,1,1,190.71,187.95,4,167.07
12,Low,37,1,0,152.43,159.71,11,141.19
11,Low,29,1,0,178.86,175.68,13,155.74
16,High,18,0,0,123.06,175.48,54,155.24
15,High,28,0,0,156.48,164.57,21,157.92
14,Low,21,1,0,188.33,152.48,23,160.38
0,Medium,26,0,0,182.11,133.73,8,151.73
13,Low,16,1,0,167.45,189.87,32,163.44
6,Medium,25,0,0,126.94,129.66,13,130.28
19,Medium,14,1,0,129.57,133.77,38,138.9
12,High,16,0,0,169.29,149.36,31,161.84
2,Medium,27,0,0,141.05,150.91,7,139.51
21,Low,25,1,0,141.36,142.36,14,129.97
6,High,19,0,0,182.81,130.08,15,159.96
6,High,13,0,0,116.64,183.46,25,152.24
22,Low,23,1,0,146.4,158.36,6,140.52
18,High,36,0,0,134.06,188.04,33,158.59
20,Low,31,1,0,117.17,182.07,10,134.5
15,High,13,0,0,132.33,157.11,56,151.48
21,Low,37,1,0,129.74,150.23,9,126.87
2,Medium,23,0,0,155.36,141.58,3,143.39
14,Low,27,1,0,149.82,189.55,20,151.43
7,High,12,0,0,152.74,164.33,40,162.06
9,Medium,20,1,0,185.23,179.65,34,170.79
5,Medium,33,0,0,154.55,189.0,3,153.86
4,Low,20,1,0,166.12,139.56,3,141.84
10,Medium,16,1,0,166.8,185.11,29,166.6
22,High,14,0,0,156.35,176.64,7,161.37
15,High,36,0,0,139.38,154.55,22,147.31
8,Low,33,1,0,187.25,186.67,24,167.16
10,High,13,1,0,150.05,163.34,44,158.11
12,Low,36,1,0,160.69,150.59,12,144.43
5,Low,34,1,0,159.73,135.39,3,134.07
12,High,21,0,0,181.21,172.31,27,170.91
16,Medium,29,1,0,157.77,175.31,16,156.93
5,Low,18,1,0,151.55,138.45,5,137.57
14,Medium,18,1,0,151.8,149.17,27,145.75
17,High,31,0,0,177.4,128.58,37,158.51
12,High,17,0,0,141.4,161.22,34,153.84
7,High,21,0,0,189.79,164.0,32,172.08
13,Medium,21,1,0,182.73,180.14,18,167.5
19,High,16,0,0,126.07,126.7,52,141.76
5,Low,34,1,0,140.38,132.78,3,125.33
13,Low,30,1,0,187.45,127.05,10,146.1
16,High,35,0,0,137.27,186.39,26,157.04
7,Medium,26,0,0,140.41,158.34,17,146.38
9,High,16,0,0,132.4,140.99,56,148.54
21,Low,19,1,0,119.35,126.24,3,120.3
8,Medium,21,1,0,153.28,131.27,34,144.46
14,High,37,0,0,175.39,171.81,19,165.82
3,High,18,0,1,167.8,156.22,6,159.28
22,Medium,30,0,0,117.21,172.74,8,135.52
14,Medium,15,1,0,156.87,142.24,27,148.58
18,Medium,37,1,0,141.42,153.57,29,144.18
14,High,29,0,0,166.34,165.55,21,159.13
8,High,23,0,0,147.41,138.8,45,146.53
8,High,21,0,1,193.44,143.69,32,167.46
16,Medium,21,1,0,181.28,134.2,34,156.37
20,Medium,18,1,0,171.03,171.27,19,160.86
3,Medium,28,0,1,156.25,162.85,10,148.59
20,Medium,35,1,0,162.29,153.9,8,148.52
19,High,18,0,0,150.37,161.88,55,160.01
2,Low,32,1,0,178.57,136.04,3,141.93
2,Medium,27,0,0,187.66,177.84,3,166.49
16,Medium,32,1,0,194.93,174.11,20,169.66
20,Medium,32,0,0,162.91,136.83,11,142.84
9,Medium,13,1,1,169.55,182.57,34,169.39
15,Medium,12,1,0,146.99,150.61,37,150.16
23,Medium,36,0,0,115.68,155.14,3,129.78
7,Low,16,1,0,171.26,159.53,18,155.16
5,Low,27,1,0,189.72,176.54,5,158.81
23,Medium,32,0,0,183.77,135.66,4,150.05
6,Medium,25,0,0,185.29,142.23,14,156.7
11,Medium,12,1,0,147.17,185.87,36,159.59
10,High,12,0,0,172.08,185.96,67,176.69
12,High,30,0,0,166.07,177.58,6,162.93
6,Low,36,1,0,158.27,135.95,6,135.96
16,Medium,21,1,0,127.13,163.67,27,143.73
16,High,26,0,0,161.04,153.99,52,160.95
4,Medium,37,0,0,138.89,130.25,3,131.91
11,Low,34,1,0,171.29,129.91,19,141.27
1,Medium,26,0,1,190.59,180.69,3,167.06
5,Medium,29,0,0,173.21,130.88,3,145.65
23,Medium,37,0,1,135.76,142.64,8,133.84
12,High,33,0,0,152.22,134.8,18,142.65
14,Medium,23,1,0,160.19,162.38,26,151.32
21,Medium,30,0,0,173.09,174.4,5,158.89
17,High,20,0,0,126.83,142.24,62,146.74
19,Low,36,1,0,157.05,175.83,21,151.26
17,Medium,14,1,0,183.81,136.37,56,164.32
11,Medium,18,1,0,117.21,148.19,28,134.15
15,Low,21,1,0,173.21,140.79,20,149.74
6,High,17,0,0,185.43,154.53,13,167.44
21,Medium,28,0,0,178.66,188.77,11,167.84
4,Medium,31,0,0,189.55,172.89,3,165.77
21,Low,36,1,0,177.62,138.37,3,143.49
21,Medium,25,0,0,156.44,187.82,11,159.41
3,Low,28,1,0,153.15,169.29,3,142.63
17,High,28,0,0,117.55,154.52,45,141.58
23,Medium,12,1,0,116.49,184.56,5,141.69
13,Low,31,1,0,166.16,174.58,7,152.55
8,Medium,12,1,1,137.03,172.4,29,152.46
21,Low,26,1,0,139.57,138.06,13,130.87
12,High,38,0,0,179.57,133.32,18,156.08
2,Medium,33,0,0,123.9,181.27,3,139.54
5,Medium,25,0,0,137.71,169.21,3,145.9
16,High,20,0,0,169.8,178.12,47,173.32
10,Medium,34,1,0,117.45,174.77,16,137.26
5,Low,35,1,1,156.58,183.7,3,144.38
19,Medium,21,1,0,121.84,149.41,28,135.55
2,High,14,0,0,175.93,147.76,3,164.03
5,Medium,27,0,0,165.77,140.4,4,148.62
11,Medium,29,0,0,163.68,131.85,20,143.56
0,Medium,37,0,1,132.7,156.39,4,133.18
9,Medium,36,1,0,172.98,157.38,20,156.93
21,High,18,0,0,139.13,132.44,15,142.33
22,High,18,0,0,160.67,164.23,8,158.73
20,Low,38,1,0,122.36,148.62,14,125.31
7,High,20,0,1,122.69,154.66,29,140.62
1,Low,24,1,0,130.52,158.15,3,133.78
19,High,20,0,0,132.28,145.19,53,147.9
8,Medium,22,1,0,125.11,169.53,24,140.42
17,Medium,27,1,0,124.46,158.14,31,139.68
2,High,19,0,0,185.32,153.69,3,167.3
16,High,23,0,0,159.37,151.62,52,159.99
14,High,21,0,0,164.77,126.54,24,149.68
22,Low,14,1,0,138.03,175.13,10,144.25
2,Low,33,1,0,119.44,187.82,3,134.05
9,High,36,0,0,192.46,133.51,34,163.92
23,Low,25,1,0,119.32,143.81,3,122.98
9,High,17,0,0,180.81,180.05,55,179.59
15,Low,29,1,0,168.21,171.06,14,153.63
3,Low,26,1,0,147.6,145.31,3,131.62
17,High,26,0,0,174.73,167.22,47,171.24
6,Medium,28,0,0,176.18,184.62,4,164.11
13,High,31,0,0,185.26,139.28,12,158.19
21,High,13,0,0,158.59,169.18,21,163.93
15,High,14,0,1,132.1,177.78,37,156.85
11,High,14,0,0,160.81,131.19,39,154.84
4,High,16,0,0,122.95,185.74,3,150.78
8,Low,38,1,0,145.1,187.36,20,147.82
20,High,31,0,0,163.83,172.65,19,162.51
5,Medium,29,0,0,135.15,158.51,3,139.06
15,Low,30,1,0,184.21,164.26,22,157.93
11,Medium,12,1,0,193.08,167.15,31,171.78
7,Medium,17,1,0,121.07,135.02,21,132.45
17,High,33,0,0,131.47,144.17,41,144.85
8,Low,24,1,0,152.84,131.56,22,136.99
6,Medium,25,0,0,118.04,149.08,10,133.31
12,Medium,32,0,0,122.43,173.43,9,139.47
18,High,14,0,0,187.05,182.56,83,185.95
20,High,33,0,0,118.64,149.13,25,134.73
15,Medium,30,0,0,134.8,165.05,23,143.68
15,Low,22,1,0,148.89,163.66,28,147.52
18,Medium,25,1,0,116.64,155.72,37,137.42
6,High,14,0,0,179.85,170.12,19,171.73
6,High,17,0,0,181.4,134.8,22,160.34
11,Medium,18,1,0,146.57,129.87,20,139.89
15,Low,35,1,0,131.14,147.62,15,130.43
15,Medium,15,1,0,186.39,188.01,22,175.15
3,High,19,0,0,169.28,186.95,3,168.62
18,High,15,0,0,156.91,166.15,65,167.63
8,Medium,19,1,0,146.39,162.62,23,150.8
21,Medium,12,1,1,158.14,166.16,8,155.54
17,High,19,0,0,134.96,152.91,67,155.32
23,Low,31,1,0,150.97,143.75,3,134.49
15,Low,32,1,0,169.87,125.36,13,138.79
12,High,22,0,0,147.91,126.25,22,142.71
4,Medium,31,0,0,169.8,188.19,3,162.14
9,High,28,0,0,174.1,173.4,33,168.99
20,Low,36,1,1,175.3,169.86,4,154.38
9,High,33,0,0,160.53,179.89,35,163.93
1,Low,18,1,0,129.75,164.45,3,136.0
5,Medium,27,0,0,171.04,168.4,3,157.49
14,Low,33,1,0,180.54,176.36,16,156.54
15,Medium,20,1,0,122.54,133.14,19,131.32
23,Medium,27,0,0,186.68,137.2,10,156.21
22,Medium,22,0,0,190.3,161.14,3,164.34
12,Medium,20,1,0,168.46,131.3,19,147.51
13,High,17,0,0,123.89,167.86,25,148.27
19,High,12,0,0,167.3,179.09,59,177.06
1,Medium,32,0,0,143.49,179.44,3,146.37
14,Medium,34,0,0,139.29,146.02,13,139.84
11,Medium,29,0,0,117.94,138.17,15,128.29
18,High,18,0,0,172.99,187.32,63,178.68
19,High,12,0,0,160.33,184.31,61,172.06
15,Low,29,1,1,151.06,145.38,17,139.87
15,High,17,0,0,146.1,183.12,39,165.0
16,High,26,0,0,147.95,182.27,36,161.08
13,High,38,0,0,151.25,146.97,15,146.04
5,Medium,12,1,0,153.2,148.61,3,147.04
6,Low,27,1,0,122.81,185.57,8,137.86
17,Medium,38,1,0,145.43,173.22,24,151.9
14,High,21,0,0,120.12,165.14,27,144.04
5,Medium,33,0,0,177.07,186.94,3,163.72
21,Medium,34,0,0,156.78,181.22,3,156.38
23,Medium,25,0,0,178.96,129.86,3,149.98
15,Low,20,1,0,149.35,157.42,30,143.61
5,Low,30,1,0,127.25,183.22,7,135.09
22,Medium,28,0,0,138.97,132.23,11,133.02
5,Medium,24,0,0,133.71,129.69,3,131.96
10,Medium,17,1,0,150.19,180.84,30,159.99
20,High,32,0,0,178.11,175.53,13,167.63
12,Medium,17,1,0,124.33,135.87,18,133.14
5,High,15,0,0,147.01,136.77,3,144.4
1,High,13,0,0,122.34,179.12,3,149.88
8,Low,24,1,0,146.32,138.6,22,137.73
16,Medium,15,1,0,161.6,134.36,36,154.14
17,High,21,0,0,120.52,183.99,64,154.78
5,High,18,0,0,120.33,177.33,4,147.07
3,Medium,24,0,0,173.44,151.25,3,151.71
16,High,32,0,0,147.6,165.69,32,155.57
3,Medium,24,0,0,143.11,152.98,3,143.46
1,Low,27,1,0,169.91,142.84,3,143.22
11,High,15,0,0,121.78,189.14,49,156.09
13,Medium,15,1,0,183.78,160.47,19,164.17
5,Low,38,1,0,177.03,166.44,3,154.27
5,Medium,28,0,0,146.17,151.54,3,141.4
5,Medium,12,1,0,152.5,157.55,4,149.57
8,High,27,0,1,146.82,143.7,25,146.25
0,Medium,12,1,0,177.82,152.9,7,156.92
0,Low,14,1,0,117.32,165.81,3,133.96
8,Low,22,1,0,168.71,177.79,24,159.26
0,Medium,29,0,0,139.2,177.15,3,146.52
7,High,28,0,0,177.36,125.74,20,153.69
13,Low,33,1,0,193.71,159.77,11,157.08
0,Low,16,1,0,137.32,149.27,6,135.49
14,High,17,0,0,150.67,164.46,37,160.41
14,Low,26,1,0,158.81,182.31,9,152.24
13,High,35,0,0,159.08,175.38,15,158.53
15,Medium,31,1,0,127.53,146.5,10,134.39
19,Medium,30,0,0,161.66,173.05,35,158.21
1,Medium,14,1,0,172.91,131.59,3,148.03
4,Low,35,1,0,190.52,133.33,3,145.09
7,Medium,38,0,0,173.03,139.66,14,153.51
16,Low,27,1,0,163.26,150.98,17,149.31
20,Low,21,1,0,133.66,158.19,12,138.64
22,Low,29,1,1,122.83,150.86,3,123.1
13,Medium,29,0,0,165.75,165.81,20,156.1
9,High,37,0,0,165.01,133.07,33,153.68
9,Medium,14,1,0,182.15,158.9,38,166.98
1,Low,25,1,0,150.69,142.71,3,133.9
11,Medium,31,0,0,128.76,148.7,25,136.69
12,Low,21,1,0,132.98,158.08,20,136.78
4,Low,34,1,0,153.11,133.62,3,131.64
18,High,13,0,0,139.96,150.24,77,156.34
19,Medium,14,1,0,129.42,174.45,39,150.06
7,High,33,0,0,123.63,143.04,23,135.13
21,Low,15,1,0,147.99,174.7,19,148.56
2,Medium,23,0,0,142.0,140.01,4,138.23
21,High,19,0,0,192.22,174.02,14,174.88
18,High,30,0,0,183.51,137.64,38,165.21
5,Medium,12,1,0,129.68,186.83,3,150.46
15,High,21,0,0,175.27,134.99,38,160.57
7,Low,38,1,0,153.42,189.99,9,150.75
19,Medium,21,1,0,189.09,139.88,39,159.12
3,Low,28,1,0,163.66,171.16,3,148.71
5,Low,38,1,0,131.32,144.83,6,126.31
7,Low,28,1,0,130.68,130.34,4,125.15
4,Low,32,1,0,192.38,126.62,3,144.99
7,Low,37,1,0,188.46,134.57,10,145.66
14,Low,28,1,0,153.63,151.52,16,140.28
15,Low,34,1,0,160.12,162.71,14,146.19
13,Medium,25,0,0,158.77,156.1,28,151.89
4,Medium,33,0,0,176.08,165.98,3,157.42
4,Low,29,1,0,152.96,131.23,3,133.68
22,High,21,0,0,124.81,168.97,3,145.87
6,Medium,27,0,0,140.94,176.04,9,147.5
2,Low,21,1,0,160.46,139.99,4,139.52
10,Low,22,1,0,143.09,176.47,33,148.84
0,Low,19,1,0,180.08,141.25,3,150.08
8,High,25,0,0,190.83,153.86,32,168.06
20,High,21,0,0,134.36,177.38,21,154.32
6,Low,28,1,1,186.13,169.67,5,156.15
16,High,21,0,0,172.26,157.74,54,165.56
11,Low,25,1,0,161.96,149.03,20,145.78
8,High,15,0,0,125.43,161.64,54,150.64
15,High,22,0,0,147.88,158.79,39,155.21
14,Low,21,1,0,194.63,188.14,18,171.45
7,High,37,0,1,166.87,178.7,8,163.18
5,Low,24,1,0,162.33,132.57,3,139.93
22,High,12,0,0,117.85,151.8,14,142.16
4,Low,20,1,0,140.67,163.17,3,138.17
23,Low,31,1,0,154.05,170.85,3,146.4
11,High,16,0,0,166.33,136.53,44,156.32
23,Low,16,1,0,183.57,179.0,6,163.66
8,High,22,0,0,151.65,165.95,39,158.66
13,Low,21,1,0,136.96,129.38,11,129.6
14,Low,24,1,0,137.5,128.84,23,129.82
