Hour,Demand,Temperature,Weekend,Holiday,CompetitorPrice,CurrentPrice,UnitsSold,RecommendedPrice
18,High,30,0,0,184,191,91,189
19,High,40,0,0,144,132,111,132
8,High,18,1,0,147,143,118,138
15,Medium,35,0,0,147,159,77,162
16,Low,36,1,0,181,176,26,175
9,High,22,0,0,157,147,118,151
17,Medium,25,1,0,181,192,56,196
14,Medium,20,0,0,166,178,63,176
9,Low,22,1,0,186,186,26,188
19,Low,21,1,0,165,158,30,153
11,High,40,0,0,137,141,120,134
19,Medium,24,1,1,182,174,83,179
14,Medium,35,1,0,181,185,56,181
15,Low,31,0,0,151,163,37,155
10,High,25,0,0,169,178,95,175
14,High,24,0,0,174,178,103,179
14,Medium,39,1,0,172,173,67,179
12,Medium,36,0,0,168,166,58,172
11,Medium,38,1,0,179,187,80,189
11,High,19,1,0,166,157,110,158
19,High,32,0,0,182,172,98,165
15,Medium,39,1,0,120,125,82,124
10,Medium,40,1,0,127,138,85,143
11,Low,29,1,0,172,173,34,178
14,Low,30,1,1,168,161,30,158
9,Medium,24,1,0,160,163,71,172
8,High,20,1,0,135,137,117,134
13,High,37,0,0,136,132,97,129
17,High,36,0,0,141,138,120,142
16,Low,25,1,0,145,149,43,158
14,Low,34,0,0,165,159,31,154
18,High,40,0,0,161,168,89,162
19,Medium,19,1,0,125,125,82,130
10,High,25,1,0,154,161,99,161
15,Low,31,0,0,160,166,41,166
11,Medium,39,0,0,135,134,68,137
12,High,32,0,0,165,172,104,184
10,Low,36,0,0,121,115,50,110
15,Low,26,1,0,168,179,55,190
18,High,40,0,0,181,181,103,191
9,High,22,1,0,183,195,106,200
15,High,30,1,0,156,162,119,168
18,Low,36,0,0,153,165,37,160
8,Medium,36,1,0,168,170,60,174
9,High,23,0,0,137,135,107,145
14,High,30,1,0,156,156,94,166
18,Low,39,0,1,142,143,49,155
9,Medium,34,1,0,137,144,84,138
13,High,36,0,0,174,179,109,187
15,Low,32,0,1,138,132,26,132
9,Low,21,1,0,155,165,38,170
19,Low,26,0,0,170,161,37,163
19,Medium,18,1,0,167,179,76,172
8,High,35,0,0,155,156,108,152
11,Low,20,1,0,151,143,36,137
13,Medium,35,0,0,140,146,82,152
15,High,35,1,0,182,192,100,195
15,High,21,0,0,183,186,107,195
15,High,40,1,0,152,142,118,139
18,Medium,35,0,0,144,134,77,145
16,Low,36,1,0,183,195,30,198
15,Low,22,1,0,186,176,40,177
17,Medium,38,1,0,189,195,80,200
18,Low,33,1,0,145,134,29,135
11,High,20,1,1,166,163,88,164
18,Low,40,1,0,183,172,25,174
14,High,22,1,0,132,139,119,146
19,Medium,37,1,0,131,136,74,136
15,High,39,0,0,137,144,100,145
10,High,37,1,0,176,177,103,188
10,Medium,26,0,0,157,168,56,169
13,Low,38,1,1,138,127,37,139
12,Low,36,1,0,161,172,33,180
8,Medium,25,1,0,149,149,58,142
13,Medium,19,1,0,164,157,68,149
10,Medium,34,0,0,171,160,69,170
19,Medium,33,1,0,160,157,81,159
11,Medium,31,0,0,153,164,82,158
9,Medium,27,1,0,174,174,71,183
9,Medium,39,0,0,150,151,81,151
17,Low,35,0,1,154,151,51,160
14,High,37,0,0,173,180,108,188
17,Medium,18,1,0,190,187,81,179
10,Low,37,0,0,170,162,38,160
16,Low,25,1,0,160,164,47,176
10,Medium,34,1,0,135,136,79,131
16,High,23,0,0,136,148,93,144
14,High,31,1,0,123,125,115,117
14,Medium,19,0,0,175,167,59,174
18,High,25,1,0,184,192,98,195
18,Low,35,1,0,168,165,46,174
19,High,26,1,0,123,130,89,122
11,Medium,25,1,1,132,142,69,153
19,Medium,37,1,0,129,118,74,119
8,High,18,0,0,120,119,91,114
8,High,29,1,0,185,184,97,187
14,High,40,0,0,190,186,92,198
8,Medium,40,0,0,158,153,61,158
14,High,31,0,0,185,188,95,184
17,Medium,18,0,0,184,173,64,175
8,Low,32,1,1,145,153,46,155
19,Low,18,0,0,132,136,51,142
17,Medium,36,1,0,160,162,77,169
11,Low,18,1,0,140,152,42,160
15,Low,22,0,0,162,158,54,152
10,High,26,1,1,178,182,93,189
18,Medium,21,1,0,178,178,83,180
15,Medium,25,0,0,127,123,64,118
19,Medium,39,0,0,166,155,60,164
19,Low,23,1,0,143,154,35,160
13,Medium,25,0,0,161,170,66,163
8,Low,34,1,0,168,180,45,192
13,High,40,1,0,123,123,116,134
12,Medium,26,0,0,120,120,60,127
13,High,28,0,0,153,162,90,159
9,Low,24,1,0,154,151,37,145
8,High,18,1,0,133,131,89,133
17,Low,24,1,0,147,138,35,135
10,Medium,27,0,0,126,116,59,110
11,High,36,1,0,175,166,107,162
10,High,34,1,0,150,155,103,155
11,Medium,33,0,0,156,163,57,155
18,High,24,1,0,177,182,114,183
10,Low,34,0,0,125,130,35,124
16,Low,18,0,0,151,151,49,149
19,Medium,22,1,0,132,124,68,120
10,High,29,1,0,123,129,93,132
11,High,21,0,0,130,122,113,115
11,Medium,40,1,0,122,123,78,115
16,Medium,32,0,0,133,135,80,142
15,Low,34,1,0,172,161,31,166
10,High,29,1,0,130,142,90,140
11,High,39,0,0,144,135,97,135
14,Medium,21,1,0,178,167,68,165
15,Medium,40,1,0,130,142,70,136
10,High,25,0,0,162,167,117,174
19,Medium,37,0,0,186,191,72,201
16,Medium,33,1,0,184,174,78,183
19,Medium,23,1,0,180,187,83,183
15,Low,33,0,0,174,173,25,182
14,High,35,1,0,161,155,116,164
19,High,20,0,0,157,157,106,162
12,Medium,24,1,0,152,142,74,154
12,High,20,1,0,135,126,120,132
19,Low,40,1,0,127,121,52,120
10,Medium,23,1,0,168,161,68,155
9,Medium,36,1,0,165,153,59,156
12,High,29,0,0,154,156,110,152
13,Low,37,0,0,157,169,50,169
16,Medium,19,1,0,178,176,57,188
12,Low,30,0,0,169,180,26,188
16,Medium,19,0,0,127,137,61,148
11,High,36,0,0,126,138,101,135
15,Medium,37,1,0,120,131,74,142
8,Medium,23,0,0,135,125,56,133
19,Low,23,0,0,149,149,52,149
14,High,36,1,0,137,130,114,125
18,High,21,1,0,134,141,95,151
11,Medium,23,0,0,122,113,82,116
16,Medium,25,1,0,184,195,56,195
19,Low,18,0,1,133,134,31,139
12,Medium,33,0,0,141,135,64,137
15,Low,26,0,0,181,180,32,189
12,Medium,36,1,0,148,156,65,153
17,High,29,1,0,137,132,118,139
12,Medium,22,0,0,140,141,71,141
9,Low,28,0,0,128,117,37,124
17,Low,32,0,0,174,175,32,173
12,Medium,35,0,0,154,148,73,144
8,High,27,0,1,125,117,105,120
18,Medium,23,1,0,145,151,58,143
13,High,28,1,0,153,165,100,171
14,Low,26,0,0,148,138,28,131
19,High,20,0,0,135,142,111,138
13,Low,31,1,0,134,130,26,139
17,Medium,25,1,0,170,175,64,177
12,Low,28,1,0,175,187,55,199
18,Medium,37,0,0,127,119,66,130
11,Medium,30,1,0,122,124,64,120
8,Medium,28,0,0,156,160,69,163
19,Low,34,1,0,168,179,51,186
8,Low,27,0,0,171,171,46,169
17,High,39,0,0,178,189,87,198
9,Low,19,1,0,142,130,49,138
10,Low,36,1,0,173,167,50,172
9,Medium,28,0,1,151,147,65,140
9,Medium,25,1,0,123,119,79,120
19,Low,36,1,1,123,132,45,135
10,Low,27,1,0,171,171,35,169
8,High,18,1,0,122,114,88,110
17,Low,18,1,0,189,200,39,198
18,Low,29,1,1,189,199,41,205
16,Medium,27,1,0,157,145,78,141
13,High,29,1,0,121,124,119,117
18,Medium,30,0,0,158,169,73,162
16,Low,33,1,0,166,161,41,156
16,High,28,0,0,189,186,87,195
13,High,27,1,0,151,163,98,174
15,Medium,25,0,1,136,144,84,148
11,Low,23,0,0,180,169,38,168
15,Medium,21,0,0,127,115,77,121
9,High,36,1,0,138,145,118,141
19,High,40,0,0,122,127,97,137
14,Low,31,0,0,166,160,27,153
11,Low,19,0,0,161,160,38,169
15,Low,26,0,0,145,157,29,155
14,Medium,40,0,0,178,188,58,196
15,High,40,0,0,190,187,94,199
19,High,25,1,0,132,138,119,148
10,Low,27,0,0,134,125,39,120
18,Medium,25,0,0,149,151,60,156
17,Medium,23,1,1,182,170,58,173
9,Low,30,1,0,168,176,29,174
17,Low,19,1,0,164,154,33,162
14,Low,39,1,0,172,169,55,176
19,Low,36,0,1,173,182,33,187
8,High,29,1,1,176,169,95,170
19,Medium,38,0,0,172,175,61,182
12,High,31,0,0,147,159,118,152
15,Low,28,0,0,166,164,46,166
9,Medium,26,1,0,164,162,66,158
8,High,23,1,0,162,161,110,165
15,Medium,22,1,0,158,161,82,155
12,Medium,31,1,0,128,121,83,125
14,High,39,1,1,125,121,93,126
9,Low,35,1,0,145,140,45,136
9,High,25,1,0,182,173,113,168
12,Low,22,0,0,124,122,34,132
19,Low,34,1,0,156,144,41,143
13,Medium,19,0,0,134,122,83,134
12,Low,37,0,0,180,181,50,181
12,Medium,38,1,1,152,164,85,167
10,High,19,0,0,185,189,104,186
10,Low,39,1,0,159,163,46,155
11,Low,28,1,1,152,140,35,146
18,Low,40,1,0,125,115,48,110
13,Medium,21,0,0,175,163,69,171
13,High,25,1,0,189,179,114,175
15,Low,31,1,0,185,185,27,186
17,Low,37,0,0,182,192,33,188
10,Low,33,0,0,189,193,45,194
9,High,29,1,0,136,145,103,156
14,Medium,39,0,0,179,175,64,173
17,Low,20,0,0,150,151,34,160
11,Low,21,0,1,153,165,46,169
12,Medium,38,0,0,182,181,66,186
17,High,38,0,1,135,143,90,154
8,Medium,30,0,0,168,178,75,174
18,High,37,0,0,143,140,91,142
19,Medium,28,1,1,161,164,63,168
18,High,25,1,0,125,128,118,129
13,Medium,40,1,0,140,134,83,145
14,High,18,0,0,152,151,97,148
8,Low,22,1,0,120,118,33,114
14,High,32,0,0,152,146,109,140
14,High,26,0,0,170,175,91,183
15,Low,38,1,0,182,183,27,189
14,Medium,36,1,0,179,172,72,170
15,Low,38,1,0,155,153,29,153
19,Low,40,0,0,165,173,28,180
11,Medium,39,1,1,147,143,81,149
18,High,21,1,0,163,169,108,164
17,Medium,21,1,0,152,160,59,162
16,High,25,1,0,156,154,103,156
10,High,20,1,0,130,126,107,138
12,High,27,1,0,147,153,86,153
9,Low,19,1,0,172,174,35,184
8,Low,39,0,0,190,182,33,182
8,Medium,35,0,0,139,134,79,136
9,Low,33,0,0,169,179,41,180
18,Low,22,0,0,129,121,29,129
18,Medium,26,0,1,146,157,74,164
16,Low,39,1,0,137,143,43,149
9,Medium,23,0,1,150,161,70,167
10,Low,22,0,1,173,167,26,178
14,Medium,34,1,0,169,165,73,177
9,Low,18,0,1,153,157,33,165
12,High,18,1,1,141,136,113,133
12,High,35,1,0,165,169,92,169
8,Low,36,1,1,128,132,39,140
16,Medium,20,0,0,140,139,83,133
19,Medium,25,0,0,163,171,75,169
9,Low,39,0,0,159,159,43,161
9,Low,33,1,0,163,165,31,167
16,High,36,1,0,123,123,98,117
18,Medium,25,0,0,159,157,68,166
17,High,24,1,0,146,158,102,165
12,Medium,24,0,0,132,135,66,144
12,High,29,0,0,175,173,86,168
10,High,18,1,0,148,152,120,158
19,Low,34,1,0,136,144,33,147
13,Low,39,0,1,140,149,36,145
12,High,37,1,1,175,163,110,160
8,Medium,34,1,0,184,185,66,178
12,Low,29,0,0,127,115,55,110
18,Medium,24,0,0,184,195,67,195
11,Low,33,0,0,158,146,50,149
17,Low,24,0,0,188,197,46,193
15,Medium,23,0,0,142,154,59,158
17,Medium,32,0,0,131,129,83,127
14,High,37,1,0,188,176,93,179
16,High,38,1,0,146,139,97,151
10,Medium,38,1,0,169,173,66,184
8,High,28,1,0,185,188,112,180
10,High,23,0,0,149,140,114,133
19,Medium,25,0,0,124,122,83,123
11,High,38,1,0,184,194,92,191
13,Low,35,1,0,150,153,35,156
8,Medium,36,0,0,155,161,62,165
8,Low,27,0,0,147,149,50,142
15,Medium,34,0,0,140,145,63,155
11,Medium,33,1,0,182,194,79,188
11,Medium,36,1,0,165,155,62,154
16,Medium,38,1,0,145,150,75,157
14,Medium,23,1,1,152,144,65,147
12,High,36,0,0,176,169,96,175
12,Low,24,1,0,138,147,27,149
15,Medium,31,1,0,177,178,84,188
18,Low,32,0,0,183,175,51,167
17,Medium,35,0,0,183,183,84,181
13,Low,29,0,0,139,147,55,141
15,High,29,1,0,165,154,93,162
9,High,25,0,0,172,183,89,179
16,Medium,22,1,1,166,166,56,175
12,Medium,38,1,0,166,172,66,184
19,Low,38,0,0,179,184,39,182
14,Medium,35,0,0,185,190,77,192
13,Medium,22,0,0,154,146,62,154
15,Low,37,0,0,126,127,53,135
19,Low,29,1,0,143,153,41,165
16,High,25,0,0,150,159,110,158
19,Low,26,0,0,134,134,26,144
17,Low,34,1,0,148,146,31,151
14,Medium,38,1,0,165,173,78,178
11,High,23,0,0,128,132,90,132
19,Low,33,0,0,148,151,53,145
15,High,24,0,0,133,130,104,130
15,Medium,20,1,0,172,173,76,183
14,Medium,39,0,1,131,131,75,140
15,Medium,34,1,0,121,132,61,140
11,Low,37,1,0,173,170,51,181
10,High,20,0,0,148,145,116,139
19,Medium,38,1,0,136,147,58,153
18,Medium,25,1,1,143,146,84,146
12,High,21,1,0,174,174,98,181
13,High,24,0,0,173,180,110,172
17,High,28,1,0,168,160,96,166
17,Low,40,1,1,180,188,50,191
15,Medium,36,0,1,137,129,68,137
13,Medium,34,1,0,148,156,59,166
14,High,39,0,1,124,133,93,130
18,Medium,27,1,0,179,169,63,165
9,High,32,1,0,139,143,119,137
19,Medium,32,1,1,174,169,75,170
16,Medium,28,1,1,181,169,72,166
9,High,19,0,0,166,168,105,177
12,Medium,18,1,1,159,148,65,148
14,Medium,39,0,0,126,125,70,118
17,High,24,0,0,172,171,94,170
14,High,19,1,0,124,118,103,112
13,Low,22,0,0,190,179,31,183
11,Medium,38,1,0,172,167,65,163
15,Low,27,1,0,156,153,25,159
19,Medium,25,1,0,156,155,81,156
8,Medium,27,0,0,178,188,75,192
10,Medium,38,0,1,170,170,60,171
12,High,18,0,0,126,122,97,127
11,High,36,0,0,131,134,104,128
9,High,40,0,0,137,125,102,134
8,High,19,0,0,167,175,98,174
16,Medium,29,1,0,134,144,65,141
10,Medium,36,1,0,141,129,62,131
8,Medium,38,1,0,186,177,81,179
14,Low,31,1,0,121,114,44,110
16,High,31,0,0,148,153,117,149
12,Medium,35,1,0,182,182,70,180
8,Medium,32,1,0,159,158,60,161
8,High,38,0,0,170,167,93,165
13,Medium,21,1,0,168,162,57,160
15,Low,38,1,0,166,156,44,166
10,Low,39,0,0,162,152,32,150
11,High,21,0,0,141,134,99,143
12,Low,19,1,0,162,167,25,172
12,Low,31,0,0,169,176,30,179
13,Low,37,1,0,132,131,46,134
15,Low,34,0,0,176,179,42,175
16,High,37,0,0,137,139,119,146
16,Medium,21,0,0,158,155,63,148
14,Low,38,0,0,128,131,35,129
12,Low,37,1,0,142,143,31,141
8,High,26,1,0,154,150,86,150
13,Medium,29,0,0,173,173,83,174
8,Medium,22,0,0,155,153,82,150
11,Medium,26,0,0,138,126,67,126
11,Low,26,1,1,148,145,47,144
14,High,34,0,0,138,134,109,145
16,Low,36,1,0,131,125,30,119
12,Medium,32,0,0,140,138,74,139
14,Medium,35,1,0,165,153,78,158
14,Low,31,1,0,141,144,29,144
15,High,28,0,0,164,165,95,172
14,Low,29,1,0,142,144,46,152
15,Medium,30,1,0,184,192,56,189
16,Medium,35,0,0,161,157,82,162
14,Low,24,0,0,131,142,51,139
11,High,39,0,0,132,120,91,120
14,Low,33,1,1,188,182,41,180
10,Medium,37,1,0,167,159,56,158
13,Low,21,1,0,122,120,40,115
18,Low,37,0,0,169,176,26,176
10,Medium,32,1,0,135,147,79,148
15,High,40,1,0,183,183,104,183
11,High,24,0,0,163,165,92,177
17,Medium,35,1,0,150,145,71,144
15,Medium,31,1,1,163,173,75,168
11,High,34,1,0,120,110,116,115
18,Medium,23,1,0,144,151,69,163
16,Low,30,0,0,182,175,38,183
18,Medium,24,1,0,152,149,70,154
17,Low,29,0,0,145,151,44,163
19,High,21,0,0,143,154,99,164
18,Low,39,0,0,183,187,36,187
15,Low,26,0,0,186,190,45,190
9,Low,22,1,0,154,146,34,150
10,Medium,24,0,0,144,138,78,145
10,Low,37,1,0,140,147,31,154
14,High,30,0,0,150,157,102,154
17,High,28,0,0,169,168,89,174
10,Medium,39,1,0,159,151,72,157
18,High,32,0,0,181,175,99,171
14,Medium,20,1,1,185,180,80,190
9,Medium,38,0,1,175,174,59,170
9,High,35,0,0,121,114,92,115
14,Medium,28,1,0,142,138,73,141
13,Medium,39,1,0,140,139,59,145
8,High,37,1,0,171,169,111,170
9,Low,22,0,1,137,131,44,137
14,High,30,1,0,146,157,107,165
13,Low,35,0,0,167,179,37,181
16,Low,33,0,0,168,171,26,173
10,Medium,29,1,0,148,148,60,141
15,Medium,33,1,0,155,155,70,148
18,High,39,0,1,126,114,92,112
8,Medium,20,1,0,159,171,74,174
15,High,33,0,0,178,167,113,178
16,Medium,19,0,0,183,195,80,188
11,Medium,28,0,0,128,130,83,130
9,Medium,23,1,0,148,156,58,161
13,Low,36,0,0,173,162,48,158
16,Medium,36,1,0,129,126,85,134
8,High,34,1,0,185,181,112,183
15,Low,40,1,0,158,159,33,154
11,Medium,24,1,0,186,182,71,193
9,High,21,0,0,178,185,96,180
11,Low,30,1,0,146,144,51,154
17,High,34,1,1,161,162,102,158
19,High,30,1,0,190,180,90,180
18,Low,19,1,0,131,137,29,138
9,Medium,30,0,0,142,152,81,153
15,High,19,0,0,179,168,118,160
15,High,18,0,0,141,144,104,140
10,High,28,0,0,169,172,96,182
9,Medium,36,1,1,152,153,78,153
13,Low,22,0,0,140,144,44,152
9,Medium,26,1,0,165,167,71,170
8,Medium,18,0,0,132,120,85,115
15,Medium,34,0,0,176,175,67,167
8,Low,36,1,0,160,152,51,150
16,Low,34,0,0,154,165,26,172
10,Medium,30,1,1,170,182,64,180
16,Low,30,0,0,144,149,43,147
13,Medium,18,0,0,166,157,83,161
17,High,39,1,0,140,146,91,143
15,High,26,1,1,169,163,112,159
13,High,32,0,0,131,137,99,144
13,Medium,33,1,0,187,179,56,189
11,Medium,36,1,0,189,201,60,206
17,Medium,37,1,0,185,187,63,186
9,Medium,38,0,0,131,123,70,128
10,High,37,1,0,144,142,106,149
10,Low,24,1,0,141,141,38,148
8,Low,40,0,0,162,157,54,158
10,High,20,0,0,189,185,90,187
18,Medium,22,1,1,138,127,59,127
15,Low,37,0,0,156,166,28,168
14,High,25,0,0,150,139,100,143
13,Medium,39,0,0,169,159,63,169
10,Low,21,1,0,121,111,41,110
9,Low,31,0,0,184,192,49,188
12,Low,31,1,1,176,176,54,188
18,Medium,27,1,1,182,172,77,182
16,High,30,0,1,190,188,108,185
9,Medium,29,1,0,120,129,78,132
16,Medium,23,1,0,130,140,67,133
13,Medium,27,1,0,152,164,84,169
15,Medium,28,0,0,148,152,84,161
11,Low,27,1,0,162,171,35,167
10,High,18,1,0,172,175,100,184
12,Low,25,1,0,157,152,29,149
14,Low,26,1,0,170,161,53,165
14,High,32,1,0,121,116,117,127
19,High,36,1,1,168,159,87,151
14,High,19,1,1,123,125,94,124
14,Low,19,1,1,188,185,29,193
14,Low,18,0,0,130,134,31,132
12,Medium,19,1,0,124,125,61,137
16,Low,35,1,0,172,162,40,166
17,High,22,1,0,169,177,89,187
9,Medium,29,1,0,135,137,62,140
12,Medium,36,0,0,178,187,75,199
12,Medium,23,0,0,156,147,76,149
19,Low,29,1,1,190,187,36,185
16,High,20,0,0,121,121,100,114
18,Low,32,1,0,124,122,42,117
10,Low,28,1,0,122,128,30,139
18,Low,24,0,0,183,172,41,164
12,Low,24,0,0,160,171,52,163
19,High,21,1,0,166,175,120,181
12,High,30,0,0,152,144,111,144
11,Medium,21,0,0,143,139,82,151
19,Low,23,0,0,140,130,36,130
16,Low,34,0,1,179,183,54,189
16,High,20,1,0,175,186,103,183
18,High,24,1,0,180,170,104,176
12,Medium,34,1,0,170,160,70,161
10,High,31,1,0,138,135,111,135
8,Low,40,0,1,146,156,50,152
17,Medium,29,0,0,161,158,67,168
16,High,38,1,0,135,129,87,140
11,High,29,0,0,154,159,99,159
13,Low,37,0,0,166,154,35,146
16,Low,20,0,0,129,131,48,123
12,Medium,24,0,0,157,162,71,171
16,Low,31,1,0,160,162,33,165
11,Medium,22,0,0,164,168,77,167
13,Medium,32,0,0,126,133,68,135
11,High,24,1,0,124,120,95,128
13,Low,29,0,0,133,144,29,154
11,High,32,0,0,138,134,106,126
12,Low,23,1,0,150,148,27,143
12,High,32,1,0,129,133,115,141
11,High,28,1,0,153,144,90,148
8,Medium,29,0,0,140,147,81,150
13,High,19,0,0,136,130,111,125
11,Medium,34,0,0,148,159,58,168
15,Medium,37,1,0,161,162,58,163
17,Medium,20,0,0,121,117,68,120
9,Medium,31,0,0,137,125,60,121
19,High,28,1,0,169,161,114,171
17,Low,39,0,0,131,122,55,131
8,Low,31,0,0,137,148,25,155
10,Medium,26,1,0,124,115,60,110
14,Low,28,0,0,170,165,49,161
11,Low,32,1,0,167,165,36,174
13,High,31,0,0,173,161,94,164
16,Medium,26,1,0,132,131,59,124
13,High,34,0,0,188,199,92,207
16,Medium,23,0,0,139,140,79,142
13,High,24,0,0,131,129,104,139
15,Medium,22,0,0,141,138,81,132
12,Low,28,0,0,146,134,27,145
13,Low,34,0,0,165,177,54,173
17,High,19,1,0,173,166,118,167
14,High,24,1,0,137,141,105,138
18,High,34,0,0,162,174,108,186
9,Low,38,0,0,186,175,32,182
14,Low,40,0,0,155,144,31,136
9,Medium,37,1,0,177,182,75,179
19,Medium,31,1,0,127,116,62,128
9,High,32,1,0,150,156,115,157
19,Medium,19,0,0,176,170,58,163
9,Medium,20,1,0,140,129,82,123
10,High,40,0,0,190,184,107,176
17,High,30,1,0,153,164,88,171
11,Medium,35,1,0,178,186,64,196
8,High,25,1,0,165,157,106,167
8,High,24,0,0,120,125,106,127
10,Medium,21,1,0,170,175,80,187
9,High,19,1,0,126,115,102,110
18,High,30,0,0,124,113,115,113
9,Medium,32,0,0,134,139,79,141
16,High,35,0,0,143,145,117,152
11,Medium,32,1,0,177,168,81,173
15,Medium,39,1,1,169,174,80,181
9,Medium,39,0,0,172,183,68,191
8,Medium,40,1,0,162,166,79,176
11,High,26,1,0,136,137,106,130
8,Low,34,1,0,150,160,42,159
12,High,26,0,0,152,151,118,148
10,Medium,23,0,0,143,148,62,159
11,Medium,31,0,0,125,134,60,139
8,Medium,34,1,0,149,152,72,153
9,Medium,37,0,0,126,115,58,123
18,Low,38,0,0,140,143,39,147
10,Medium,25,0,0,143,150,57,147
11,Medium,38,1,0,180,174,69,174
11,Medium,29,1,0,148,144,63,137
18,High,28,1,0,159,158,87,157
10,Medium,26,1,0,123,124,72,128
8,High,39,1,0,176,177,91,171
16,High,22,1,0,133,127,104,127
9,Medium,35,1,0,143,133,79,130
12,High,23,1,0,190,193,101,203
15,Low,21,0,1,125,118,43,119
17,Low,32,1,1,166,164,46,165
9,High,40,1,0,173,168,98,167
17,Medium,33,0,0,167,174,83,171
18,Medium,29,0,0,126,116,64,115
12,Medium,37,1,0,178,181,64,191
8,High,27,0,0,166,155,118,158
12,Low,28,0,0,169,173,46,184
14,High,24,1,0,159,156,88,154
17,Low,37,1,0,145,155,27,164
12,Low,27,0,0,128,136,45,128
10,Medium,24,0,0,176,171,66,178
8,Medium,31,1,1,132,140,63,141
9,Medium,20,0,1,132,138,83,139
9,Low,26,0,0,136,142,26,142
10,Low,36,0,0,171,170,41,181
17,High,31,1,0,143,133,96,138
10,High,27,1,0,145,141,90,151
19,High,38,1,0,154,155,112,149
15,High,32,0,1,158,166,102,168
15,Low,29,1,0,148,145,46,143
13,Medium,36,1,0,150,157,84,158
9,High,22,1,0,129,127,93,136
9,Medium,25,1,0,173,164,76,157
10,Medium,34,0,0,129,128,81,127
10,Low,28,0,0,162,153,46,148
17,Low,22,1,0,156,162,36,156
17,Medium,39,1,0,122,124,73,124
12,High,23,0,0,177,188,86,184
15,High,23,0,0,189,196,100,197
18,Low,22,1,1,165,161,52,162
17,Medium,28,1,0,170,163,60,173
13,Low,35,1,0,168,172,28,179
15,Low,30,0,0,186,194,54,200
16,Medium,26,1,0,186,185,66,178
18,Medium,30,0,0,134,137,75,132
14,Medium,40,0,0,173,184,80,180
15,High,19,0,0,143,131,108,125
16,Medium,34,0,0,133,138,77,147
11,High,27,1,0,120,110,98,115
8,High,21,0,0,188,199,88,194
13,Medium,19,1,0,178,182,75,174
9,High,30,1,0,167,173,101,185
9,Low,35,1,0,188,200,49,210
19,Medium,28,0,0,133,123,84,121
19,Medium,29,1,0,166,173,66,178
12,Medium,26,1,0,172,171,83,164
8,High,38,1,0,178,174,99,178
9,Low,35,1,0,181,180,38,183
18,Medium,28,1,0,144,138,79,131
11,Low,23,0,0,156,166,40,172
19,Medium,37,1,0,186,192,74,197
14,High,24,1,0,141,142,100,150
15,High,19,1,0,165,171,117,167
17,High,39,0,0,171,176,110,177
13,Medium,26,1,0,185,194,69,206
19,Low,32,0,0,137,141,37,144
14,Medium,30,0,0,171,173,78,173
11,High,18,0,0,177,183,99,195
11,High,24,1,0,163,160,98,172
14,Low,40,0,0,145,147,47,156
10,Medium,18,1,0,126,120,68,118
17,Medium,36,0,0,168,174,82,176
9,High,39,0,0,140,131,117,126
15,High,36,1,0,151,159,105,166
12,Medium,21,0,0,144,134,57,134
18,High,30,0,0,153,145,95,137
19,Low,22,1,0,136,136,35,144
18,High,25,1,0,182,185,112,180
16,High,27,1,0,177,178,115,174
14,Medium,23,0,0,182,186,59,184
13,Low,33,0,1,157,156,37,167
13,High,23,1,0,126,116,119,113
10,High,27,1,0,156,165,106,172
16,High,22,1,0,169,178,97,186
17,Low,19,1,0,150,143,27,141
10,Low,36,0,0,141,138,25,139
9,High,27,0,0,146,155,102,154
10,Medium,38,0,0,121,125,56,122
12,High,19,0,1,181,181,109,187
9,Medium,34,1,0,155,162,84,156
18,High,20,1,0,140,129,92,128
15,Medium,40,1,0,127,125,75,118
13,Medium,21,1,0,123,124,81,120
13,Low,40,1,1,125,113,48,117
9,Medium,31,0,0,182,173,65,173
9,Medium,25,1,0,127,118,73,111
10,Low,22,1,0,132,140,41,144
13,High,35,0,0,169,176,86,186
16,Medium,29,0,1,182,171,67,166
10,Medium,29,0,0,178,174,72,182
11,Low,22,1,0,155,149,50,160
10,Medium,21,0,0,174,181,75,189
12,High,18,1,0,174,164,94,171
13,Medium,18,0,0,166,175,59,172
10,Medium,23,0,0,166,175,59,185
8,Low,23,0,0,125,131,52,138
14,Low,21,1,0,130,118,37,113
8,Low,23,0,0,130,128,54,120
10,High,28,1,0,184,182,105,183
8,Medium,20,1,0,159,166,72,160
19,High,28,1,0,128,117,90,110
13,Low,40,1,0,128,132,46,124
11,Low,27,1,0,130,131,40,140
11,High,28,1,0,143,141,112,139
19,Medium,20,1,1,143,141,60,139
8,Medium,22,1,0,147,151,79,146
11,Low,30,1,0,122,127,27,136
8,High,23,0,0,142,151,114,161
8,Low,36,0,0,170,161,44,155
18,Low,19,0,0,127,118,25,127
11,Medium,32,0,0,165,155,77,158
19,Low,30,1,0,137,135,31,144
9,Medium,22,0,0,177,183,68,177
18,Low,28,0,0,171,163,50,163
12,Low,23,1,0,152,149,38,150
15,Medium,36,0,0,168,178,56,188
9,Low,22,0,0,177,184,54,190
19,Medium,32,0,0,162,160,69,162
8,High,23,1,0,184,175,102,180
10,Medium,38,1,0,171,167,65,171
19,High,20,1,0,156,150,115,144
9,Low,38,1,0,132,136,48,146
11,Medium,35,0,0,178,180,74,191
11,Medium,29,1,0,161,173,83,167
15,High,25,0,0,153,147,99,157
14,Medium,27,0,0,162,159,80,161
16,Medium,22,0,0,157,161,67,158
18,Low,24,0,0,159,151,39,162
12,High,19,0,0,139,143,111,139
8,High,21,1,0,147,140,120,140
19,High,26,0,0,182,183,120,191
11,Medium,23,0,0,137,141,56,151
10,High,22,1,1,124,125,103,123
11,High,35,1,0,123,115,100,120
14,Low,35,0,0,158,160,35,153
10,Low,39,0,0,153,159,38,152
19,Medium,38,1,0,134,122,84,125
19,Medium,19,0,0,127,127,83,129
13,Low,31,1,0,136,127,52,121
19,Low,31,1,0,156,163,29,174
15,Medium,35,0,1,182,171,79,177
19,Low,22,1,0,175,174,45,186
13,High,36,1,1,167,177,100,187
9,Medium,23,0,0,124,136,62,141
8,High,26,0,0,156,163,88,174
16,Medium,35,0,1,173,165,56,159
10,High,27,1,1,164,169,93,176
14,Low,25,0,0,139,128,52,126
11,Medium,40,0,0,181,183,68,194
10,Low,38,0,0,171,170,55,175
14,High,38,0,0,126,124,116,134
16,High,30,0,0,180,186,106,191
10,Medium,35,0,0,175,172,64,170
9,High,40,1,0,149,152,113,164
13,Low,37,1,0,122,124,34,135
9,Low,29,1,0,136,147,31,152
18,Low,25,1,0,165,177,47,183
10,Low,28,1,0,188,185,31,190
12,Medium,35,0,0,138,126,77,132
12,Low,28,1,1,129,122,54,123
18,Low,29,1,0,134,145,48,156
14,High,31,1,0,178,166,92,170
9,Medium,28,1,0,126,126,67,134
11,Low,19,0,0,124,118,29,130
9,Medium,29,1,0,149,144,59,143
17,Medium,31,0,0,174,164,85,158
19,Low,33,0,0,134,132,34,142
16,High,27,0,0,156,150,112,151
16,Medium,32,0,0,164,169,81,171
16,High,35,1,0,160,157,110,168
16,High,33,0,0,150,159,109,159
10,Medium,36,0,1,121,113,83,123
10,High,23,1,0,184,183,110,189
14,High,40,1,0,143,144,91,156
8,Medium,31,1,0,173,164,73,157
14,High,36,0,1,161,157,95,151
14,Low,24,0,0,134,132,28,128
13,High,32,1,0,131,139,87,136
19,Medium,20,0,0,131,128,84,131
18,High,36,1,0,146,155,109,158
16,High,23,1,0,120,110,87,110
16,High,40,0,0,121,114,113,110
11,Low,38,1,0,146,143,37,141
15,Medium,22,0,0,120,127,57,133
18,Low,37,0,0,185,181,42,180
14,Medium,21,0,0,163,153,65,165
9,Medium,34,1,0,132,137,64,147
14,Medium,29,0,1,140,135,73,136
13,High,36,1,1,147,154,116,156
18,Low,23,0,1,158,156,40,157
10,Medium,30,0,0,150,143,82,154
19,Low,23,1,0,176,180,48,191
12,High,18,0,0,174,172,115,165
17,High,22,0,0,175,185,99,188
17,High,35,1,1,165,154,90,163
12,High,21,0,0,161,160,116,168
11,Medium,28,1,0,156,166,83,169
9,High,29,1,0,145,157,115,155
16,High,26,0,0,171,177,105,179
10,High,32,0,0,190,200,110,210
12,Low,22,1,0,185,181,38,187
17,Low,18,0,0,174,183,49,189
19,High,19,0,0,167,175,96,172
18,Low,30,1,0,154,164,47,173
18,High,25,1,0,135,139,101,142
16,Medium,28,1,0,138,134,75,143
19,Medium,36,1,0,158,162,76,166
9,High,19,1,0,187,195,112,204
12,Medium,29,1,0,141,152,73,151
15,High,38,1,0,135,125,94,122
14,Medium,21,0,0,131,132,67,129
11,Low,23,1,0,157,166,46,174
19,Low,25,0,0,182,181,48,191
19,Medium,24,1,0,151,147,75,144
19,Low,21,1,0,178,183,25,178
10,Low,34,0,1,129,120,48,119
18,Low,37,1,0,169,165,54,171
19,Low,30,1,1,180,175,30,172
12,High,34,0,0,148,152,113,159
19,Low,34,1,0,147,146,35,142
15,Low,32,0,0,145,148,46,160
9,Low,38,1,0,136,132,43,134
12,High,36,1,0,140,142,103,153
10,Low,34,0,0,146,139,37,143
10,Medium,28,1,0,160,149,74,150
9,Low,38,1,0,159,164,44,157
11,High,31,0,0,171,163,94,164
16,Medium,26,0,0,179,175,65,173
11,Low,27,0,0,183,189,38,184
10,Low,30,1,0,144,147,49,139
10,Low,22,1,0,145,136,37,139
19,High,35,0,0,130,131,89,127
9,High,32,0,1,137,127,99,136
9,High,19,1,0,165,155,104,156
19,Low,25,1,0,187,177,44,189
17,Medium,37,0,0,160,153,58,152
18,Medium,38,0,0,173,163,73,156
10,Medium,28,0,0,167,156,76,152
9,High,37,0,0,172,181,115,179
18,Low,34,1,0,189,182,46,189
9,Medium,29,1,0,166,154,71,153
16,Low,39,1,0,152,154,44,152
15,Low,25,0,0,188,185,47,185
12,Low,29,1,0,130,130,36,138
17,Medium,20,0,0,137,134,77,127
12,High,34,1,1,162,160,108,160
15,High,31,1,0,122,117,91,123
9,High,22,0,0,156,157,96,149
8,Low,38,1,1,150,144,52,143
16,High,30,0,0,123,111,109,110
13,High,35,1,0,187,183,93,176
17,Medium,27,1,0,136,137,84,137
17,Medium,22,1,1,181,170,84,166
10,High,19,0,1,181,182,101,183
14,Low,20,1,0,141,150,25,160
17,Medium,34,0,0,190,188,68,194
15,Low,20,0,1,141,142,27,141
8,Medium,40,0,0,181,173,65,179
17,Low,24,1,0,152,161,37,165
8,Medium,33,1,1,148,160,71,169
13,Low,22,1,0,123,133,33,134
19,High,25,1,0,184,178,102,182
12,Low,29,0,0,175,171,30,179
12,High,35,0,0,136,148,113,156
17,High,37,1,0,178,175,98,180
9,Medium,30,1,0,134,132,59,142
11,Medium,33,0,0,167,169,66,179
10,Medium,31,1,0,141,131,56,140
10,Medium,23,1,0,188,185,73,195
13,Low,21,1,0,142,133,46,138
12,Medium,29,1,0,172,174,65,179
17,Medium,25,0,0,153,149,63,160
16,Low,31,0,0,137,137,34,130
17,Medium,32,0,0,181,186,62,197
18,High,25,0,0,137,137,90,140
8,High,27,1,0,150,156,107,150
11,High,29,0,0,183,189,102,185
10,Medium,33,0,0,135,132,80,135
11,High,28,1,0,174,166,117,165
18,Low,37,1,0,148,146,45,144
8,High,20,1,0,179,185,105,191
13,Low,33,1,1,139,148,49,145
19,Medium,26,1,0,162,164,74,166
13,High,18,1,0,179,184,96,193
15,High,19,0,0,157,149,115,158
14,High,28,1,1,122,122,90,123
18,High,31,1,0,153,154,108,162
11,Medium,21,1,0,122,110,82,110
11,Medium,22,1,0,172,167,71,167
16,Low,23,0,0,127,133,53,125
19,High,18,1,0,189,186,94,186
9,Low,38,1,0,155,160,29,164
15,Medium,35,0,0,172,168,63,180
15,Low,29,1,0,146,136,48,134
15,Medium,31,1,1,170,174,56,172
13,Medium,40,1,0,140,141,74,144
16,Low,24,0,0,160,158,26,161
14,Medium,24,1,0,175,180,85,178
15,Low,39,1,0,171,177,26,179
10,High,26,0,0,150,151,117,161
18,High,25,0,0,189,177,119,179
8,High,20,0,1,131,121,90,131
13,Medium,22,0,0,185,184,64,176
8,High,24,1,0,145,142,108,136
8,Low,27,1,0,147,142,39,138
18,Medium,30,1,0,129,139,75,151
12,High,28,0,0,167,164,101,169
13,Low,18,1,0,153,146,38,143
15,Low,32,1,1,156,157,52,166
18,Medium,18,1,0,126,116,63,111
14,Medium,33,0,1,171,168,64,169
12,Medium,28,1,0,143,133,73,138
18,Medium,40,1,0,121,119,71,111
13,Low,34,1,0,159,149,40,160
14,High,23,1,0,152,151,88,163
18,Low,18,0,0,158,147,30,142
17,High,36,0,1,167,173,86,170
13,Low,25,1,0,165,168,52,164
16,Low,27,0,0,150,162,50,162
10,High,37,0,0,156,150,92,145
10,High,23,0,0,138,135,104,127
10,Low,34,0,1,148,144,45,155
14,Low,32,1,0,169,180,46,178
16,Medium,25,0,0,165,164,57,169
14,High,28,0,0,182,171,103,180
13,Medium,29,0,0,185,178,82,174
9,High,22,0,0,125,118,90,111
14,Low,40,0,0,188,178,55,186
19,High,20,0,1,160,167,90,165
11,Low,19,0,0,120,123,54,130
16,Low,27,0,0,173,163,53,166
9,Medium,33,0,0,152,147,69,150
18,High,24,0,0,180,186,116,191
11,Low,29,1,0,174,166,36,174
12,Low,22,0,1,135,138,30,132
9,Medium,31,1,0,182,177,65,185
17,High,23,1,1,137,143,114,142
14,Medium,36,1,0,121,115,73,119
14,Medium,38,1,0,175,171,80,166
16,High,24,1,0,130,127,116,134
12,Low,30,0,0,179,173,55,182
19,High,25,0,0,158,146,120,141
10,Medium,31,0,0,123,126,82,118
15,Low,34,1,0,123,135,53,141
12,Medium,27,0,0,181,170,80,173
15,Medium,27,1,0,120,127,64,130
9,Low,39,1,1,175,172,37,172
19,Medium,27,0,0,161,173,66,177
18,Low,38,1,0,162,150,26,156
13,Low,31,0,0,183,181,46,190
12,Medium,28,0,0,183,174,76,172
11,Low,32,0,0,137,146,38,150
14,Medium,31,1,0,142,140,60,146
18,High,38,1,0,162,172,87,168
19,High,37,0,0,181,177,107,176
13,Medium,40,0,0,131,129,61,124
19,Medium,34,1,0,133,144,85,138
11,Low,29,0,0,155,147,35,152
18,Low,19,1,0,132,143,44,138
12,Low,35,0,0,132,143,38,151
19,High,24,0,0,184,182,86,181
10,Medium,22,0,0,153,158,65,160
11,Low,19,1,0,120,111,46,110
9,High,26,0,0,185,194,99,186
10,Medium,22,0,1,189,193,68,197
17,Medium,24,1,0,177,174,83,180
11,Medium,18,1,0,125,113,68,110
18,Medium,35,1,0,130,128,68,127
15,Medium,20,0,0,174,169,66,179
12,Medium,23,0,0,158,152,84,151
13,High,35,0,0,173,167,101,176
12,Low,36,1,1,183,186,33,190
19,High,21,0,0,172,173,87,169
11,Low,27,0,0,122,121,42,124
18,Medium,18,1,1,163,154,68,149
10,Medium,19,1,0,177,179,72,177
10,Low,27,0,1,159,162,52,159
10,Medium,21,0,0,188,177,68,172
10,Medium,39,1,0,187,182,62,189
10,Medium,38,0,0,152,156,58,151
12,Medium,27,0,0,122,126,56,137
14,Medium,29,1,1,177,182,78,176
9,Low,20,0,0,183,173,27,170
15,Medium,19,1,0,143,140,60,135
11,High,35,0,0,152,164,112,159
14,Low,20,1,0,124,121,53,119
10,Low,31,1,0,143,149,38,141
19,High,22,1,0,149,156,94,165
9,Medium,34,0,0,157,169,83,178
18,Low,39,1,0,151,140,40,141
15,Low,40,0,0,160,153,36,163
13,High,29,1,0,143,152,100,162
8,Low,32,1,0,151,157,25,150
11,Medium,36,0,0,174,166,61,159
10,High,34,0,1,166,171,103,168
16,Low,20,0,1,145,141,39,151
13,Medium,34,1,0,155,165,71,164
17,Low,20,1,0,190,188,47,185
19,Low,39,1,0,179,183,27,182
19,Low,28,0,0,121,121,48,113
16,Low,21,0,0,124,114,30,120
15,Medium,20,0,0,133,142,80,148
19,Low,28,1,0,189,189,41,200
15,High,23,0,0,163,166,105,175
17,Low,26,1,0,128,123,38,133
8,High,34,1,0,144,145,117,143
10,Medium,27,1,0,143,131,57,139
15,High,30,0,0,144,149,100,153
8,High,29,1,0,183,177,96,189
16,Low,24,1,0,161,151,37,155
10,Low,28,0,0,134,131,29,143
13,Medium,35,1,0,173,169,71,179
15,Medium,20,1,0,148,148,79,151
11,Medium,28,0,0,163,166,56,169
15,High,26,0,0,136,137,107,141
9,Low,21,0,0,152,160,54,171
19,Medium,31,0,1,138,132,59,129
17,Medium,20,1,0,132,126,70,128
15,Low,20,1,0,176,180,55,184
17,Medium,21,1,0,120,111,84,111
10,High,39,1,0,171,159,87,171
16,High,30,1,0,122,123,92,125
9,Medium,28,0,0,177,180,78,173
14,Medium,40,1,0,137,131,71,142
12,Low,29,1,0,133,127,37,139
18,High,27,1,0,138,137,95,137
9,Low,37,0,0,124,129,54,131
9,High,31,0,0,121,125,96,123
16,Low,39,1,0,135,128,41,130
16,Medium,27,0,0,183,184,80,178
19,Medium,37,0,0,150,141,68,137
11,Medium,19,1,0,170,158,76,165
11,High,26,1,0,190,180,95,173
10,Low,37,1,0,156,156,32,164
11,Medium,40,0,0,162,158,59,158
12,Low,29,1,0,153,142,26,147
15,Low,30,1,0,154,159,50,164
11,High,24,1,0,140,151,104,150
16,High,27,1,0,156,162,112,159
14,High,31,1,0,120,124,103,134
12,Low,18,0,0,144,133,52,126
11,Low,19,0,0,177,180,44,184
13,Low,23,1,0,166,166,52,163
19,Low,25,1,0,126,123,44,124
18,Medium,36,0,0,183,192,75,203
12,High,40,1,0,122,111,87,115
16,High,20,0,0,187,175,97,170
18,Medium,28,0,0,181,172,85,173
19,High,32,1,0,153,159,119,157
16,Low,20,0,0,155,155,50,156
10,High,27,1,0,129,127,115,132
12,High,34,1,0,175,184,118,176
9,Low,35,0,0,137,149,38,142
9,Low,37,1,0,142,137,47,140
12,Low,36,0,0,189,199,48,204
10,Low,31,1,0,163,153,44,146
11,Medium,25,0,0,172,171,74,164
19,High,26,0,1,178,169,108,169
11,Medium,29,1,0,147,155,82,148
12,Low,39,1,0,180,181,30,179
18,Medium,38,0,0,172,169,62,171
9,Medium,36,0,0,155,153,64,160
10,High,27,1,0,175,172,105,168
8,High,21,0,0,146,143,119,142
16,Medium,31,0,0,184,192,64,193
8,Medium,31,0,1,187,183,72,178
17,Medium,27,1,1,173,175,59,177
17,Medium,35,0,0,121,115,61,110
15,Medium,29,0,0,167,171,65,175
9,High,40,0,0,126,123,111,123
15,High,28,0,0,186,185,112,183
8,Medium,25,0,0,165,177,63,173
15,Low,33,1,0,144,154,36,156
9,High,26,1,0,180,187,107,188
16,High,28,1,0,123,126,109,123
13,High,37,1,0,147,143,101,136
11,Low,26,1,0,126,133,35,142
19,Low,39,0,0,122,131,29,138
14,Low,32,0,1,159,152,34,164
10,Low,21,0,0,186,180,34,183
8,Medium,25,1,0,132,123,81,119
17,Low,28,0,0,177,174,25,181
15,High,31,1,0,132,140,90,151
16,High,37,0,0,151,162,120,159
17,Medium,38,1,0,171,182,58,174
15,Medium,32,1,0,152,155,63,160
17,High,35,1,1,128,119,101,126
14,Medium,19,0,0,170,168,63,177
17,High,23,1,0,157,160,98,167
11,High,20,1,0,144,149,91,141
8,Low,26,1,0,140,147,48,159
17,Medium,19,1,0,131,120,57,129
12,Medium,31,1,0,125,118,78,114
15,Medium,22,1,0,126,121,62,119
16,Low,23,0,0,187,181,53,174
14,Low,28,1,0,129,117,37,110
10,Low,26,1,0,150,156,43,156
12,Low,31,0,0,154,151,35,147
16,Low,19,1,0,187,179,29,184
12,Low,22,1,0,162,174,40,183
14,Medium,18,0,0,136,136,69,137
18,Low,30,0,0,156,155,41,153
18,High,22,0,0,121,130,89,136
13,Medium,35,1,0,129,132,57,140
19,High,28,0,1,137,146,91,140
8,High,27,0,0,122,113,86,120
9,Low,39,1,0,146,141,46,135
13,High,22,0,0,127,116,96,110
19,Low,32,0,0,170,182,35,182
12,High,23,1,0,124,124,100,128
14,Low,36,0,0,131,126,31,132
14,High,18,0,0,190,178,95,190
9,Medium,27,1,0,173,165,62,159
9,High,25,1,0,157,157,120,157
12,High,38,0,1,138,137,120,139
11,Low,28,0,0,180,192,36,199
10,Medium,39,1,0,175,183,69,189
19,Low,26,0,0,120,126,46,127
12,High,20,1,0,167,169,86,173
10,Medium,37,0,0,160,148,72,142
17,Medium,25,0,1,140,139,85,135
8,High,19,1,0,146,145,92,155
19,Medium,39,1,0,171,182,70,186
13,High,33,1,0,158,165,102,161
12,High,40,0,0,142,153,110,154
15,Medium,35,1,0,168,174,68,180
17,Medium,40,1,0,187,180,84,189
12,High,40,0,0,145,140,114,141
14,Medium,31,0,0,137,149,58,146
13,High,25,0,0,190,181,97,181
18,High,31,1,0,177,174,98,173
10,Medium,28,1,0,168,166,78,164
14,Medium,40,1,0,129,127,66,136
15,Low,22,1,0,141,138,37,148
18,Medium,21,1,0,173,181,65,183
16,High,19,0,0,141,131,95,125
8,Medium,28,0,0,126,136,65,144
19,High,30,0,0,121,121,103,130
17,High,22,1,0,184,185,87,187
18,Medium,27,1,0,131,128,63,127
8,Low,39,0,0,136,146,34,142
9,Low,40,1,0,120,110,38,110
8,High,39,1,0,137,137,90,149
11,Low,33,1,0,186,195,32,194
13,High,18,0,0,151,149,115,159
13,Low,34,0,1,150,158,37,160
10,High,37,0,0,148,154,111,153
13,Low,27,1,0,141,145,46,153
19,High,38,0,0,155,158,94,157
16,Low,31,1,0,181,171,27,169
18,High,20,0,0,123,117,105,121
17,Medium,33,1,0,129,120,82,126
12,High,27,1,0,133,136,115,146
13,Medium,25,1,0,185,187,60,196
10,High,39,1,0,139,140,86,143
10,Low,27,0,0,167,172,49,165
15,High,25,0,0,142,142,107,134
11,Low,18,0,0,157,152,26,150
17,Low,18,0,0,122,123,28,122
10,Medium,29,0,0,163,175,66,172
14,Low,28,0,0,144,132,54,131
12,Low,24,1,0,147,135,47,128
17,Low,24,1,0,156,155,42,164
18,High,32,0,0,137,134,100,143
11,Low,26,1,1,175,164,55,159
12,High,22,1,0,158,149,120,146
19,Low,28,1,0,161,157,45,154
11,Low,36,1,0,121,128,53,138
17,Low,32,1,0,156,162,44,162
17,Medium,37,0,0,136,141,84,134
8,Medium,32,0,0,122,128,67,121
15,Medium,27,0,0,127,119,81,120
8,High,30,0,0,180,172,114,171
9,High,25,1,0,131,125,105,118
16,Low,29,1,0,176,179,30,184
18,Low,30,1,0,149,148,33,152
18,Low,30,0,0,126,117,48,121
18,Medium,36,0,0,148,151,71,156
16,Low,40,1,0,158,156,42,151
8,Low,37,0,0,138,142,46,154
17,Medium,28,1,0,184,179,59,178
11,Medium,23,1,0,135,142,68,143
12,High,33,0,0,132,122,87,124
17,Low,38,0,1,187,184,38,187
17,Medium,18,1,0,190,199,79,206
17,High,19,0,0,136,130,89,125
19,High,39,0,0,173,171,100,168
18,Medium,28,1,0,150,142,82,151
12,High,27,1,0,152,164,87,169
19,Low,37,0,0,179,177,39,185
16,Medium,33,0,0,178,166,63,160
15,Medium,24,1,0,156,153,79,161
9,High,39,1,0,127,134,117,133
11,Low,37,1,0,145,155,48,158
8,Medium,19,1,0,139,146,62,139
16,Medium,20,0,0,143,141,85,140
10,Medium,33,1,0,175,168,66,162
9,Medium,38,0,0,125,136,85,134
12,High,29,1,0,181,191,106,197
15,High,30,1,0,163,164,96,159
13,Low,34,0,0,131,140,42,140
12,Medium,19,0,0,165,165,80,162
8,Low,37,0,0,179,178,42,182
17,Low,25,1,0,136,124,36,136
11,Low,29,1,0,169,179,26,183
8,Low,22,1,0,136,137,49,135
8,Medium,23,0,0,179,174,68,169
13,Low,40,0,0,134,142,49,138
14,High,25,0,0,148,145,114,153
15,Medium,37,0,0,179,167,69,179
11,Medium,38,0,0,128,120,60,126
19,High,24,0,0,165,169,108,162
13,High,31,0,0,171,181,115,192
13,Low,20,0,0,125,130,28,125
14,Low,33,0,0,174,173,42,180
13,High,35,1,0,185,181,115,182
16,Medium,19,0,0,140,147,81,142
10,Low,27,1,0,146,156,28,152
17,Low,35,0,0,155,153,27,156
13,Medium,29,1,0,175,176,84,183
14,High,28,1,0,140,132,97,140
12,High,27,0,0,162,169,114,175
19,Medium,27,0,0,120,128,57,132
18,High,36,1,0,190,178,101,175
10,High,33,0,0,161,163,87,169
13,Low,39,1,0,160,154,38,162
18,High,24,0,0,178,172,100,170
15,Medium,25,1,0,144,132,76,142
17,Medium,21,0,1,129,122,61,127
12,Low,18,1,0,157,145,33,146
18,High,23,1,0,151,143,115,148
13,Medium,39,1,0,132,126,75,121
13,Medium,31,1,0,177,171,81,173
14,Low,36,1,0,144,139,38,149
19,Low,40,1,0,161,168,48,166
10,High,21,0,0,166,170,106,174
11,Low,25,0,1,120,122,33,116
9,High,39,1,0,137,142,94,148
11,Medium,35,0,0,187,182,76,175
17,High,32,0,0,184,183,116,189
11,Low,40,0,0,189,183,29,195
13,Low,36,1,0,146,145,48,154
18,Medium,24,1,0,161,155,71,163
8,High,34,1,1,145,146,96,141
11,Medium,35,1,0,145,144,66,151
12,Low,20,0,0,171,183,31,182
15,Low,31,1,0,159,171,32,176
11,Medium,25,0,0,148,145,68,140
9,High,23,0,0,184,175,120,175
11,Low,36,1,0,131,136,52,136
15,Medium,26,0,0,157,169,71,173
16,Low,26,0,0,165,170,44,170
18,High,26,1,1,161,171,106,179
10,Medium,28,1,0,126,119,64,130
15,Medium,19,1,0,137,128,61,124
19,Low,27,1,0,137,132,34,144
19,High,32,0,0,132,143,95,150
11,Low,33,0,0,150,156,44,166
10,Medium,23,0,0,143,142,77,144
10,High,33,1,0,166,155,90,163
15,High,37,0,0,187,194,114,202
9,Medium,30,1,0,154,155,69,152
8,Medium,35,0,0,140,144,63,138
9,High,21,0,1,172,180,89,175
11,Medium,20,0,0,183,187,64,193
14,Low,35,1,0,138,147,39,151
19,Low,28,0,0,127,120,43,130
9,High,22,1,0,176,186,106,198
17,Low,40,1,0,134,139,53,149
18,High,25,1,0,173,165,118,158
12,Low,37,1,0,136,145,36,146
10,High,38,1,0,190,191,103,185
16,High,35,1,0,121,125,98,135
19,High,36,0,0,184,192,115,201
19,Medium,34,1,0,126,115,69,119
11,Low,26,1,0,176,167,29,171
11,High,35,0,0,151,143,105,145
15,High,28,0,0,176,175,104,185
18,Medium,34,1,0,124,118,56,119
13,High,35,0,0,176,178,108,176
10,Low,39,1,1,160,148,25,150
17,Low,23,1,0,138,144,41,145
19,High,20,0,0,135,140,88,143
18,Low,24,0,0,164,152,44,154
14,Medium,35,0,0,127,131,66,128
11,High,39,1,1,126,136,106,147
13,Medium,34,0,0,151,156,70,167
13,Low,27,1,0,177,172,52,179
12,Low,32,1,0,151,163,49,159
15,Low,26,1,0,157,164,40,162
10,High,21,1,0,135,135,112,133
17,Low,25,0,0,182,171,53,168
14,Low,21,0,0,132,138,30,140
15,Low,37,1,1,141,130,33,132
9,Medium,28,1,0,164,169,57,174
19,Low,38,0,0,131,132,31,142
12,High,33,1,1,166,165,86,167
16,Medium,23,0,0,148,138,69,136
10,Medium,31,1,0,140,149,84,148
10,Low,36,0,0,133,135,55,134
15,High,30,1,0,131,143,114,151
13,Low,40,1,0,141,130,47,132
13,Medium,32,1,0,126,126,80,134
16,Medium,26,1,0,155,151,59,154
8,Low,39,0,0,175,185,43,195
15,Low,40,0,0,122,119,27,131
18,High,40,0,0,187,190,100,189
15,Medium,36,1,0,132,135,61,134
16,High,31,0,0,148,146,107,141
15,Low,25,0,0,161,169,25,171
13,High,30,0,1,135,137,95,137
16,Medium,19,0,0,128,122,78,114
9,Low,20,0,0,127,124,45,120
11,Low,28,0,0,159,162,33,168
19,High,37,1,0,169,168,100,178
16,Low,34,1,0,169,169,42,177
11,High,28,0,0,186,186,98,185
9,Low,27,1,0,158,164,26,163
19,Low,19,1,0,140,136,31,147
16,Low,19,1,0,126,134,25,140
9,Medium,37,0,0,147,154,85,146
11,Medium,34,1,0,168,176,80,186
16,High,25,1,0,160,158,103,158
12,Medium,33,1,0,173,165,65,171
14,High,32,0,0,187,191,114,202
10,High,30,0,0,146,155,93,156
15,Medium,22,0,0,136,136,56,130
10,High,33,1,0,150,159,120,158
16,Medium,20,0,0,141,153,61,147
11,Medium,37,1,0,184,173,75,175
14,Low,20,1,1,177,173,26,178
12,Medium,30,1,0,189,193,63,192
15,High,34,1,0,184,186,104,185
9,Medium,33,1,1,135,126,85,130
8,High,37,1,0,125,113,94,110
12,High,19,0,1,182,173,97,169
19,Medium,33,1,0,183,172,75,167
10,Low,39,0,0,176,168,55,171
16,Medium,33,1,0,161,166,57,177
14,Medium,23,0,0,156,152,65,152
8,High,29,1,0,188,200,97,196
19,Low,21,1,0,140,139,29,149
18,Medium,27,1,0,190,181,65,185
8,High,35,1,0,156,153,104,165
18,Low,30,1,0,168,167,40,161
18,Medium,18,0,0,189,201,79,208
14,Low,26,0,0,141,143,53,138
10,Low,26,1,0,135,126,52,133
8,Low,22,1,0,151,140,48,144
13,Low,33,0,0,152,164,31,166
18,Medium,28,1,0,146,155,77,152
11,High,35,0,0,151,150,104,152
8,Medium,35,0,0,167,178,73,176
15,High,33,1,0,181,171,99,169
11,Medium,36,0,0,190,183,68,192
12,High,38,1,0,128,127,106,128
16,High,26,1,0,131,124,87,136
17,Medium,20,1,0,137,144,68,136
16,Low,23,1,0,160,158,35,159
19,Low,24,0,0,120,126,31,121
8,Low,20,1,0,151,151,55,157
17,Medium,32,1,0,180,180,76,177
13,Medium,40,1,1,123,127,70,139
12,Low,30,1,0,147,153,35,163
9,Medium,28,1,0,137,149,77,152
19,Medium,28,1,0,121,132,64,141
13,High,19,0,0,126,138,89,134
13,Medium,25,1,1,158,158,83,157
17,Low,20,0,0,170,171,32,175
9,Low,21,1,0,155,157,26,160
9,Medium,21,0,0,138,133,63,131
14,High,35,1,0,134,129,93,128
16,Medium,29,0,1,131,127,70,130
14,Low,23,0,0,156,146,48,139
19,High,33,0,0,135,141,117,146
17,High,32,1,0,176,175,86,169
12,Medium,34,0,1,165,157,58,151
18,High,22,0,0,144,156,114,151
14,Medium,26,1,1,132,137,83,135
17,Medium,29,0,0,142,151,68,147
14,High,24,0,0,184,185,106,179
13,Low,18,0,0,167,177,44,177
11,Low,24,1,1,160,171,31,181
8,High,21,1,0,123,113,109,124
9,Medium,18,0,0,161,171,79,176
19,Low,34,1,0,150,154,38,160
8,Medium,24,0,0,121,120,73,127
8,Medium,33,1,0,150,139,56,148
19,Low,36,1,0,149,145,55,137
16,Medium,32,0,0,167,170,56,165
12,Medium,19,1,0,190,181,83,181
12,Medium,36,0,0,169,167,85,179
13,High,26,1,0,176,183,94,175
9,Medium,39,0,0,146,153,63,154
19,Medium,24,0,1,161,168,60,160
14,Medium,35,1,0,171,176,57,170
17,High,28,1,0,137,140,119,149
19,Medium,21,0,0,152,162,84,171
8,Medium,23,1,0,159,161,72,172
8,Low,39,1,0,163,157,29,156
18,Low,24,1,0,134,144,46,150
13,Low,19,0,0,168,170,54,162
15,Medium,18,0,0,136,148,64,140
14,Medium,37,0,0,132,141,58,153
11,High,34,0,0,186,186,110,182
10,Medium,32,0,1,187,177,84,188
11,High,24,1,0,128,133,118,138
16,Medium,31,1,0,147,157,67,161
15,Medium,20,0,0,134,136,58,145
10,Low,29,0,0,135,143,36,135
18,Medium,34,1,1,162,173,66,184
14,High,37,0,0,156,161,106,156
13,High,28,1,1,188,192,109,195
14,Medium,27,1,0,172,161,68,154
8,Medium,25,0,0,151,158,76,161
8,Medium,33,1,0,134,146,72,139
12,Low,35,1,1,134,128,25,133
11,Low,21,1,0,142,134,36,134
16,High,32,0,0,176,168,107,179
11,High,35,1,0,142,144,118,149
13,High,33,0,0,182,189,91,190
13,Medium,25,1,0,132,143,65,138
19,Medium,35,0,0,124,119,85,111
10,High,21,0,0,126,129,100,125
9,High,23,0,0,178,175,99,171
18,High,20,1,0,166,166,118,173
8,Low,18,1,0,164,164,33,170
14,Low,21,1,0,171,168,40,172
11,Low,34,1,0,182,191,36,198
14,Medium,31,0,0,127,121,56,119
14,Medium,31,0,0,131,140,63,134
10,Medium,18,0,0,156,160,68,170
16,High,25,0,0,170,160,86,169
16,Medium,24,1,0,167,161,83,168
15,Medium,22,1,1,143,144,78,137
18,Medium,20,1,0,178,173,57,177
9,Medium,28,1,0,124,136,59,140
15,Low,30,0,0,176,167,43,168
17,Low,27,1,0,167,163,55,162
12,High,19,0,0,160,148,100,146
16,Medium,32,0,0,121,122,60,134
10,Low,31,0,0,163,168,47,166
10,High,33,1,0,163,156,119,161
15,Low,33,1,0,170,181,44,189
18,Medium,36,1,0,120,111,63,111
11,Medium,28,0,0,137,139,81,135
17,High,28,1,0,185,173,105,179
15,Medium,24,1,0,139,151,84,158
11,Low,34,1,0,125,126,53,127
12,High,32,0,0,123,128,111,134
17,Medium,29,0,0,181,184,78,180
17,Medium,22,0,0,169,164,56,161
9,High,32,1,0,163,151,89,162
16,Low,27,0,0,179,185,42,187
19,High,35,0,1,181,173,93,183
17,High,28,0,0,187,176,93,178
15,Medium,40,1,0,188,178,59,176
19,High,34,0,0,178,168,110,160
12,High,35,1,0,151,163,107,166
17,High,24,0,1,151,157,116,167
14,Low,26,1,0,171,178,36,172
11,Medium,32,0,0,190,178,74,182
13,High,36,1,1,153,165,111,175
17,Medium,24,0,0,139,141,67,141
9,Low,20,1,0,164,174,36,173
14,Medium,18,0,0,140,137,75,135
10,Low,25,1,0,148,142,38,146
13,Low,27,0,0,169,159,31,165
8,High,28,0,0,143,135,86,137
15,Low,31,0,0,136,142,30,150
19,High,36,0,0,147,158,91,151
14,High,30,0,1,175,184,89,188
11,Low,39,0,0,190,198,38,194
10,Medium,23,1,0,171,177,60,188
19,High,30,1,0,149,157,109,167
17,Medium,37,1,0,180,175,66,180
18,Medium,32,0,0,131,129,84,133
14,High,40,1,0,175,185,104,177
9,Low,39,1,0,128,138,33,135
15,Medium,36,1,0,176,181,75,179
8,Low,39,0,0,138,131,31,138
13,Medium,28,0,1,185,193,72,185
12,Low,21,1,0,161,151,55,147
19,High,40,1,0,185,183,92,180
10,Low,21,0,0,123,115,46,117
10,Medium,27,0,0,182,189,66,181
14,High,21,0,0,133,143,100,149
8,Low,21,1,0,183,187,32,182
19,Medium,39,0,0,174,178,58,180
10,High,29,0,0,185,176,103,175
11,Medium,30,0,1,159,153,71,146
13,High,29,0,0,179,186,120,190
10,High,21,1,0,178,184,120,194
13,High,30,1,0,147,136,102,133
19,Medium,22,0,0,136,133,85,127
16,Low,19,0,1,163,151,38,143
10,Low,29,1,1,133,128,50,125
19,High,25,1,0,170,182,88,176
12,High,20,0,0,165,165,90,169
12,High,31,0,0,160,154,90,154
17,Low,39,0,0,174,172,50,171
10,Medium,25,1,1,157,149,67,142
11,High,37,1,0,169,178,106,189
8,High,28,1,0,182,188,90,191
18,Medium,31,1,1,157,154,63,155
18,Medium,37,0,1,164,163,71,162
8,High,27,0,0,186,196,116,200
19,Medium,28,0,0,123,113,71,120
10,Low,35,1,1,149,160,40,154
9,Medium,37,1,0,174,182,76,192
18,Medium,26,0,0,187,193,84,205
9,Low,35,0,0,171,167,29,159
19,Medium,22,1,0,156,145,76,148
16,Medium,27,1,0,128,121,58,127
14,Low,28,0,0,166,173,55,171
17,Medium,40,1,0,120,113,65,110
16,Medium,34,0,0,151,144,85,143
8,Medium,33,1,0,152,160,75,168
16,Medium,22,0,0,148,151,79,163
9,High,23,1,0,152,154,96,153
19,Low,18,1,0,133,138,28,141
14,Medium,36,0,0,146,139,84,140
12,Medium,22,0,0,132,132,60,139
10,Medium,37,0,1,181,180,81,177
16,Low,22,1,0,123,124,25,119
19,Medium,32,1,0,155,143,80,139
19,Medium,39,0,0,157,156,59,162
13,Medium,20,0,0,133,130,80,142
12,High,28,1,0,164,154,112,158
16,Low,35,0,0,135,125,29,125
12,Low,34,0,0,165,154,38,161
10,Medium,25,1,0,149,159,68,162
14,Medium,32,0,0,179,184,85,182
17,Medium,38,1,0,150,144,71,142
8,Low,18,1,0,120,110,37,110
18,Low,19,0,0,154,152,53,150
9,Low,25,1,0,164,158,33,170
10,Medium,19,0,1,138,142,75,146
18,Medium,18,0,0,158,166,75,159
10,High,18,1,0,177,169,99,180
16,High,30,1,0,125,124,86,121
11,Medium,27,0,0,146,134,84,137
17,Medium,24,0,0,148,155,82,152
19,Medium,20,0,0,187,194,71,202
8,Medium,18,0,0,167,166,81,172
11,Low,22,1,0,156,157,52,160
14,Low,20,1,0,126,126,26,125
17,High,34,0,0,176,187,96,180
19,High,35,1,0,185,173,105,176
17,High,21,1,0,153,152,107,147
12,High,18,0,0,178,176,106,180
13,Low,37,0,0,128,118,44,111
9,Low,18,1,0,151,140,38,145
8,Low,37,0,0,187,192,28,197
18,Low,36,1,0,159,169,30,171
12,Medium,36,1,1,124,123,82,121
16,Medium,23,1,0,161,152,80,164
8,Medium,33,1,0,174,172,79,171
16,High,20,0,0,179,185,116,195
12,High,29,0,0,173,182,110,193
9,Medium,30,1,0,120,116,72,113
10,Medium,31,1,0,134,146,68,139
13,Medium,28,1,0,135,128,62,121
15,High,26,1,0,135,128,92,125
15,Low,37,1,1,143,134,28,127
8,Medium,28,0,0,160,156,65,158
13,High,21,1,0,188,189,106,187
19,Medium,21,0,0,188,188,62,182
17,Low,27,1,0,129,117,35,125
18,Medium,31,0,0,137,129,68,127
12,Low,36,0,0,148,154,37,157
9,Medium,30,0,0,122,125,62,128
9,Medium,35,1,0,169,173,74,185
11,Medium,31,1,0,178,175,64,169
19,High,18,1,1,172,183,93,175
17,Low,30,0,0,185,182,42,191
13,Low,18,0,0,145,141,40,152
13,Low,40,0,0,160,150,49,144
10,Low,31,0,1,177,173,43,168
19,Medium,38,1,1,140,134,82,127
16,Medium,39,0,0,142,146,56,158
14,Low,31,0,0,172,171,43,177
13,Low,23,0,0,183,177,41,187
19,Medium,26,1,1,122,114,73,124
16,Low,19,1,0,131,139,54,148
10,Low,24,0,0,143,154,54,162
16,Medium,25,0,0,132,123,79,115
16,High,31,1,0,165,164,95,159
12,Medium,33,0,0,143,139,76,139
19,Medium,23,1,0,168,174,71,181
16,Medium,25,1,0,130,127,83,128
18,Medium,30,0,0,147,146,85,146
19,Low,27,1,1,129,136,44,144
9,Medium,24,0,0,128,118,76,120
17,Medium,25,1,0,122,114,67,110
8,Low,28,1,0,188,181,36,183
10,Medium,38,0,0,145,139,58,133
11,Medium,40,1,0,128,139,65,147
10,Low,36,1,0,172,176,43,182
15,Low,35,1,0,151,147,40,154
15,High,36,1,0,143,138,119,145
17,Medium,18,0,0,176,176,78,185
15,High,19,1,0,169,162,119,158
12,High,39,0,0,166,166,109,168
16,Medium,21,1,0,177,169,79,170
17,Medium,30,0,0,127,136,65,132
8,Medium,35,1,0,171,164,57,157
17,High,29,1,0,170,167,92,166
19,Low,20,0,0,154,166,38,171
18,Medium,19,0,0,184,172,74,170
15,High,40,1,0,146,156,91,153
18,Medium,39,0,1,179,187,78,197
13,Medium,25,0,0,151,163,65,174
8,Low,39,1,0,121,110,37,116
8,Medium,22,0,1,151,151,82,158
12,High,25,1,0,136,128,116,128
10,Medium,21,1,0,149,140,81,144
12,High,28,0,0,187,177,89,169
15,Low,23,0,0,134,126,37,119
15,High,22,1,0,144,154,118,162
19,Medium,36,1,0,121,110,57,110
11,Medium,27,0,0,175,168,81,172
8,High,21,0,0,179,176,115,183
14,Medium,25,0,0,149,138,63,147
10,Low,33,1,0,125,123,44,128
19,Low,34,1,0,130,137,35,132
11,Low,27,0,0,164,165,42,165
9,Medium,29,0,1,128,125,74,128
14,Medium,36,1,0,150,160,62,162
15,Low,23,1,0,127,123,26,126
14,Low,21,0,0,124,128,26,128
17,Medium,19,0,0,152,154,76,165
8,Medium,35,0,0,168,159,58,158
13,Medium,39,1,0,160,169,61,171
9,High,21,1,0,187,193,90,186
17,High,35,0,0,120,131,120,143
12,Medium,19,1,0,132,141,61,144
8,Medium,25,0,0,187,193,77,188
8,High,31,1,1,153,156,119,164
17,Medium,21,1,0,183,172,68,181
17,Medium,37,1,0,184,173,78,180
11,Low,30,1,0,160,153,33,153
12,Low,40,1,0,142,139,41,132
10,Medium,36,0,0,145,143,60,148
18,High,34,1,0,167,165,102,157
16,High,34,1,0,153,156,93,151
9,Medium,28,0,0,150,157,71,162
19,Low,37,1,0,123,120,55,115
14,High,37,1,0,124,131,103,124
13,Medium,37,0,0,126,128,79,123
13,High,28,0,0,151,145,111,144
8,Medium,22,1,0,154,157,69,157
9,Medium,27,1,1,181,173,60,170
11,Medium,19,1,0,147,154,76,153
8,Low,39,1,0,146,151,27,152
18,Low,33,0,0,152,164,26,168
14,High,32,0,0,164,155,100,148
9,High,37,0,0,168,177,91,187
17,Low,39,1,0,149,152,54,152
14,Low,40,0,0,143,137,25,129
15,Low,38,0,0,127,138,52,134
11,Low,24,0,0,133,128,31,138
10,Medium,39,0,0,165,176,61,172
11,Low,21,0,0,126,135,26,134
18,Medium,24,1,0,167,171,56,169
11,High,26,0,1,136,135,86,137
9,Medium,25,0,0,144,138,66,149
17,Low,39,0,1,166,163,43,166
10,Medium,18,1,0,176,171,62,164
19,Medium,22,0,0,152,152,83,155
9,Low,31,0,0,155,146,25,154
19,Low,40,1,1,125,134,32,134
14,High,26,0,0,182,182,93,188
10,High,20,0,0,160,162,117,163
10,Low,20,1,0,148,156,53,149
19,Low,37,0,0,182,177,52,182
15,Medium,24,0,0,141,135,62,131
17,Medium,19,1,0,142,132,59,128
19,Low,37,0,0,179,172,35,178
14,Low,34,0,0,146,134,51,130
13,Low,27,1,0,131,124,47,123
8,Low,29,0,0,126,117,35,110
9,Low,35,0,0,187,188,36,193
8,Medium,20,0,0,163,155,81,165
15,High,40,1,0,160,169,104,173
14,Medium,32,0,0,177,181,56,193
13,Medium,21,0,0,162,160,65,171
16,Low,24,0,0,131,135,39,140
15,High,35,0,0,168,172,119,183
16,Medium,37,1,0,150,159,68,153
13,Low,22,0,0,153,155,51,164
12,Medium,35,0,0,121,132,78,142
8,Medium,34,0,0,141,142,56,135
16,Medium,23,1,0,168,172,67,179
15,High,33,0,0,135,136,110,135
14,High,30,0,0,148,146,87,146
13,Medium,22,1,0,124,129,63,128
8,High,27,1,0,161,159,102,165
17,Low,39,0,0,162,168,39,169
12,High,32,1,0,187,188,118,196
12,Medium,23,0,0,137,138,77,131
17,Medium,26,0,0,153,144,59,142
16,High,21,1,0,123,118,113,120
19,High,19,1,0,148,146,114,155
18,High,35,1,1,137,127,100,128
13,Medium,24,0,0,175,169,68,180
15,Low,22,1,0,156,159,37,158
14,Low,33,0,0,122,131,25,133
13,Medium,34,0,0,138,131,73,131
10,Medium,19,0,0,162,170,61,165
11,Medium,39,0,0,142,134,85,135
19,Medium,23,1,0,153,148,81,153
12,Low,35,1,0,128,134,39,140
12,Low,20,0,0,164,174,39,186
8,Low,36,1,0,173,173,45,183
17,High,27,0,0,120,125,119,118
12,Medium,20,1,0,154,160,64,153
9,Low,21,1,0,178,177,31,175
14,High,32,0,0,177,185,92,197
12,Medium,32,1,0,188,183,56,188
14,Medium,21,0,1,133,134,72,127
15,Low,23,0,1,186,193,26,189
13,Low,30,1,0,153,144,25,136
11,Low,28,0,0,131,128,41,137
15,Low,39,1,0,165,156,39,164
16,Low,31,0,0,160,154,49,161
14,High,20,0,1,168,163,91,159
17,High,40,1,0,183,191,103,196
14,High,22,1,0,135,138,108,131
12,High,24,0,0,156,156,110,148
16,High,21,1,0,154,146,90,143
16,Medium,29,0,1,184,191,58,192
18,Medium,31,1,0,169,179,68,189
19,Low,37,0,0,138,142,55,139
17,High,26,1,0,179,183,86,189
18,High,33,1,0,148,156,102,148
13,High,32,1,1,144,144,114,151
17,Low,36,0,0,188,183,32,182
9,Low,29,0,1,135,131,53,143
10,Medium,18,0,0,134,137,74,145
13,Low,39,0,0,127,117,44,123
10,High,24,0,0,171,173,89,169
11,Medium,25,1,0,184,195,72,198
18,Medium,31,0,0,156,146,61,146
11,High,25,0,0,161,162,92,170
12,Medium,18,1,1,174,183,57,176
15,Medium,39,1,0,147,148,66,159
10,Low,33,1,0,133,122,36,125
17,Medium,31,1,1,154,155,83,148
16,Low,26,1,0,170,159,33,166
13,Medium,40,1,0,143,134,67,141
13,High,26,1,0,159,171,104,165
12,Low,31,0,0,132,133,54,134
13,Medium,40,1,1,136,124,68,134
14,Low,21,0,0,188,182,39,186
9,Low,20,1,1,171,183,49,175
18,Medium,18,1,1,187,185,65,182
15,Medium,32,0,0,176,185,65,186
17,High,27,1,1,140,145,111,138
10,Medium,33,1,0,179,187,62,181
14,High,22,0,0,146,145,105,146
14,Low,30,0,0,155,161,45,173
9,High,20,1,0,151,144,92,151
11,Medium,37,0,0,128,129,77,140
15,Medium,33,1,0,159,163,76,175
17,High,33,1,0,144,140,114,145
11,Low,19,1,0,138,146,26,148
9,Medium,26,0,0,161,162,74,166
9,Medium,30,0,1,154,165,85,175
18,Medium,18,0,0,126,135,62,143
12,Low,27,0,0,120,110,35,110
14,Low,20,1,0,166,162,43,156
11,High,27,0,0,174,175,110,169
14,Low,24,1,0,120,119,41,121
16,Low,18,1,0,137,146,27,139
13,Low,20,0,0,153,143,45,142
11,Low,25,1,0,144,135,34,143
14,High,37,0,0,138,129,107,132
15,High,28,0,0,143,136,107,140
12,High,29,0,0,164,156,106,166
17,Medium,25,1,0,188,199,78,198
15,High,27,0,0,164,166,94,173
13,Medium,18,0,0,176,177,63,176
19,High,36,1,0,157,160,86,165
14,Low,40,0,0,128,117,47,114
10,Medium,35,1,0,128,134,85,141
16,High,37,0,0,152,153,94,155
8,Low,28,0,1,172,166,47,160
10,Low,31,1,0,167,171,46,181
12,Low,28,1,0,155,158,26,170
18,Medium,20,0,0,148,137,60,140
17,High,34,1,1,133,141,112,152
16,High,37,0,0,183,186,115,191
15,Low,35,1,0,154,154,52,147
17,Medium,39,1,0,166,162,56,168
11,Low,37,1,0,160,165,35,166
15,Medium,29,0,0,158,165,57,162
18,Medium,26,0,0,133,141,84,145
17,Medium,40,1,0,179,177,76,177
10,Medium,29,0,0,125,124,78,125
17,Low,34,0,1,183,189,32,190
15,High,27,0,1,146,154,113,155
15,Low,27,0,0,164,164,52,165
16,Medium,26,0,0,141,129,73,136
17,Low,25,1,0,158,150,34,156
16,High,34,1,0,139,141,92,143
18,Medium,36,0,1,153,144,81,155
17,High,18,0,0,155,163,116,175
11,Low,30,1,0,167,165,54,174
11,Medium,38,0,0,140,142,67,144
12,Medium,39,0,0,122,124,69,123
8,High,23,1,0,156,146,92,150
8,High,38,0,0,167,163,109,170
13,Medium,38,1,0,185,178,81,183
13,Low,19,0,0,140,143,43,139
12,High,24,0,0,173,165,112,163
16,Low,25,1,0,189,184,29,196
11,Medium,35,0,0,124,127,57,132
12,High,40,0,0,145,147,95,142
17,Medium,36,1,0,162,160,58,165
11,Medium,34,1,0,152,143,58,145
13,Low,25,0,0,140,146,41,139
9,Medium,18,0,0,142,131,75,132
14,Medium,18,0,0,184,179,79,178
13,Medium,21,0,0,183,174,71,184
19,Low,20,1,1,133,129,27,134
14,Medium,22,1,0,151,143,60,143
14,Medium,20,1,0,127,137,71,141
11,Low,40,0,0,190,189,34,184
11,High,35,0,0,156,155,94,148
9,High,20,1,0,161,162,111,163
19,Medium,19,1,0,175,178,82,172
9,Low,32,1,0,127,137,37,145
12,Medium,23,1,0,155,156,78,158
19,High,29,0,0,124,113,106,121
10,Medium,35,1,0,177,172,81,175
19,High,23,0,0,120,122,107,128
17,Low,33,0,0,128,121,40,124
13,High,27,0,0,166,170,115,176
9,Medium,30,1,0,142,142,73,136
13,High,23,0,1,147,149,105,151
8,Low,25,1,1,139,139,45,135
10,Medium,32,0,0,158,162,66,154
11,Low,35,0,0,157,146,32,155
8,Low,35,0,0,152,158,39,168
12,Medium,27,0,0,120,124,69,125
19,High,30,0,1,134,142,115,137
10,Medium,22,0,0,158,166,59,175
17,Medium,29,0,0,188,200,62,197
16,High,18,0,1,125,124,116,121
18,Medium,26,0,0,137,139,70,144
19,Medium,38,0,0,171,180,73,187
15,Low,39,1,1,154,155,28,154
15,Medium,37,1,0,164,159,81,163
11,Medium,27,0,0,135,146,79,144
17,High,35,1,0,181,192,97,187
15,Low,29,1,0,164,164,39,160
15,Medium,25,0,0,142,143,59,135
10,High,28,0,0,141,137,102,131
17,Low,19,0,0,175,184,55,193
13,Medium,24,1,0,142,142,74,150
8,High,19,1,0,179,168,120,168
18,High,29,0,0,159,151,110,163
12,High,40,1,0,151,145,93,151
10,Low,19,0,1,139,138,30,145
11,Low,24,1,0,177,178,25,189
15,High,23,0,0,155,144,87,155
17,Low,23,1,0,141,132,27,128
14,High,38,0,0,129,118,95,121
18,High,24,0,0,190,180,101,188
18,Low,39,0,0,189,177,34,178
16,Medium,40,1,0,153,154,74,163
15,Low,36,1,0,174,162,32,167
9,Medium,38,1,0,165,169,75,179
14,High,25,0,0,145,140,118,152
19,Low,32,0,1,157,161,32,172
9,Medium,35,1,0,148,138,85,144
9,Medium,22,0,0,149,153,69,149
12,Low,38,0,0,173,182,35,192
17,Medium,19,1,0,175,180,80,186
17,Medium,29,1,0,165,174,77,178
17,Low,26,1,0,129,121,50,120
19,Medium,35,0,0,137,127,73,131
14,High,39,0,0,131,124,87,131
15,High,19,0,1,135,125,101,117
14,Medium,32,1,0,126,133,74,143
10,Low,25,0,0,129,138,27,139
9,Low,40,0,0,134,136,34,144
9,Medium,34,1,0,175,178,74,171
15,Low,19,1,0,169,161,29,156
8,Medium,38,0,0,153,152,61,148
15,Medium,22,0,0,153,164,63,171
18,Low,21,0,0,187,180,42,176
15,Low,20,1,0,172,180,28,191
8,High,20,1,0,175,166,105,160
10,Low,27,1,0,184,192,48,187
8,Low,34,0,0,171,178,46,190
12,Medium,34,0,0,126,136,78,134
9,Low,25,1,0,142,147,50,145
15,High,25,1,0,140,141,99,149
15,Medium,30,0,1,128,140,59,142
11,Medium,37,0,0,149,153,69,146
9,Low,24,1,0,163,165,55,168
18,High,21,1,0,168,158,109,160
13,High,18,1,0,159,161,87,170
8,Low,21,1,0,133,123,43,119
12,Medium,34,1,0,125,132,58,126
16,Low,33,0,0,135,140,32,136
11,High,36,0,0,159,165,92,160
12,High,32,1,0,148,159,97,153
11,Low,29,1,0,185,186,51,187
14,High,40,0,0,145,144,105,155
8,Medium,30,1,0,124,113,67,114
17,High,20,0,0,157,168,88,165
16,Medium,36,0,0,148,154,57,151
15,Medium,27,1,0,182,179,75,185
13,Low,39,0,0,180,172,39,184
19,Low,31,0,0,190,187,43,182
17,Low,23,1,0,176,170,35,173
17,Medium,30,0,0,147,149,65,144
19,Low,40,1,0,189,200,42,203
12,Low,27,0,0,136,134,55,142
10,Medium,36,0,0,184,186,67,191
19,High,29,0,0,181,176,105,181
12,High,24,1,0,144,147,98,154
17,High,25,0,0,159,171,114,173
17,Low,19,1,0,124,132,37,124
19,High,19,0,1,143,153,95,153
10,High,38,1,0,141,144,109,151
16,Medium,19,1,0,159,169,82,167
17,Low,33,0,0,170,180,28,182
11,Low,20,0,0,174,167,47,176
8,Medium,23,0,0,144,132,62,131
17,High,37,1,0,185,184,94,176
9,Low,30,0,0,125,116,41,125
16,Medium,32,0,0,174,179,60,171
18,Medium,27,0,0,163,168,85,161
18,Medium,38,0,1,151,157,77,161
17,Medium,38,0,0,126,133,57,128
10,Medium,18,0,0,183,181,61,177
19,High,31,1,0,128,138,116,143
9,Low,31,1,0,147,139,50,138
13,High,18,1,0,133,137,116,139
11,Low,30,0,0,189,188,36,190
13,Medium,37,1,0,155,148,75,158
16,Medium,38,0,0,131,143,67,138
14,High,39,0,0,146,140,107,145
10,High,35,0,0,183,172,112,172
14,High,21,0,0,133,124,90,124
15,Medium,19,1,0,120,119,75,111
15,High,20,0,0,181,175,98,180
15,Low,39,0,0,163,167,46,168
8,Medium,30,1,0,185,189,83,187
11,High,29,0,0,145,148,99,145
11,Medium,32,1,0,166,171,63,171
8,Low,35,1,0,190,178,40,178
16,Medium,22,1,0,184,183,76,176
19,High,31,0,0,127,123,94,132
17,Medium,31,1,0,178,187,67,196
15,High,19,0,0,152,158,108,169
17,Medium,32,0,0,162,156,84,150
13,Low,39,0,0,185,179,46,180
10,High,26,0,0,145,156,103,149
11,High,19,0,0,126,138,91,133
12,High,29,1,0,188,189,92,194
18,Low,20,1,1,170,161,43,156
12,Low,28,0,1,144,134,33,144
17,High,35,0,0,150,155,110,167
16,Low,36,0,1,138,149,31,150
10,High,18,1,0,152,141,108,149
15,Medium,20,1,0,160,160,73,171
17,High,25,0,0,155,149,97,149
16,Medium,37,1,0,176,179,80,188
13,Low,28,0,0,156,154,54,162
18,High,36,0,0,134,132,120,137
16,Medium,21,0,0,170,171,65,177
15,Medium,36,0,0,165,174,65,166
13,Low,33,0,1,148,138,46,143
14,Low,38,1,1,128,124,33,120
11,Medium,37,1,0,143,149,74,160
17,Low,39,0,0,126,117,42,110
13,Low,37,0,0,148,160,27,171
8,Medium,29,1,0,122,129,79,134
15,Medium,21,0,0,175,173,80,168
15,Medium,28,0,0,158,161,64,168
12,Low,38,1,0,189,188,36,189
18,High,18,1,0,141,153,108,148
18,Medium,24,0,0,173,170,83,166
13,Medium,34,0,0,134,141,73,143
17,Medium,36,1,0,185,173,74,174
18,Medium,27,0,0,122,120,63,112
13,Medium,29,1,0,179,174,81,185
17,Medium,24,0,0,187,198,70,197
16,Medium,23,1,0,155,155,73,161
12,Medium,21,1,0,147,156,69,160
10,High,31,1,0,153,165,113,167
17,Medium,29,0,0,156,156,57,163
8,High,20,0,1,141,132,91,138
10,High,18,1,0,137,140,98,139
12,High,27,1,0,129,139,117,134
9,Medium,32,0,0,178,176,75,180
19,High,25,1,0,146,156,106,155
15,Medium,20,0,0,120,130,66,136
12,Medium,38,1,0,136,124,63,127
16,Medium,36,1,0,137,137,62,143
11,Medium,39,0,0,139,142,70,135
19,High,34,0,0,164,168,113,180
8,Low,25,1,0,147,154,26,151
14,High,31,0,0,142,142,113,146
11,Medium,20,1,0,174,186,63,179
14,High,35,0,0,139,128,114,120
12,High,36,0,0,162,152,92,154
9,High,36,0,0,132,136,113,139
18,High,29,1,0,164,167,116,178
19,Medium,40,0,0,121,119,73,120
19,Low,20,0,0,123,131,25,129
15,Low,39,0,0,121,129,30,135
12,High,35,0,0,134,141,117,147
12,High,36,1,0,146,136,112,136
17,Low,34,1,0,174,184,54,191
13,High,37,1,1,162,156,108,154
13,Medium,40,1,0,190,179,71,183
8,Medium,23,0,0,122,134,57,132
16,Low,40,0,0,174,182,54,183
19,High,19,0,0,184,190,87,202
13,Medium,40,1,0,131,125,65,137
15,Low,20,0,0,162,171,39,171
11,High,28,0,0,156,157,115,153
12,Low,20,1,0,176,166,51,172
13,Medium,29,0,0,167,172,68,184
15,Medium,21,0,0,184,187,59,187
14,High,29,1,0,146,135,116,136
10,Medium,31,0,0,159,148,69,157
14,Low,37,1,0,156,163,28,166
8,Medium,29,0,0,129,137,59,133
14,Medium,24,0,0,166,167,75,171
11,Medium,23,1,0,183,184,77,179
8,Medium,26,0,1,135,124,81,127
8,Low,19,0,0,157,161,45,164
16,Low,39,1,0,124,128,35,125
13,High,27,1,1,141,129,110,125
18,Medium,35,1,0,148,136,65,132
17,Low,37,0,0,180,182,55,187
18,Medium,23,0,0,170,177,57,177
16,High,29,1,0,175,171,93,176
11,Low,23,0,0,142,151,50,150
18,Low,32,1,0,145,150,25,143
15,Low,35,1,0,176,174,37,179
12,Medium,35,0,0,130,134,85,127
15,Medium,24,1,0,146,156,81,167
17,Medium,39,1,0,130,136,84,129
18,High,26,0,0,168,157,89,160
15,Low,38,1,0,183,190,39,183
18,Medium,36,1,0,160,150,68,159
10,Medium,20,1,1,180,186,66,181
19,High,27,1,0,190,196,117,188
13,Medium,22,1,0,142,133,77,127
8,Low,25,1,0,173,180,48,187
10,High,32,1,0,138,139,90,145
15,Low,18,0,0,132,139,42,132
16,Medium,25,0,0,150,152,73,158
9,Low,29,1,0,182,177,42,173
16,Medium,37,0,0,173,161,70,165
16,Low,30,0,1,162,153,30,157
9,Low,32,0,0,166,177,29,178
10,Medium,37,0,0,183,178,57,183
15,High,36,1,0,181,187,97,183
10,Low,18,0,0,176,170,55,182
11,Medium,29,0,0,182,189,80,188
17,Medium,36,1,0,172,161,61,154
17,Medium,19,1,0,120,125,60,119
18,High,21,0,0,162,157,118,163
12,Low,21,0,0,164,167,25,178
18,High,28,1,0,166,165,98,169
12,Medium,23,0,0,121,132,75,128
19,Low,23,1,0,181,192,30,194
15,High,23,0,0,168,165,97,158
13,Low,21,0,0,169,181,29,190
11,High,21,1,0,122,119,95,131
15,Low,18,1,0,162,156,28,167
13,Low,40,1,0,131,132,35,130
18,Low,37,1,0,126,126,37,137
18,Medium,36,0,0,150,140,76,141
16,Medium,20,0,0,168,166,60,167
19,Medium,23,0,0,120,125,74,133
14,Medium,27,0,0,176,188,77,182
19,Medium,38,1,0,188,187,81,192
8,Low,40,0,0,152,161,52,167
13,Medium,27,0,0,150,140,72,148
11,Medium,38,1,0,122,126,62,123
18,Medium,18,1,0,181,181,77,173
9,Medium,35,0,0,169,175,77,183
16,High,24,0,0,187,184,115,193
8,Medium,22,0,0,164,156,71,164
8,Medium,32,0,0,128,117,76,127
13,Low,35,0,0,120,110,32,110
11,Low,24,1,0,136,134,38,137
19,Low,22,0,0,178,167,42,178
16,Medium,26,0,0,128,138,70,139
13,High,31,0,0,162,156,111,164
8,Low,31,1,0,144,153,53,162
13,Low,31,1,0,162,157,45,161
18,Medium,38,1,0,150,139,77,136
19,Medium,21,1,0,132,120,67,127
10,Medium,34,0,0,158,155,77,159
11,High,18,0,0,157,156,98,162
8,Medium,33,1,0,154,144,58,147
10,Low,28,1,0,124,117,43,114
14,Medium,19,1,0,166,172,61,177
10,Low,18,1,0,136,147,42,159
12,Low,22,1,0,153,159,40,154
16,High,31,1,0,176,172,108,173
19,Low,36,0,0,178,178,50,182
13,High,38,1,0,166,174,118,182
12,Low,20,0,0,151,156,32,154
15,Medium,31,1,0,174,174,71,184
9,Medium,32,0,0,150,152,85,158
15,Low,33,0,0,157,155,31,148
18,High,39,1,0,137,132,99,133
16,Medium,33,0,1,149,157,60,157
19,Medium,25,1,0,185,174,79,168
10,High,19,0,0,125,136,98,130
15,Medium,33,1,0,172,163,61,175
11,Low,39,1,0,149,139,30,146
12,High,40,0,0,135,143,86,142
16,Medium,24,1,0,180,168,72,160
18,High,21,1,0,165,158,119,153
9,Medium,29,0,0,155,150,82,143
16,Low,31,1,0,190,197,27,193
12,Medium,18,0,0,153,144,75,139
18,Medium,36,0,0,131,124,66,132
13,Medium,31,1,0,163,152,61,150
11,High,38,1,0,127,129,93,130
19,High,18,0,0,157,150,93,147
12,Medium,19,0,0,162,165,82,168
15,Low,27,1,0,168,158,42,160
12,Medium,40,0,0,186,183,82,181
16,High,37,0,0,171,168,86,173
18,Medium,28,1,0,127,122,62,125
12,Medium,34,0,0,176,185,76,186
18,Low,37,1,0,120,110,30,118
8,Medium,18,0,0,142,149,85,146
11,High,18,1,0,141,132,117,130
11,Low,26,0,0,166,158,37,152
14,Low,35,1,0,181,185,54,182
10,Medium,20,1,0,134,136,73,147
15,High,26,1,0,131,143,101,149
10,Low,19,1,0,127,129,45,139
14,Low,28,1,0,184,192,43,196
9,Medium,20,1,0,144,145,68,153
13,Low,40,0,0,145,141,27,134
16,Low,32,0,1,175,164,25,162
12,Low,34,1,0,143,150,41,149
18,Medium,36,0,0,176,167,73,173
19,High,23,0,0,187,175,105,178
14,High,38,0,0,160,152,116,155
18,Low,25,0,0,187,176,27,178
11,High,24,1,0,179,182,108,175
18,Medium,19,0,0,168,165,78,175
10,Medium,27,0,0,140,134,73,133
16,High,18,0,0,125,132,107,142
13,High,35,1,0,134,125,117,137
16,Medium,21,1,0,136,141,74,149
9,High,18,0,0,141,142,118,146
8,High,18,0,0,148,156,87,165
11,High,35,1,0,188,184,98,190
14,Medium,30,1,0,132,139,69,148
17,High,27,1,0,144,132,112,130
17,High,29,0,0,126,120,92,121
17,Medium,37,1,0,121,110,62,110
17,Medium,39,0,1,164,167,77,165
13,Medium,19,1,0,132,136,83,131
8,Medium,24,0,0,188,177,66,178
13,Low,38,1,1,134,142,43,153
10,High,37,0,0,145,133,98,135
8,Low,39,1,0,134,124,35,132
14,High,19,0,0,137,141,105,143
14,High,32,1,0,153,143,120,143
11,High,21,0,0,121,111,118,120
13,Medium,18,1,0,127,125,77,126
19,Low,39,1,0,176,164,30,173
8,Low,29,0,0,131,131,36,124
12,Low,36,1,0,135,147,49,153
9,Medium,35,1,0,171,160,73,160
13,Low,25,1,0,171,177,33,178
16,Low,25,1,0,129,141,25,151
11,Medium,36,0,0,122,133,73,127
18,High,27,0,0,159,169,90,175
16,High,21,1,0,166,171,103,183
16,High,32,0,0,181,183,119,186
13,Medium,39,1,0,166,154,84,166
16,High,20,1,0,180,189,107,195
19,Medium,25,1,0,182,181,85,190
8,Medium,22,0,0,135,128,62,128
8,High,30,1,0,147,137,111,130
15,High,19,1,0,177,180,91,177
17,Low,37,0,0,144,146,45,144
9,High,36,0,0,126,119,108,125
12,Low,18,0,0,178,168,43,160
12,Medium,37,0,0,180,180,80,192
16,High,25,0,0,124,135,111,141
18,High,38,1,1,141,135,88,138
18,Low,20,0,0,160,159,35,153
8,High,35,0,0,184,189,113,195
15,High,26,0,0,136,147,116,145
14,Medium,37,1,0,121,118,70,121
17,Low,34,1,0,139,141,30,153
11,High,28,1,0,121,118,107,129
12,Low,37,0,0,183,185,35,189
16,Medium,32,0,0,135,128,71,124
15,Medium,39,0,0,164,160,56,152
16,High,35,1,0,158,149,111,157
17,Medium,30,0,0,122,129,80,125
14,Medium,33,0,0,178,171,80,176
16,Medium,30,0,0,136,130,58,142
17,High,19,1,0,147,146,95,138
10,Low,36,0,0,154,144,37,137
16,High,31,1,0,158,148,118,159
14,High,40,1,0,130,134,91,135
15,High,18,1,0,142,134,89,133
18,High,21,0,0,155,148,105,144
14,Low,39,1,1,136,131,48,131
11,Low,29,0,1,175,169,50,178
14,High,18,0,0,152,147,119,158
13,Medium,38,1,0,132,126,62,123
14,High,27,1,0,157,167,102,169
10,Medium,35,0,0,169,161,59,160
15,High,29,1,0,184,188,87,180
9,High,25,1,0,190,178,96,174
11,Low,19,0,0,141,152,34,160
18,High,21,1,0,122,129,90,129
14,High,38,0,0,152,140,120,134
17,Medium,21,1,0,141,144,75,148
11,High,34,0,0,134,132,92,132
10,Medium,24,1,0,176,188,70,200
9,Low,31,0,0,149,157,33,163
17,High,36,1,1,190,181,108,191
17,Medium,28,1,0,138,147,62,148
19,Low,22,0,0,135,125,39,121
11,Low,18,0,0,133,141,34,138
8,Medium,27,1,0,146,153,60,162
19,High,25,0,0,129,139,100,134
17,Low,27,1,0,179,186,47,192
9,High,20,0,0,140,144,88,145
10,Low,25,0,0,161,169,53,179
10,Medium,32,1,0,162,172,77,170
19,High,36,1,1,138,127,95,135
15,Medium,31,0,0,156,165,58,166
14,Medium,32,1,0,123,113,84,110
15,Medium,25,1,0,175,166,63,177
14,Low,31,0,0,159,162,47,170
11,Medium,40,1,0,120,118,84,122
8,Medium,37,1,0,133,143,70,149
11,Medium,31,0,0,121,133,79,125
8,Medium,37,0,0,132,128,65,122
9,Medium,36,1,0,146,138,73,137
17,High,24,0,0,154,153,112,147
16,High,39,0,0,154,157,105,169
16,Low,23,1,0,151,154,27,154
11,Medium,27,0,0,142,130,75,137
12,Medium,39,0,0,160,169,78,164
16,Low,28,1,0,156,152,30,161
15,Low,19,1,0,122,132,50,138
18,High,35,0,0,158,164,92,170
9,Low,32,1,0,164,163,49,165
12,Medium,25,0,0,135,124,83,125
15,Medium,29,1,1,146,135,59,140
10,Medium,33,1,0,178,186,68,188
8,Low,38,0,0,159,170,33,169
12,Medium,29,1,1,186,189,56,190
14,High,34,0,0,171,169,100,166
13,Low,31,1,0,157,153,35,153
8,Low,27,1,0,188,176,40,174
8,High,38,1,0,128,128,96,139
18,Low,38,0,0,145,148,39,144
18,High,26,1,1,178,182,119,186
11,Low,40,0,0,122,131,49,139
14,High,23,1,1,172,166,89,173
16,Low,21,0,1,130,121,33,133
18,Medium,31,0,0,155,164,63,159
16,High,32,1,1,145,146,90,139
11,Medium,23,0,0,127,115,66,117
18,Medium,35,0,0,166,160,69,168
10,Medium,28,0,0,190,178,71,190
11,Low,20,0,0,178,188,43,181
14,High,37,1,0,143,143,96,145
12,Low,18,0,0,166,160,50,163
19,Low,25,0,0,138,133,26,132
19,Low,39,1,0,173,166,41,171
14,Medium,24,1,1,186,178,84,183
16,High,33,1,0,173,165,90,158
13,Low,24,1,0,152,144,52,151
11,Medium,37,0,0,166,173,67,174
19,Low,22,1,0,159,167,32,164
10,High,29,1,0,182,185,89,192
8,High,18,0,0,136,129,87,136
18,High,40,1,0,183,175,114,186
15,Medium,21,1,0,131,139,64,149
15,Medium,38,0,1,145,145,83,138
14,High,36,0,0,147,159,100,151
13,Medium,22,1,0,151,152,65,156
10,Low,18,0,0,167,155,27,158
16,Low,28,1,0,161,161,42,168
17,High,36,0,0,157,147,107,148
9,Low,19,1,0,149,142,28,146
15,High,25,1,0,152,143,86,144
16,Medium,23,0,1,186,196,64,196
8,High,20,0,0,187,195,103,207
16,Medium,36,1,0,142,134,59,144
13,High,20,0,0,158,161,103,167
17,Low,33,0,0,136,125,49,127
9,Medium,19,1,0,137,134,59,145
19,High,22,0,0,132,129,94,140
9,Medium,19,0,0,150,141,77,139
19,Low,20,1,0,166,164,31,163
12,Low,18,0,0,150,142,49,139
16,High,37,0,0,130,133,97,125
15,High,37,1,0,182,191,111,183
15,Low,23,1,0,148,148,32,157
17,Low,27,0,0,136,143,28,141
18,High,35,0,0,185,193,102,203
13,High,39,1,0,133,130,88,137
12,High,36,0,0,159,171,86,178
9,Low,32,0,1,144,137,44,136
12,Medium,21,0,0,159,171,65,169
11,Low,34,0,0,124,121,39,127
17,High,18,0,0,143,146,115,150
12,Medium,37,0,0,179,169,70,181
13,High,31,0,1,150,143,109,153
13,High,27,1,0,167,179,88,183
17,Medium,37,1,0,177,177,77,183
10,Low,30,0,0,140,137,47,139
18,Medium,36,1,0,142,138,77,148
9,Medium,35,0,0,175,164,64,175
8,High,23,0,0,178,175,86,186
13,High,21,0,0,128,135,113,140
14,High,32,1,0,180,171,117,165
10,Medium,29,0,1,130,142,63,139
11,High,25,1,0,159,154,106,146
17,High,21,0,1,137,144,113,154
10,Medium,25,1,0,142,154,82,159
12,Medium,24,1,0,156,145,79,140
15,Medium,26,1,1,138,129,82,129
15,Medium,32,0,0,134,123,64,124
17,Medium,25,1,0,187,185,65,197
10,Low,39,0,0,133,126,30,128
19,High,32,0,0,152,154,86,150
14,Low,31,1,0,161,150,47,156
19,High,24,1,0,140,146,115,150
16,Low,23,0,0,129,128,40,132
11,Medium,19,0,0,181,183,73,183
14,Medium,37,0,1,182,177,69,170
14,Low,40,1,0,142,139,53,134
12,Low,35,1,0,185,183,52,193
9,High,19,1,0,123,114,104,113
19,High,22,1,0,190,197,92,200
17,Medium,37,0,1,177,184,81,178
18,Low,22,0,1,170,177,45,183
11,High,30,0,0,190,178,98,186
13,High,36,0,0,122,120,106,117
11,High,35,0,0,162,158,93,154
14,High,40,0,0,159,152,95,154
19,High,19,0,0,133,131,117,139
10,Medium,24,0,0,140,144,67,140
15,Medium,19,1,0,138,136,65,141
9,High,22,0,0,152,157,90,162
19,Low,34,1,0,161,161,33,167
17,Low,34,1,0,157,158,31,152
19,High,18,0,0,190,199,102,197
8,Medium,39,1,0,123,120,70,129
16,High,25,0,0,152,161,107,172
18,High,33,1,0,179,177,118,176
15,Low,40,1,0,184,185,53,186
10,High,33,1,0,177,182,88,193
13,Low,38,0,0,184,187,46,191
10,Low,31,0,1,185,188,26,196
9,Medium,29,1,0,174,163,65,173
16,High,37,0,0,169,167,108,166
11,Medium,28,0,1,139,138,56,136
13,Medium,32,0,0,154,147,79,146
17,Medium,31,1,0,125,135,76,140
18,Medium,27,0,0,138,146,70,153
15,Low,38,0,0,188,193,30,195
17,Low,27,1,0,132,125,51,117
10,Medium,19,0,0,145,137,71,135
14,High,38,1,0,136,134,91,142
16,High,37,0,0,133,141,94,152
19,Medium,39,1,0,179,173,73,166
9,Low,22,0,0,143,151,44,150
12,Low,21,1,0,176,187,35,184
17,High,22,1,0,131,142,120,147
15,Low,39,1,1,124,120,54,115
14,Low,24,1,0,172,178,53,177
12,High,30,1,0,137,143,91,149
19,Medium,39,0,0,127,135,75,138
16,Medium,30,0,0,167,166,59,173
17,Medium,34,1,0,142,145,81,146
17,Medium,35,1,0,139,141,66,138
9,Low,22,0,0,146,139,51,144
13,High,38,0,0,183,188,96,186
10,High,37,1,0,185,178,103,188
9,Low,24,1,0,183,180,55,190
16,Medium,33,1,0,140,150,82,153
11,Low,30,0,0,149,137,43,129
11,Low,31,0,0,155,143,26,151
17,Medium,32,1,0,169,160,69,169
16,Medium,32,0,1,174,165,85,159
14,Medium,29,1,1,148,154,67,164
12,Medium,22,0,0,157,153,71,145
13,Medium,37,1,1,151,162,69,169
14,Low,19,1,0,138,136,51,142
13,Low,29,1,0,148,136,33,145
12,Low,27,0,0,144,153,30,153
8,Low,36,1,0,145,134,47,132
19,Low,18,1,0,148,148,37,146
17,Low,33,1,0,154,161,32,156
14,Low,24,1,0,148,152,36,152
17,Medium,22,0,0,159,158,84,154
9,Low,22,1,0,172,171,44,183
15,Medium,28,1,1,124,120,65,116
15,Medium,34,1,0,189,197,59,203
18,High,31,0,0,168,169,93,163
11,Low,22,1,0,128,121,25,119
11,Low,39,0,1,145,135,46,147
10,Low,25,1,0,165,153,38,156
8,Medium,23,1,0,164,162,71,158
18,Medium,37,0,0,150,138,79,147
14,High,37,0,0,129,123,100,135
19,High,21,0,0,132,131,114,143
10,High,28,0,0,125,136,108,144
13,Medium,37,0,0,181,176,75,177
11,Low,30,0,0,126,125,27,127
9,Medium,33,0,0,161,167,64,169
18,Low,22,1,0,127,131,45,132
17,Low,23,0,0,129,119,32,122
16,Low,18,1,0,140,134,47,137
16,Medium,38,0,1,183,182,56,183
17,Low,33,0,1,136,138,45,130
12,Low,35,1,0,178,177,53,172
16,Low,40,0,0,142,147,48,156
8,High,23,0,0,122,117,101,122
16,High,29,1,1,175,174,102,167
15,Medium,21,1,0,128,116,65,128
9,Low,38,0,0,175,177,55,180
16,Medium,28,1,0,139,127,62,123
14,High,39,1,0,148,145,98,137
10,Low,36,0,1,178,181,54,174
18,Medium,22,0,0,139,138,63,141
9,Medium,31,0,0,161,166,56,159
15,Medium,26,0,0,183,185,84,192
13,Medium,37,0,0,169,171,78,175
18,Medium,28,1,1,185,177,85,181
13,High,37,1,0,155,161,108,168
17,Low,27,0,1,135,146,45,141
9,Low,39,1,0,184,188,34,187
9,Medium,27,0,0,174,182,69,179
8,Low,30,1,0,156,150,25,148
12,Medium,35,0,1,174,174,69,174
14,High,35,1,0,146,152,114,156
16,High,39,1,0,149,142,99,149
16,Medium,36,1,0,120,119,68,124
11,Medium,23,1,0,187,182,76,180
8,High,36,1,0,185,186,110,182
16,Medium,27,0,0,181,184,69,193
12,Medium,18,1,0,168,175,72,172
15,High,23,1,0,136,129,92,140
13,Medium,33,1,0,168,178,83,175
16,Medium,37,1,0,173,184,65,190
12,Medium,30,1,0,143,154,69,154
18,Low,24,1,0,161,162,27,166
14,Medium,20,0,0,124,118,57,113
19,High,29,0,0,189,196,110,188
10,Medium,20,1,1,126,118,73,129
10,High,18,0,0,126,124,89,133
13,High,26,0,0,145,141,119,145
11,Medium,28,1,0,153,156,64,148
18,Medium,28,1,1,165,153,59,155
13,High,36,1,0,129,121,108,113
10,Low,31,0,0,143,135,27,146
15,Low,33,0,0,185,175,34,187
16,High,40,1,0,150,146,99,139
12,Medium,34,0,0,166,154,69,148
19,High,28,0,0,189,193,110,189
18,Medium,24,1,0,186,197,68,198
17,High,27,1,0,135,127,109,138
17,High,25,1,1,151,160,112,159
12,Low,40,1,0,142,139,41,143
19,Medium,30,0,0,153,159,83,161
16,Low,31,0,0,150,154,50,159
14,High,37,0,0,153,164,108,159
16,Medium,20,0,0,140,133,66,135
12,Medium,37,0,0,141,130,56,137
17,Medium,39,1,0,157,166,79,163
9,Medium,31,1,0,147,150,81,146
8,High,35,1,0,163,153,108,147
11,High,34,1,0,159,171,103,168
9,Medium,18,0,0,139,149,66,156
17,High,31,1,0,160,163,114,172
15,Low,22,0,0,130,134,55,140
12,Medium,37,0,0,141,134,70,142
11,Low,35,1,0,151,147,31,157
10,Medium,29,0,0,185,186,65,180
11,Medium,30,0,0,184,177,85,182
8,Low,36,1,0,145,135,55,141
10,Medium,40,0,0,139,145,74,156
9,High,36,1,0,154,158,86,156
18,Low,18,0,0,183,172,38,180
11,Medium,36,1,0,181,188,76,194
13,High,19,1,0,161,159,111,154
13,High,30,1,0,184,181,89,173
15,High,34,1,0,174,165,106,172
16,Low,22,0,0,141,142,49,146
18,Medium,26,1,0,128,129,70,136
15,Medium,22,0,1,159,160,79,168
18,High,21,0,0,161,155,109,164
12,High,37,1,1,157,168,116,170
18,High,21,1,0,142,133,98,125
9,Medium,27,0,0,190,194,57,202
11,High,18,1,0,130,123,93,133
14,Medium,35,0,0,122,131,70,130
11,High,25,1,0,179,170,93,177
8,Low,23,1,0,149,157,40,151
12,High,20,0,0,151,153,119,162
16,High,27,1,0,165,167,107,174
13,Low,30,0,0,178,179,42,179
12,Low,21,0,0,179,178,30,171
11,Low,24,1,0,163,171,40,172
13,Low,27,1,0,151,160,29,172
15,High,31,0,0,166,171,94,183
18,Low,34,1,0,162,173,39,172
15,Low,20,1,0,154,158,43,168
8,High,36,1,0,140,134,120,132
13,High,30,1,1,163,152,116,155
10,Medium,27,1,0,140,141,71,142
10,Medium,21,0,0,122,119,85,125
10,Medium,37,0,0,184,174,67,185
11,High,28,1,0,183,187,86,189
16,Low,38,1,0,126,128,29,135
13,Medium,25,0,0,168,167,67,166
10,Medium,24,1,0,162,160,83,158
17,Low,26,1,0,181,190,31,184
10,Medium,27,0,0,189,194,63,192
12,High,21,0,0,184,190,106,183
10,Low,33,0,0,170,166,28,166
9,Medium,18,0,1,155,146,56,156
10,High,37,0,0,177,185,107,191
15,High,39,0,0,139,136,104,139
14,Medium,28,1,0,125,131,57,136
8,Low,22,0,0,179,185,55,195
9,High,22,0,0,185,195,112,199
15,Medium,37,0,0,126,133,76,133
13,High,27,0,0,165,168,96,173
18,Low,23,0,0,124,134,43,144
16,High,40,1,0,128,137,101,141
17,Medium,35,1,0,180,191,81,192
12,Low,32,1,0,122,126,44,127
14,High,31,0,0,174,169,107,165
18,Low,26,1,0,180,192,53,199
10,High,32,1,0,170,164,87,174
11,Medium,20,0,0,149,159,75,166
15,Low,40,1,0,155,153,25,158
17,Medium,38,1,0,172,180,71,190
8,Low,26,1,0,138,142,33,145
17,High,22,0,0,189,191,107,199
11,Low,21,0,0,129,141,39,135
13,Medium,26,1,0,135,126,69,135
9,Low,32,0,0,172,165,30,174
15,Low,26,1,0,141,133,36,135
8,Medium,28,0,0,179,182,70,190
10,Medium,39,0,0,188,199,71,206
16,Medium,36,1,0,188,180,60,183
19,Medium,34,1,0,152,146,69,150
14,Low,40,0,0,158,165,55,169
12,High,23,1,0,132,141,87,140
11,High,38,1,0,146,143,119,139
13,Medium,38,1,0,179,184,71,190
17,Low,38,0,0,135,129,54,127
17,Low,18,1,0,172,165,42,162
16,Medium,24,0,0,182,187,83,190
11,High,26,0,0,146,139,103,148
16,High,18,1,0,160,155,115,158
12,Low,22,0,0,187,197,37,199
15,Low,21,0,0,122,113,34,124
14,High,18,0,0,142,143,116,153
11,Low,22,1,1,147,137,51,136
17,Low,29,1,0,146,135,34,131
19,High,27,0,0,139,148,116,140
8,Low,39,1,0,148,139,25,147
12,High,22,0,0,141,142,96,148
15,Low,24,1,1,133,138,28,149
8,Low,31,0,0,148,140,41,138
12,Medium,26,1,0,187,179,85,178
9,Medium,39,0,0,163,169,67,172
10,Medium,19,1,0,127,118,71,115
13,High,22,1,0,151,160,97,159
10,Low,35,1,0,144,135,42,146
18,Medium,24,0,0,124,130,70,126
16,High,37,0,0,123,125,116,130
16,Medium,30,1,0,186,178,61,181
18,Medium,29,0,0,156,159,80,161
9,Medium,39,1,0,170,182,67,181
9,High,30,1,0,184,185,119,177
17,High,27,1,0,128,125,93,133
16,High,19,1,0,121,113,97,124
16,Low,18,1,0,120,112,54,115
11,High,36,1,0,175,178,102,189
13,High,34,0,0,187,199,110,202
8,Medium,22,1,0,159,148,80,141
16,Medium,37,0,0,172,162,62,167
8,Low,32,1,0,152,150,50,157
17,Low,28,0,0,163,151,30,153
14,Medium,25,0,0,184,181,69,182
18,Medium,19,1,0,127,138,72,138
13,High,18,0,1,174,176,116,182
14,Medium,21,1,0,184,182,80,176
18,Medium,34,0,0,131,131,81,141
17,Medium,28,0,1,161,153,79,148
11,Medium,19,1,0,127,120,75,116
12,Medium,23,0,0,183,191,60,199
9,High,23,0,0,144,154,112,149
13,High,32,0,0,172,172,117,174
11,High,31,0,0,120,126,105,122
11,Medium,25,0,1,161,167,70,179
10,Medium,39,1,0,157,165,78,172
12,Low,22,0,1,131,142,25,148
10,Low,39,0,1,168,164,54,173
12,Low,29,1,0,183,180,46,178
19,Medium,19,1,0,178,172,80,181
18,Low,24,0,0,180,180,50,183
15,Low,25,0,0,186,175,37,181
18,High,25,0,0,145,143,114,144
15,Medium,31,0,0,158,169,80,162
11,Medium,35,1,0,171,170,82,163
17,High,23,1,0,187,181,104,183
9,Low,32,0,0,179,186,39,189
9,High,18,1,0,143,135,90,144
9,Low,25,0,0,140,150,45,153
9,Medium,20,0,0,122,133,73,142
11,Medium,37,1,0,157,150,79,150
19,High,25,1,0,187,188,105,199
8,Medium,39,0,0,145,152,82,153
18,Medium,27,1,1,168,167,61,178
13,High,18,1,0,161,155,108,156
9,Low,20,0,0,189,193,30,187
13,High,30,1,0,131,133,94,129
17,Low,37,1,0,136,134,39,143
16,High,24,0,1,139,128,111,136
11,Medium,20,0,0,168,173,84,184
11,Low,18,0,0,152,156,51,162
9,Low,34,0,0,162,157,30,152
19,High,24,0,0,120,114,88,110
17,Medium,24,1,1,165,161,60,169
14,Medium,33,1,0,126,127,62,123
17,High,23,1,0,145,139,115,137
13,Low,37,1,0,140,137,26,130
12,Low,29,0,0,131,122,41,122
19,Medium,26,1,0,179,167,67,165
18,Low,22,1,0,167,179,40,182
13,High,33,0,0,133,140,89,140
16,Low,30,0,0,159,156,34,159
13,Medium,23,1,0,188,183,59,195
9,Medium,34,1,1,121,113,76,125
11,Low,35,0,0,157,153,55,164
14,High,20,0,0,125,125,120,124
12,Low,29,1,0,186,181,42,186
14,Medium,22,0,0,141,134,79,135
11,Low,27,1,0,170,172,37,174
8,Medium,39,0,0,141,139,79,143
19,Low,23,1,0,171,167,42,174
11,Medium,30,0,0,124,133,67,131
11,Medium,23,1,0,144,143,74,141
8,Medium,24,0,0,190,179,68,191
17,High,28,0,0,165,168,90,178
13,Medium,20,1,1,175,187,69,199
11,Medium,36,1,0,156,160,67,156
18,Medium,35,1,0,163,152,72,144
17,High,36,1,1,123,116,90,114
11,High,18,1,0,161,164,89,156
8,Medium,34,1,0,144,140,63,148
9,High,36,0,0,169,174,119,174
19,Medium,35,1,0,151,144,65,144
10,High,20,0,0,159,159,107,161
8,Low,36,0,0,144,135,53,136
15,Low,25,1,0,145,148,34,148
15,Low,29,1,0,148,145,34,140
18,Medium,40,0,0,147,144,79,152
17,High,33,1,0,163,163,91,158
17,Medium,20,1,0,183,188,56,180
16,Medium,39,1,0,152,147,56,150
8,Medium,37,1,1,124,123,68,126
8,High,18,1,0,145,154,100,149
9,Medium,28,0,0,185,184,73,178
14,High,31,0,0,174,173,89,173
19,Medium,18,1,0,188,194,66,192
13,High,30,0,0,140,128,118,136
11,Medium,22,0,0,129,134,82,136
14,High,23,0,0,188,193,105,203
11,Medium,40,0,0,182,191,59,188
10,Medium,27,1,0,183,173,80,179
15,Low,23,0,0,165,177,27,170
15,Medium,37,1,0,139,144,67,154
19,Low,33,0,0,132,121,35,121
18,Low,38,1,0,153,142,39,149
15,High,26,0,0,162,172,103,173
16,Medium,38,1,0,187,195,68,195
16,Low,22,0,0,141,145,48,144
15,Medium,18,0,0,137,144,73,155
12,Medium,21,0,0,150,150,67,147
12,High,40,1,0,180,184,96,179
11,High,21,1,0,123,121,99,125
15,Low,33,1,0,165,177,50,173
19,Medium,31,0,0,171,179,80,183
14,Low,20,1,0,180,184,35,179
14,Medium,28,0,0,147,139,64,140
19,Low,30,1,0,159,171,39,175
16,Medium,26,0,0,188,183,66,193
14,Low,32,0,0,185,182,31,179
9,High,35,0,0,176,171,117,168
13,Low,34,1,0,177,184,29,193
9,Low,33,0,0,131,122,29,129
13,Medium,37,1,0,143,145,74,143
8,Medium,39,1,0,190,188,80,198
17,Low,28,0,0,147,158,40,169
10,High,36,1,0,149,153,100,160
18,Low,34,1,0,161,166,38,161
15,Medium,40,1,0,130,132,85,126
13,High,28,1,0,136,142,101,143
18,Low,34,1,0,182,194,31,197
11,High,39,1,1,161,169,92,165
8,Low,19,0,0,186,177,36,177
19,Medium,24,0,0,120,112,61,112
9,High,23,0,0,127,129,108,138
17,Medium,26,1,0,182,189,66,193
13,Low,30,1,0,141,151,30,152
9,High,34,1,0,183,173,108,165
18,Low,28,0,0,177,167,29,171
16,Low,31,1,0,158,155,34,155
9,Medium,21,1,0,126,127,83,124
8,Medium,40,1,0,120,123,77,115
12,High,36,1,0,167,162,103,164
13,Low,40,0,0,166,163,26,162
11,Low,39,1,0,130,141,55,153
16,Low,36,0,0,146,154,35,148
17,Low,27,0,0,147,152,37,160
13,Low,25,1,0,174,176,50,168
18,Low,24,0,0,180,170,45,177
14,High,23,0,0,122,112,95,110
19,High,35,1,0,128,140,102,132
14,Medium,40,0,0,185,190,81,186
12,Low,28,0,0,121,124,41,131
8,High,33,1,0,144,139,105,146
19,High,22,1,0,123,134,96,126
19,High,27,1,0,167,164,89,171
19,High,29,1,0,153,151,100,149
15,High,21,0,0,137,148,117,153
8,Medium,23,0,0,170,182,74,183
17,Medium,27,0,0,179,175,64,169
12,Low,31,1,0,129,124,27,135
15,Medium,28,0,0,172,167,74,173
13,Low,22,1,0,157,164,38,170
14,Low,20,0,0,138,128,39,139
15,Medium,38,0,0,166,174,61,173
19,Medium,33,0,0,125,124,63,120
10,Low,35,0,0,150,155,30,165
17,High,39,1,0,177,166,91,177
19,High,19,0,0,159,161,112,167
17,Medium,31,0,0,160,159,62,160
11,High,25,1,0,141,151,106,151
8,Medium,20,0,0,173,176,63,173
18,Low,29,0,0,133,143,35,150
9,Low,18,1,0,150,149,25,149
10,Medium,35,0,0,129,136,58,143
19,Medium,26,0,0,125,131,64,128
11,Low,25,1,0,171,170,47,179
17,Medium,33,0,0,169,178,78,182
17,Medium,25,1,0,130,120,65,132
10,Medium,26,0,0,161,170,80,172
14,Medium,36,0,0,123,132,76,131
17,Low,35,1,0,169,169,30,167
16,Medium,29,1,0,134,130,73,137
10,Low,19,0,0,143,147,36,145
11,High,39,0,0,149,145,99,146
14,Medium,37,1,0,153,161,56,173
10,Low,31,0,0,169,176,51,180
18,Medium,36,0,1,121,132,84,130
13,Medium,35,0,0,138,135,85,127
13,Medium,33,1,0,123,116,67,123
8,High,27,0,0,139,135,98,128
19,Low,19,0,0,139,137,29,140
16,Medium,35,0,0,141,153,71,164
16,Low,26,1,0,165,177,53,180
17,Low,36,0,0,125,119,27,130
13,High,38,1,0,166,160,92,156
19,Low,34,1,0,127,136,45,148
19,High,33,0,0,186,192,97,201
10,Medium,37,1,1,188,194,58,190
19,Low,35,1,0,162,162,48,170
19,High,27,0,0,121,117,96,113
15,High,27,0,0,142,137,94,145
11,Medium,24,0,0,128,134,76,140
9,High,28,1,0,162,160,114,161
18,Low,25,0,0,155,157,38,163
19,High,40,1,0,161,171,93,171
13,Low,28,0,0,160,153,31,164
15,Low,24,1,0,134,130,51,122
17,Low,27,0,0,190,188,35,200
15,Low,36,0,0,126,114,41,110
17,Medium,33,1,0,140,139,63,146
16,Low,30,1,0,136,144,37,152
11,Low,40,1,0,129,139,43,150
14,Medium,34,1,0,134,129,59,140
19,Low,32,1,0,174,164,40,168
17,Low,20,0,1,148,148,49,155
15,High,23,1,0,130,138,89,139
14,Medium,39,1,0,166,170,66,169
19,High,20,1,0,165,157,97,150
19,High,24,1,0,125,118,107,110
10,Low,21,1,0,145,143,44,136
18,High,28,0,0,162,165,87,165
14,High,24,1,0,164,170,116,164
10,Low,38,0,0,123,112,52,111
16,Low,38,1,0,120,110,33,120
16,Medium,23,1,0,168,163,77,161
11,High,22,1,0,131,129,92,141
19,Medium,34,1,0,141,144,59,156
18,Low,18,0,0,126,123,41,118
17,Low,36,1,0,147,142,30,137
10,Low,24,1,0,158,165,33,176
19,Medium,29,0,0,181,174,62,168
13,Medium,37,0,0,147,159,59,159
13,Low,32,0,0,168,174,41,172
19,Medium,31,0,0,154,160,66,153
11,Medium,32,1,0,178,184,67,182
9,Low,33,1,0,183,189,25,199
8,Medium,25,0,0,180,174,81,185
11,High,37,0,0,151,151,93,143
19,Medium,39,1,0,145,157,83,165
14,Medium,33,0,0,158,155,82,158
11,Medium,38,1,1,159,153,56,152
13,Medium,36,0,0,144,139,68,142
8,High,27,1,0,174,182,113,178
18,Medium,33,0,0,144,134,70,127
13,Medium,30,1,1,160,161,62,157
13,Medium,29,1,0,136,124,60,117
10,Low,19,1,0,136,130,26,123
10,Medium,33,0,0,131,129,80,127
10,High,36,1,0,172,160,113,169
8,Medium,37,0,0,120,131,62,143
17,Low,28,1,0,182,185,41,180
16,High,24,0,0,132,141,108,136
15,Low,38,0,0,162,165,53,158
9,High,39,1,0,172,161,91,161
14,Medium,37,0,0,148,153,63,159
18,Low,29,1,0,159,153,47,158
11,Medium,37,0,0,136,135,83,140
13,Medium,39,1,0,150,144,77,138
15,Low,29,0,1,175,187,25,196
18,Low,35,0,0,140,152,37,144
18,Medium,32,1,0,180,168,70,175
10,Medium,34,0,0,180,173,73,172
10,High,36,1,0,137,144,118,139
9,Medium,36,1,0,173,174,75,166
14,Medium,40,1,0,168,163,66,155
11,Medium,33,1,0,135,126,63,119
18,Medium,24,0,1,126,138,57,134
18,Low,27,0,0,183,187,43,196
17,Medium,27,0,0,179,174,61,181
8,Low,19,0,0,174,171,55,176
16,Low,36,0,0,165,170,34,172
17,Medium,22,0,0,177,167,84,164
8,Low,20,1,0,189,201,35,209
15,Low,21,1,0,165,175,52,184
14,Low,24,1,0,170,169,46,171
12,Medium,33,1,0,148,152,59,161
17,Low,23,1,0,132,129,35,126
17,Low,19,1,0,132,137,26,139
18,High,23,1,0,154,151,87,160
10,Medium,25,0,0,134,125,56,121
17,Medium,22,1,0,132,138,64,144
12,Medium,38,1,0,129,124,64,127
9,Medium,36,1,0,163,173,83,166
12,Medium,26,0,0,186,176,63,186
11,Low,32,0,0,174,184,35,176
9,Low,19,1,0,152,162,45,169
12,Medium,39,1,0,170,181,71,185
11,High,20,0,0,149,150,110,156
13,Medium,31,1,0,172,164,67,175
13,Medium,35,1,0,133,131,61,124
10,High,21,1,0,130,130,89,140
15,Medium,31,1,0,138,140,74,136
18,Medium,29,0,1,169,168,56,162
18,Medium,20,0,0,187,178,83,185
10,Medium,20,0,0,153,142,73,140
14,Medium,24,1,0,184,196,77,191
14,Medium,20,1,0,170,182,72,177
14,Medium,30,0,1,138,142,73,145
9,Medium,18,0,0,165,163,61,168
19,High,35,1,0,130,118,106,110
15,High,20,0,0,159,168,117,180
8,Medium,21,0,1,185,184,62,193
8,Medium,40,0,0,168,170,73,181
17,High,18,1,0,169,159,92,170
13,High,35,1,0,160,155,107,167
12,Medium,34,1,0,185,196,65,189
17,High,28,1,0,129,140,111,148
9,Medium,37,1,1,140,129,72,137
19,Medium,31,1,0,149,159,78,167
12,Medium,40,0,0,160,169,81,166
11,High,19,0,0,181,180,92,185
15,High,27,1,0,122,123,107,118
9,Low,32,0,0,159,165,50,159
8,High,29,1,0,163,171,94,183
15,Medium,27,0,1,122,130,85,123
10,Low,39,0,0,172,182,31,185
8,Low,33,0,0,144,151,27,148
8,Low,33,0,0,178,183,47,188
17,Medium,31,0,0,148,157,72,150
8,High,37,1,1,138,144,95,138
13,Low,31,1,0,185,192,47,202
9,Low,39,0,0,166,173,51,180
17,Medium,32,1,1,187,182,73,188
11,Low,38,1,0,132,132,34,140
13,Medium,23,0,0,182,187,67,187
8,Medium,27,0,0,170,178,70,170
14,Medium,39,1,0,127,116,79,111
17,Medium,34,0,0,175,172,76,169
8,Low,21,0,0,151,147,30,157
8,Low,33,1,0,125,121,39,124
12,High,29,1,1,138,148,108,156
11,Medium,22,0,0,153,159,79,167
18,Medium,21,0,0,128,135,59,141
17,Low,39,0,0,183,188,25,198
18,Low,19,1,0,156,145,44,142
12,High,40,0,1,150,154,93,156
17,Medium,32,0,0,121,121,63,131
13,Low,33,0,0,187,185,33,190
16,Low,22,0,0,136,148,28,152
17,Medium,24,0,0,146,136,75,136
17,Low,20,0,0,144,152,29,148
17,High,23,1,0,168,164,116,173
18,Medium,18,0,0,161,171,66,168
10,Medium,30,1,0,132,129,80,122
16,Low,36,1,0,121,110,25,110
14,Medium,18,0,0,147,158,56,157
11,Medium,35,0,1,174,175,73,173
13,Medium,32,0,0,125,125,69,127
15,High,31,0,0,185,173,88,165
12,High,27,0,0,132,132,104,135
14,Low,26,1,0,140,131,38,130
14,High,40,1,0,181,191,114,203
15,Low,25,0,0,188,179,48,177
9,High,19,1,0,170,170,95,178
15,High,36,0,1,134,136,108,139
10,Medium,27,1,0,175,163,78,162
19,Medium,30,1,0,182,171,62,174
10,High,23,0,1,182,175,120,174
16,Low,31,1,0,159,160,49,153
9,Low,34,0,0,120,112,54,112
10,Low,35,0,0,168,163,54,175
19,Low,22,1,0,124,119,32,117
11,Medium,29,1,0,160,153,67,155
11,Medium,33,1,0,190,183,61,182
18,Medium,39,1,0,156,151,79,161
10,Medium,31,1,0,154,149,80,156
13,High,28,1,0,128,128,107,124
18,Low,37,0,0,167,157,44,151
14,Medium,20,0,0,146,141,69,147
11,Low,18,0,0,141,136,25,136
16,Low,28,0,0,144,152,51,162
14,Low,23,1,1,143,142,31,150
8,Medium,25,0,0,177,179,65,175
8,Medium,21,1,0,141,152,65,159
12,High,24,0,0,187,191,87,201
16,Medium,40,0,0,148,141,71,134
18,Medium,22,1,0,122,119,56,120
17,High,39,0,0,149,150,94,150
10,High,18,0,0,176,176,101,176
12,Medium,24,0,0,126,122,63,126
14,Medium,34,0,1,178,178,66,178
12,High,24,1,0,158,148,118,147
11,Low,28,1,0,184,179,29,177
9,High,35,0,0,149,152,94,148
19,Medium,20,0,0,165,155,57,157
13,Low,37,0,0,151,150,52,150
11,Low,40,1,0,124,126,50,137
10,Low,32,1,0,153,154,42,153
15,Medium,38,0,0,135,126,58,124
12,Low,24,0,0,134,139,39,140
9,High,22,0,0,125,125,98,137
18,Medium,26,0,0,171,167,85,173
14,Low,24,1,0,124,133,37,132
16,Low,36,1,0,169,179,42,184
14,Low,25,1,0,156,160,28,158
13,Medium,37,0,0,151,154,57,146
10,Low,32,1,0,172,165,54,168
17,Medium,32,0,0,140,141,60,139
16,High,29,0,0,171,165,119,176
10,Medium,24,1,0,174,180,78,175
9,Medium,29,0,0,123,133,81,136
11,High,27,1,0,147,151,118,146
18,High,36,0,0,129,138,90,134
9,Low,27,0,0,138,137,48,147
18,Low,21,0,0,184,191,47,185
8,High,24,1,0,135,141,87,133
19,Medium,34,0,0,125,117,58,125
11,High,40,1,0,142,149,117,160
12,Medium,36,1,0,175,181,56,185
15,Medium,19,1,1,122,117,71,129
11,Low,27,1,0,154,153,55,155
18,Medium,35,1,0,183,188,63,192
15,Low,37,0,0,124,131,44,138
14,Medium,22,1,0,189,181,73,185
12,Medium,28,0,0,135,126,57,137
10,High,30,1,0,139,143,111,154
14,High,36,0,0,180,178,103,173
9,Medium,33,0,0,155,149,80,152
17,High,24,1,0,125,127,89,138
12,Medium,28,0,0,149,139,67,135
17,Medium,31,1,0,159,163,79,163
19,Medium,24,0,0,186,191,56,185
8,Low,32,0,0,158,152,29,153
10,Medium,24,0,0,127,134,62,142
8,High,26,1,0,135,132,88,126
19,Medium,24,1,0,155,155,68,147
14,Low,39,0,0,123,117,47,126
11,Medium,28,1,1,140,134,63,140
10,High,29,1,0,177,187,92,186
16,Low,37,1,0,160,166,55,168
17,Medium,18,1,0,142,143,71,145
11,Low,36,1,0,162,159,32,160
15,Medium,32,1,0,143,142,85,137
13,Medium,26,0,1,136,142,85,153
12,Medium,22,0,0,162,167,82,177
13,High,19,1,0,178,170,98,176
9,Medium,29,0,0,143,136,59,145
12,High,40,0,0,176,165,97,175
9,Low,25,1,1,151,156,31,163
11,Medium,38,1,0,151,148,85,155
17,Medium,21,0,0,139,131,76,136
11,High,18,0,0,145,143,105,143
13,High,25,0,0,127,135,99,137
13,Low,39,0,1,127,137,32,130
10,Medium,22,1,0,134,143,82,147
14,Low,18,0,0,169,166,27,164
13,Medium,35,0,0,131,130,76,142
17,Low,21,0,0,124,116,39,121
13,Low,23,1,0,133,129,31,138
15,High,34,1,0,136,134,115,135
13,High,35,0,0,150,143,117,136
14,High,31,0,0,188,177,107,184
14,High,37,1,0,135,138,115,136
9,Medium,28,0,0,157,155,60,154
13,High,39,0,1,126,137,104,131
19,High,19,1,0,168,160,104,158
12,Medium,34,1,0,158,166,64,165
8,Medium,19,0,0,170,166,68,158
17,Low,23,1,0,130,135,43,146
15,Medium,25,0,0,178,166,76,178
15,Medium,38,1,0,150,148,66,141
8,Medium,31,0,0,149,161,76,156
12,Medium,37,1,0,172,172,79,179
19,Low,38,1,0,181,189,54,182
17,Medium,26,1,0,186,195,56,197
19,Medium,20,1,0,136,148,56,158
8,Low,27,1,0,165,153,37,146
9,Medium,40,0,0,177,184,69,177
11,High,40,0,0,154,142,117,151
9,High,38,1,0,185,180,90,180
15,Medium,39,1,0,153,144,64,151
19,Medium,25,1,0,183,193,75,195
13,Medium,35,0,0,164,153,71,163
18,High,40,0,0,127,122,86,123
9,Medium,18,0,0,171,168,84,172
18,Medium,35,0,0,189,185,83,184
15,Low,29,1,0,181,191,42,201
8,Medium,37,0,0,150,144,79,156
16,Medium,36,0,0,130,138,82,132
15,Medium,24,1,0,127,136,62,128
16,Medium,19,0,0,157,147,84,140
17,Medium,34,0,1,169,172,76,178
14,Medium,35,1,0,122,117,63,112
14,Low,27,1,0,167,165,43,177
19,Medium,40,1,0,138,138,56,142
19,Medium,39,0,0,167,155,81,165
13,Medium,31,0,0,150,159,68,171
17,Medium,22,0,0,136,146,56,143
12,High,29,0,0,161,160,90,170
8,Low,38,1,0,123,134,38,128
12,High,21,1,0,151,145,96,144
10,Low,36,0,0,177,169,39,172
12,Medium,18,0,0,177,173,74,170
17,Medium,20,0,0,154,155,75,160
12,Medium,25,1,0,172,181,72,186
17,High,39,1,0,126,119,96,123
18,High,21,1,1,172,175,102,185
11,High,22,0,0,124,131,97,138
17,Medium,38,0,0,168,159,67,163
9,Medium,22,0,0,150,158,84,166
14,Low,25,1,0,133,139,41,139
16,High,30,1,0,179,189,99,198
14,High,28,0,0,179,171,92,166
18,Medium,40,0,0,190,189,68,186
11,Low,34,0,0,139,127,53,126
14,Low,38,0,0,189,183,45,187
14,High,26,0,0,178,172,117,169
16,High,24,0,0,140,140,102,145
10,High,19,1,0,126,138,90,136
11,Low,31,0,0,189,195,54,197
19,Medium,21,1,0,156,168,60,163
10,Low,21,0,0,185,186,39,185
9,Medium,20,1,0,163,160,79,158
17,Low,25,1,1,189,200,40,209
9,Low,27,1,1,167,179,38,187
17,Medium,36,0,0,153,160,83,152
8,High,21,0,0,163,156,118,164
17,Medium,21,1,1,187,180,67,177
12,Low,26,0,0,162,161,38,167
19,Low,32,0,0,184,179,26,185
18,Medium,27,1,0,154,143,71,147
17,Low,27,1,0,179,182,27,184
12,Medium,28,1,0,152,151,70,158
12,Medium,24,1,0,163,153,63,158
15,Low,22,1,1,161,167,49,179
10,Medium,33,0,0,143,137,70,140
10,Medium,37,1,0,158,150,83,145
12,High,19,0,0,148,160,106,166
12,Medium,37,0,0,164,171,73,166
8,Medium,28,0,0,162,163,64,165
8,Low,21,0,0,166,175,32,184
8,Low,38,1,0,177,168,45,170
19,Low,40,0,0,137,139,47,141
8,High,32,1,0,129,140,111,148
15,Medium,36,1,1,138,143,76,147
10,Low,23,1,0,128,116,26,112
10,Medium,35,0,1,146,145,79,156
19,Low,34,0,0,182,184,54,190
16,Medium,27,0,1,187,188,69,183
12,High,26,0,0,152,162,111,164
9,High,27,0,0,173,174,102,181
13,Low,19,1,0,185,176,54,169
15,High,36,0,1,143,139,88,143
8,Low,21,0,0,163,166,28,160
19,Low,37,0,0,130,135,49,137
10,High,30,1,0,189,182,94,189
15,Low,34,0,0,189,195,46,197
9,Low,22,1,0,183,187,47,197
10,Low,37,0,0,172,182,51,186
19,Low,32,0,0,137,127,46,139
13,High,19,1,0,165,162,113,162
14,Low,24,1,1,167,176,41,175
12,High,40,1,0,159,149,87,155
8,Medium,38,1,0,148,142,81,143
17,High,26,1,0,134,131,101,125
9,Low,19,1,0,153,163,36,159
18,Low,39,1,0,124,117,51,124
15,Medium,19,1,0,141,141,79,144
15,Medium,19,1,0,154,163,72,156
11,High,34,1,0,181,172,120,169
12,Medium,35,0,0,145,147,81,141
13,High,31,1,0,132,138,120,141
17,Medium,35,0,0,126,117,83,111
12,Medium,22,0,0,170,167,74,171
9,High,35,1,1,163,164,120,169
13,Medium,37,0,0,178,186,79,180
15,High,27,1,0,134,136,119,148
18,High,25,1,0,155,149,111,153
15,Medium,22,1,0,176,182,80,192
8,High,27,1,1,127,128,86,131
10,Low,40,1,0,153,142,44,150
19,Medium,38,1,0,156,148,64,152
19,Medium,35,1,0,152,145,72,142
14,Medium,20,1,0,142,136,76,139
15,High,20,0,0,136,132,92,131
17,High,32,1,0,173,182,86,184
18,High,22,0,0,124,116,113,118
12,High,30,0,1,177,183,101,175
8,Low,30,1,0,151,148,27,144
14,Medium,38,1,0,140,149,76,141
19,High,25,1,0,134,145,101,145
9,High,24,0,0,133,137,100,139
11,Medium,26,0,0,127,135,78,131
8,Medium,37,0,0,141,147,81,149
14,Medium,20,1,1,124,130,62,122
18,High,35,1,0,170,171,117,183
15,High,35,0,0,121,128,117,140
16,High,18,0,0,160,153,108,152
13,High,24,1,0,167,169,90,171
19,High,36,0,0,188,193,93,188
12,Low,27,1,0,172,163,53,158
18,Medium,18,0,0,136,127,77,120
18,Low,25,0,1,159,164,39,165
12,Low,38,0,0,172,179,34,178
14,Low,22,0,1,186,186,50,186
12,Medium,18,0,0,183,182,82,174
10,High,38,1,0,135,137,99,137
15,Low,28,0,0,161,169,33,170
13,Medium,32,0,0,167,161,84,171
19,High,36,0,0,134,131,92,130
17,Medium,38,1,1,174,182,83,186
8,Medium,27,1,0,135,136,75,129
13,High,32,1,0,162,168,112,171
9,High,35,1,0,169,180,108,182
13,Low,36,1,0,141,138,55,145
17,Low,24,0,0,147,155,25,159
16,Low,37,0,1,137,139,27,139
10,High,34,1,0,121,112,96,110
10,High,23,0,0,179,190,106,201
8,Low,22,0,0,133,141,51,134
10,High,38,0,0,174,178,120,185
13,Medium,19,0,0,175,181,76,190
12,Low,37,1,0,159,166,49,171
11,Low,38,1,0,181,177,53,180
10,High,27,0,0,144,132,120,126
15,Low,18,1,0,188,186,55,196
17,Medium,36,1,0,142,134,85,145
8,High,34,0,0,120,111,99,117
9,Medium,34,0,0,130,120,61,124
17,High,30,0,0,160,151,119,155
10,Low,31,0,0,154,160,31,158
10,High,25,1,0,163,172,95,184
8,High,33,1,0,182,179,96,181
9,High,39,0,0,184,194,119,195
19,Medium,19,0,0,141,133,84,138
8,High,40,1,0,129,121,94,130
18,High,35,0,0,182,173,97,179
17,Medium,40,1,0,175,164,64,161
11,Low,21,1,0,146,134,32,141
13,Low,26,1,0,123,123,55,127
19,High,32,0,0,161,172,86,175
8,High,35,0,0,122,119,94,113
13,Medium,24,0,0,159,161,70,173
14,Medium,38,0,0,173,168,72,164
18,Low,35,0,0,165,172,31,183
8,High,32,1,0,171,177,109,170
12,High,22,1,0,125,128,87,136
13,Medium,36,0,0,156,164,76,172
13,High,40,1,0,170,164,90,156
12,High,21,0,0,149,150,96,142
13,Medium,27,1,0,171,161,65,169
17,Low,35,0,1,176,170,48,171
14,High,28,1,0,154,156,107,152
19,Medium,24,1,0,126,138,83,143
8,Medium,20,0,0,144,138,82,146
16,Low,24,1,0,171,174,33,175
16,Low,33,1,0,135,127,44,121
11,Low,22,0,0,162,160,43,153
12,High,31,1,0,147,140,106,137
15,Medium,38,0,0,187,189,77,181
16,Medium,18,0,0,141,131,73,124
13,High,27,0,0,159,157,89,164
16,Low,27,0,1,185,180,26,176
15,Medium,40,1,0,178,176,63,180
8,Low,26,1,0,181,175,26,180
18,High,19,0,0,151,144,86,148
11,Medium,36,1,0,142,151,80,152
12,Low,31,0,1,166,155,35,158
11,Low,35,0,0,120,126,54,123
13,High,40,0,0,150,160,88,172
15,Medium,40,0,0,155,147,68,143
10,High,40,1,0,153,150,91,142
19,High,39,1,0,134,141,99,147
11,Medium,36,0,0,130,122,81,129
13,High,35,1,0,174,180,110,186
16,High,36,0,0,188,183,91,178
19,Medium,25,1,0,144,150,57,146
18,Medium,25,1,0,180,168,62,172
9,Medium,29,1,0,141,147,69,157
17,Medium,20,0,0,189,199,75,197
17,Medium,22,0,0,138,150,57,159
16,Low,26,1,0,129,138,39,134
14,Medium,20,0,0,132,124,71,126
8,Low,39,0,0,142,148,30,146
18,Low,38,1,0,132,123,53,117
17,Medium,38,0,0,156,165,57,167
11,Medium,20,1,1,175,164,64,162
8,Low,35,0,0,147,147,51,157
13,Medium,19,0,0,133,141,78,136
17,Medium,40,1,0,133,145,73,138
13,Medium,23,0,0,153,147,62,156
18,Medium,23,0,0,178,176,80,173
8,Medium,36,1,0,185,178,70,178
18,Low,21,1,0,171,171,42,177
18,Medium,28,0,0,133,134,82,139
10,Low,32,0,0,167,156,50,151
16,Low,29,1,0,179,177,36,186
11,Low,19,1,0,184,190,46,182
18,Medium,36,1,0,131,140,77,152
16,High,27,1,0,161,170,86,173
10,Medium,38,1,0,129,131,74,129
19,Low,31,1,0,176,181,52,177
15,Medium,20,1,0,131,135,76,145
9,High,27,1,0,176,166,105,160
15,Low,19,0,0,144,155,50,148
13,High,22,0,0,128,116,102,111
16,Medium,30,0,0,164,169,76,165
8,High,40,1,1,145,157,113,153
13,High,23,1,0,155,166,95,171
14,High,30,0,0,124,116,111,110
8,Medium,39,1,0,151,145,65,156
19,High,38,0,0,167,172,95,166
10,Medium,20,1,0,156,158,59,159
8,Low,30,0,0,159,165,26,169
17,High,27,0,0,159,164,88,174
9,High,36,0,0,164,172,108,166
12,Medium,18,0,0,182,194,84,200
17,Medium,20,0,0,154,157,71,151
13,Medium,23,0,0,154,160,70,154
14,Medium,22,0,0,157,163,72,159
10,Medium,22,1,0,145,134,85,142
19,Medium,22,0,0,134,135,73,138
15,High,39,1,0,185,196,112,205
14,Low,38,1,0,135,123,42,123
15,Medium,26,0,1,177,182,68,192
14,High,31,0,0,134,131,95,127
17,Low,26,0,0,187,197,34,194
17,High,37,1,0,175,186,97,196
8,Medium,20,1,0,152,148,61,148
18,Low,19,1,0,145,154,49,164
9,Medium,38,1,0,149,145,81,141
16,Low,38,0,0,179,180,26,184
15,Medium,23,1,0,168,178,84,182
9,Medium,40,1,0,168,177,75,176
10,Low,19,1,1,165,164,41,165
9,High,36,0,1,163,155,109,150
13,Medium,34,0,0,142,137,63,134
9,Low,26,1,0,127,134,53,135
9,Medium,28,1,0,159,147,62,148
14,Low,25,0,0,136,148,34,149
18,Medium,18,0,0,123,126,56,118
12,High,25,0,1,165,161,99,163
14,Medium,33,0,0,144,139,76,149
12,High,21,1,0,170,175,104,175
9,Medium,22,1,0,153,164,57,169
19,Medium,40,0,0,151,153,79,154
14,High,22,0,0,186,186,91,178
9,Medium,23,0,0,178,186,69,187
18,Medium,37,0,0,156,151,68,153
11,Medium,22,1,0,183,194,65,205
11,Low,37,0,0,161,149,50,154
16,Low,38,0,0,130,138,45,134
11,Low,30,0,0,153,156,29,148
9,High,22,0,0,145,140,98,138
16,High,26,1,0,149,138,86,141
19,High,29,0,0,126,126,115,129
8,High,34,1,0,187,192,90,195
11,Medium,32,1,0,185,192,71,191
18,Low,30,0,0,169,159,44,163
8,High,27,0,0,186,187,106,183
8,Low,38,0,0,183,179,43,191
11,High,32,0,0,147,151,97,144
12,High,24,1,1,169,175,113,186
15,Medium,32,0,0,127,130,81,123
15,High,25,0,0,179,184,87,182
11,Medium,26,0,0,127,132,71,137
18,Medium,19,1,0,130,133,58,145
15,High,40,1,0,124,119,108,117
19,High,25,0,0,163,173,115,182
10,Low,31,1,0,140,135,28,140
11,Low,23,0,0,123,118,28,115
9,High,21,1,1,149,155,91,149
11,High,20,1,0,144,138,120,150
19,Medium,29,1,0,127,122,78,119
9,Low,23,1,0,167,156,48,149
12,High,22,0,1,122,123,93,115
10,Medium,33,1,1,139,144,67,156
10,Medium,38,0,0,125,120,65,118
13,Medium,20,1,1,156,160,61,154
13,High,26,1,0,171,164,96,167
8,High,26,0,0,161,161,100,173
18,Medium,30,0,0,129,139,77,144
10,Medium,39,1,0,165,153,77,165
14,Medium,21,1,0,158,147,69,141
16,Medium,30,1,0,141,142,63,153
10,Medium,37,0,1,126,126,75,118
10,Medium,39,0,0,138,141,58,151
18,High,33,1,0,169,180,86,174
18,Low,18,1,0,181,188,26,189
11,Medium,20,1,0,131,142,61,152
16,Low,25,0,0,156,148,28,142
10,Medium,24,1,0,144,147,68,152
16,Low,20,1,0,127,128,40,125
8,Low,32,0,0,183,194,47,191
11,Medium,39,0,0,157,152,72,147
8,Low,35,1,0,139,142,41,136
16,High,34,0,0,190,180,117,180
18,Low,19,0,1,157,159,54,162
16,High,19,0,0,145,139,112,148
16,High,28,1,0,137,131,92,142
15,High,38,0,0,190,195,106,200
19,Medium,33,0,0,149,142,66,152
9,High,40,0,0,182,185,104,183
17,Medium,34,1,0,160,162,74,171
12,Medium,20,0,0,164,154,69,161
13,Medium,30,0,0,173,180,67,186
12,Low,30,0,0,154,149,28,141
17,Low,21,0,1,165,176,26,170
13,Low,32,0,1,148,147,40,140
10,Low,37,0,0,183,195,53,198
10,Low,19,1,0,129,135,47,129
19,Medium,38,0,0,127,115,60,126
11,Medium,36,0,0,153,145,81,155
15,High,35,0,0,170,175,110,177
16,High,30,1,0,174,183,115,188
10,Medium,35,0,0,153,156,66,160
12,High,20,1,0,161,156,113,149
15,Low,22,0,0,144,149,27,161
17,Low,19,0,0,137,144,38,148
16,Low,21,0,0,181,170,40,177
9,Medium,20,1,0,124,120,82,122
17,Low,31,0,0,170,177,33,180
9,Medium,26,0,0,172,179,64,187
16,High,40,1,0,123,131,101,132
16,High,28,0,1,190,201,92,211
15,Low,32,1,0,179,167,39,169
11,High,27,0,1,168,159,104,170
13,Medium,32,0,0,169,163,74,156
14,Medium,22,1,0,143,145,75,150
13,Medium,34,0,0,148,146,79,150
16,Low,27,0,0,145,149,46,157
18,Low,25,1,0,156,147,55,144
10,Low,38,1,0,140,137,40,134
12,Low,27,0,0,175,180,26,172
15,Medium,20,0,0,133,139,77,148
18,High,36,1,0,156,156,99,154
17,High,20,0,0,138,133,113,125
17,Low,38,0,0,127,127,50,127
8,Low,25,0,0,146,146,28,148
8,Medium,38,1,0,152,140,79,145
12,Low,36,0,1,168,165,28,171
16,Medium,29,0,0,177,167,80,167
18,Medium,20,0,0,137,131,74,129
11,Medium,40,1,0,122,114,58,110
15,Medium,28,0,0,159,166,59,172
18,Medium,28,0,0,144,139,57,136
11,Low,29,1,0,170,161,53,166
18,Medium,30,1,0,171,173,72,176
8,Low,27,1,0,180,173,50,173
13,Medium,35,0,1,124,132,84,130
8,High,31,0,0,150,143,96,141
9,Low,30,0,0,139,131,39,143
9,Medium,33,0,0,131,127,71,123
14,High,27,1,1,139,138,102,141
10,Medium,39,1,0,121,125,68,120
15,Medium,28,1,0,157,152,72,151
12,Low,26,1,0,174,163,32,166
9,Medium,20,0,0,157,148,58,152
13,High,40,1,0,150,138,111,145
17,Medium,30,0,1,167,162,73,155
19,Medium,35,0,0,178,166,80,160
10,Low,23,1,0,120,131,54,134
18,Low,35,0,0,131,126,45,119
14,Medium,18,0,0,179,175,60,173
12,Low,22,1,0,142,149,48,152
14,High,20,1,0,158,166,112,158
16,High,25,1,0,152,164,97,163
8,High,34,1,0,157,147,89,155
11,Medium,21,1,0,188,179,74,189
16,Medium,37,1,0,124,124,56,116
11,High,36,1,0,181,175,118,167
14,Low,20,0,0,152,164,50,156
14,Low,20,1,0,142,139,36,148
12,Medium,37,0,0,129,133,74,129
15,High,32,1,0,173,176,103,175
15,High,31,1,0,152,142,103,153
16,High,18,0,1,140,152,89,160
16,Medium,30,1,0,170,160,81,172
11,High,23,1,0,156,152,97,149
9,Low,25,0,0,185,193,39,195
9,Low,26,0,0,186,181,42,185
14,Low,24,1,0,129,125,41,118
11,High,20,0,0,129,138,116,133
13,Medium,18,1,0,159,158,64,159
13,Low,20,1,0,163,175,36,171
13,Low,19,1,0,179,187,38,184
8,High,34,0,0,142,147,116,147
13,Low,40,1,0,170,174,28,170
10,High,22,1,0,121,119,89,115
10,Low,30,0,0,130,135,47,130
12,High,19,1,0,120,126,89,138
9,High,32,1,0,140,134,115,140
18,Low,29,1,0,159,159,27,155
12,Low,19,1,0,150,142,40,134
16,Medium,35,0,0,124,124,70,123
11,High,32,0,1,173,176,103,175
15,High,35,0,0,171,164,116,166
12,Medium,27,1,0,127,123,81,122
9,High,34,1,0,171,179,94,174
15,Medium,25,1,0,124,112,56,110
13,High,22,1,0,143,149,110,156
11,High,28,0,0,174,165,114,176
10,Medium,21,0,0,168,176,57,180
14,Medium,20,0,0,189,194,81,200
8,Medium,33,0,0,133,125,83,135
16,High,36,0,0,168,162,119,159
12,Medium,34,1,0,175,166,73,165
14,Low,19,0,0,174,185,35,184
11,Low,26,0,0,181,170,49,170
19,Medium,21,0,0,165,164,62,172
13,Medium,18,0,0,136,147,58,156
9,Medium,26,1,0,176,169,84,168
14,Medium,38,0,0,148,154,78,155
13,Medium,35,0,0,178,169,71,176
12,Medium,38,1,0,138,145,64,156
12,High,32,1,0,125,130,100,141
8,Low,23,1,0,147,147,36,152
18,Medium,26,1,0,135,131,81,125
10,High,28,1,0,136,131,88,143
11,Medium,28,0,0,123,135,80,128
8,Low,31,1,0,157,160,27,165
13,High,39,1,0,167,160,91,158
9,Medium,39,1,0,133,121,84,127
13,Medium,28,1,0,187,196,82,201
18,Low,25,1,1,126,134,30,139
8,Low,22,1,0,152,156,55,163
9,High,24,0,0,135,128,86,138
12,Low,37,0,0,131,128,34,133
8,Low,30,1,0,123,114,39,111
14,Medium,24,0,1,164,168,77,161
14,Low,36,0,0,125,117,41,110
16,Low,23,1,0,161,158,44,166
15,Medium,24,1,0,125,118,85,114
12,Medium,32,0,0,131,122,65,125
8,High,26,0,0,124,136,114,141
14,Low,32,0,0,137,148,48,140
15,Low,19,1,1,175,187,44,182
17,Low,26,1,0,126,116,53,116
8,Low,36,1,0,139,136,28,141
13,Medium,22,1,1,186,192,78,202
14,High,22,0,0,153,159,108,164
13,High,29,0,1,128,139,93,141
18,Medium,19,1,1,182,186,59,186
15,High,36,0,0,167,172,93,183
17,High,24,1,1,190,189,113,192
14,Medium,29,1,0,178,166,76,173
17,Low,28,0,0,187,197,25,193
15,Low,39,0,0,146,147,44,159
14,Medium,25,0,0,127,119,79,131
19,Medium,20,0,1,185,178,82,175
17,Low,32,0,0,183,192,49,200
8,Medium,23,0,0,153,149,65,149
11,Medium,38,0,0,163,165,70,161
17,High,27,1,0,160,151,98,158
8,High,25,1,0,122,121,89,120
9,Medium,34,0,0,129,140,82,146
9,Low,22,1,0,128,118,43,127
11,Medium,21,1,0,146,138,64,139
19,Medium,30,1,0,139,134,72,134
19,Low,38,1,0,138,131,37,129
14,Medium,23,1,0,149,156,82,158
12,High,28,0,0,125,122,106,133
12,Low,34,1,0,150,138,42,134
8,Low,20,1,0,152,155,30,153
18,Low,22,1,0,122,119,32,129
8,Medium,20,1,0,169,160,83,164
18,High,21,1,0,189,194,113,195
16,Low,18,1,0,149,146,38,157
10,Medium,40,1,1,162,167,59,179
13,Low,36,1,0,136,138,45,137
16,Low,39,0,0,154,158,53,160
9,Medium,34,1,0,151,153,84,157
18,Medium,19,0,0,188,181,65,188
15,High,33,1,1,145,157,111,150
9,Low,25,1,1,167,173,45,174
14,Low,26,0,0,170,172,34,176
13,Low,40,1,0,140,152,39,147
8,Low,26,1,0,129,127,46,139
18,High,26,1,0,155,152,86,159
19,Medium,34,0,0,135,141,59,142
13,Medium,37,0,0,140,147,67,149
16,Low,31,0,0,172,169,32,169
17,Low,22,1,0,167,167,51,176
18,Medium,18,1,0,139,140,68,149
9,Low,30,0,0,186,175,50,177
16,Medium,37,1,0,164,174,64,183
14,Medium,22,1,0,167,160,80,167
9,Medium,35,1,0,184,190,78,199
8,Low,34,0,0,190,187,37,185
17,Medium,33,0,0,171,178,82,180
17,High,33,1,0,140,142,102,152
12,Medium,23,0,1,170,177,63,171
8,Low,22,0,0,122,133,27,144
17,Medium,28,1,0,121,119,76,112
13,Medium,38,1,0,158,160,65,157
10,Low,25,1,1,165,161,37,171
19,Low,33,1,0,134,128,54,139
12,High,35,0,0,132,127,112,136
12,High,19,1,0,158,160,98,152
9,High,37,0,0,153,153,99,164
19,Medium,23,0,0,146,158,72,163
10,High,40,0,0,136,133,86,127
14,Low,31,1,0,120,127,45,120
8,Low,34,0,0,131,127,39,124
15,High,20,1,0,164,168,87,172
16,High,20,1,0,181,183,107,184
11,Low,31,1,1,190,182,54,175
10,High,27,0,0,148,154,117,146
18,Medium,23,1,0,172,180,61,189
12,High,22,1,0,122,126,116,138
18,Medium,39,0,0,136,143,62,145
12,High,22,1,0,145,134,115,138
19,Medium,36,0,0,178,177,67,185
11,Low,20,1,0,135,145,41,138
8,Low,24,1,0,151,153,40,145
12,Low,18,0,0,183,188,34,185
10,Low,29,0,0,129,133,43,127
14,High,19,1,0,187,175,107,174
19,Low,32,1,0,144,143,30,137
8,High,27,0,0,149,153,90,154
14,High,35,1,0,124,131,100,139
17,High,24,0,0,189,187,116,186
9,Medium,34,0,0,129,122,75,116
10,Low,33,1,0,158,154,35,147
17,Low,20,1,0,185,182,55,178
17,High,31,1,0,165,166,113,171
12,Medium,28,1,0,175,181,69,188
11,Low,38,1,0,128,137,31,134
19,Medium,35,1,0,159,159,57,162
8,Low,32,1,0,156,161,28,154
18,High,28,0,0,183,191,90,197
12,Medium,39,0,0,176,172,60,166
19,Low,29,1,0,181,173,28,170
11,Medium,26,1,1,140,138,64,146
14,Medium,39,0,0,135,136,81,138
18,High,19,1,0,167,172,92,177
8,Low,19,0,0,132,143,31,140
9,Medium,28,1,0,134,123,80,123
15,Medium,33,1,1,152,150,67,162
10,Low,21,0,0,126,128,42,131
15,Medium,40,0,0,129,118,65,113
8,Medium,28,1,0,122,121,71,127
16,High,22,1,0,133,130,97,137
12,High,18,0,0,186,177,99,170
16,High,37,0,0,171,173,109,178
19,Low,18,1,0,189,190,36,188
18,Medium,35,0,0,147,136,82,141
8,High,29,1,1,168,171,115,169
17,High,23,1,0,184,180,106,187
19,Medium,39,1,0,126,132,83,135
19,High,19,0,0,123,126,103,128
15,Medium,24,1,0,179,187,71,188
9,Medium,28,0,0,141,133,57,133
17,Low,30,0,0,162,167,48,160
10,Low,25,1,0,188,197,35,201
19,Medium,23,1,0,145,151,57,143
9,High,25,1,0,155,143,106,141
13,Medium,18,0,0,189,195,85,201
18,Low,21,1,0,183,184,35,185
8,High,35,1,0,133,130,101,128
8,Low,29,1,0,137,126,35,119
12,High,34,1,0,173,180,118,173
15,Low,29,0,0,129,134,25,131
19,Low,23,0,0,141,137,25,135
15,Low,33,1,0,140,130,36,138
19,Medium,26,1,1,132,138,75,149
13,Medium,28,0,0,190,187,83,185
10,Low,39,0,0,137,125,29,132
9,High,32,0,0,151,163,105,175
15,High,33,0,0,154,159,100,161
17,Low,30,0,0,177,176,26,186
11,High,39,0,0,153,163,119,167
9,Medium,39,0,0,175,167,77,176
12,Medium,19,0,0,167,172,82,173
18,Medium,24,1,0,187,193,63,191
14,Medium,26,1,0,190,197,59,208
14,Medium,21,1,0,155,154,62,152
11,Low,29,1,0,182,175,45,181
16,Medium,35,1,0,153,158,62,157
14,Low,21,1,0,157,158,37,168
13,Low,20,1,0,130,126,52,130
13,Low,26,1,1,182,185,26,191
18,Low,20,0,0,145,153,52,158
19,Medium,34,1,0,131,135,77,135
12,High,40,0,0,176,186,96,196
13,High,28,0,0,165,163,117,175
11,Medium,28,1,0,152,160,73,170
12,Low,27,0,0,173,164,45,175
9,Low,19,0,0,179,184,25,180
19,Low,20,0,0,131,132,48,131
8,High,35,1,1,158,157,93,168
19,High,26,0,1,175,164,117,173
10,Low,39,1,1,125,127,40,124
15,Medium,35,0,0,184,183,60,193
17,Medium,30,1,0,166,161,85,158
13,Low,28,1,0,189,181,50,187
17,Low,22,0,0,155,152,31,145
13,Low,36,0,0,153,142,33,144
19,Low,27,1,0,184,179,52,178
17,Low,36,0,1,137,126,48,128
17,Low,28,1,0,169,163,41,156
15,Medium,34,0,0,190,181,72,189
10,Low,35,0,0,142,136,47,146
9,Low,18,1,0,180,185,43,194
16,High,39,1,0,123,120,117,116
10,Low,29,0,0,172,171,46,174
13,Low,27,1,0,133,131,34,127
19,Medium,19,1,1,130,129,66,126
8,High,28,1,0,158,151,103,154
10,Low,37,0,0,172,182,49,193
11,Low,33,0,0,132,131,54,134
11,Medium,22,1,0,161,161,68,172
16,Medium,35,1,0,147,146,79,141
10,High,32,1,0,169,170,112,169
14,High,27,1,0,158,167,93,166
18,High,18,0,0,125,118,101,129
16,Low,21,1,0,173,170,49,182
13,High,27,0,0,167,157,107,167
9,Medium,24,0,0,163,154,74,151
8,Low,31,0,0,133,138,27,136
10,High,37,0,1,122,112,95,117
16,Low,38,0,0,127,133,50,142
13,Low,24,0,1,169,168,41,167
12,Medium,21,0,0,155,154,57,158
11,Medium,26,0,0,127,118,60,117
18,Low,32,0,0,141,140,34,138
8,Medium,28,0,1,169,173,72,174
13,Low,29,0,1,166,161,27,171
8,Low,22,1,0,161,163,54,168
11,Medium,26,0,0,123,133,78,141
15,High,34,1,0,141,152,100,158
11,Low,40,1,0,174,176,25,174
14,High,38,0,0,159,148,93,141
11,High,36,0,0,123,111,110,110
16,Low,28,1,1,132,140,43,150
19,Medium,28,0,0,139,143,73,146
13,Medium,20,0,0,162,158,61,163
8,Medium,25,1,0,166,171,85,178
14,Low,37,1,0,142,142,48,146
19,Medium,32,1,0,134,129,61,140
15,Medium,20,0,0,188,195,61,203
14,Medium,29,1,0,189,194,73,204
13,Low,36,1,0,166,155,32,164
18,Low,19,1,0,167,165,33,175
14,High,22,0,0,186,183,98,178
15,High,35,1,0,121,112,96,121
14,Medium,37,1,0,138,139,63,143
8,Low,30,1,0,132,124,28,133
19,Medium,25,0,0,171,163,62,159
17,Low,19,1,1,165,156,29,163
15,Medium,18,1,0,190,198,85,192
13,Low,36,0,0,123,128,39,120
14,High,21,0,0,158,156,90,164
15,Medium,33,0,0,129,135,66,137
16,Medium,39,0,0,154,152,66,164
12,Medium,28,1,0,172,174,66,181
19,Low,39,0,0,159,161,25,168
11,High,28,1,0,148,155,95,147
10,Low,25,1,0,160,156,43,167
12,Low,31,1,0,149,139,49,149
19,Low,27,1,0,130,119,25,112
17,Medium,36,1,0,134,122,67,123
12,High,32,1,0,165,173,100,183
13,High,23,1,0,159,167,120,173
8,Medium,18,0,0,134,143,82,145
15,Low,30,0,0,141,137,40,146
14,Medium,36,1,0,169,179,71,180
12,High,37,0,0,122,111,120,118
14,High,20,0,0,125,137,117,139
16,Medium,38,1,1,160,170,74,172
16,High,25,0,0,169,173,115,183
18,Low,29,0,0,122,110,31,115
9,Low,21,0,0,128,137,34,148
8,High,20,1,0,183,177,101,169
11,High,32,0,1,176,165,106,168
12,High,36,1,0,183,188,88,192
11,Low,36,0,0,152,157,28,152
17,Low,33,1,0,189,185,46,191
13,Medium,20,1,0,156,144,67,156
12,Low,35,1,0,134,125,34,134
12,Medium,29,1,0,154,151,82,161
17,Medium,32,1,0,142,138,75,145
16,Medium,32,1,0,190,182,61,187
16,Medium,33,0,1,133,123,78,132
15,Low,35,0,0,147,153,26,157
18,Medium,26,1,1,151,157,80,160
14,Low,30,0,0,155,157,45,153
19,High,19,1,0,125,124,117,125
10,High,26,0,0,134,128,117,128
11,High,31,1,0,168,159,97,151
16,Medium,30,0,0,190,194,61,202
14,High,36,1,0,157,163,95,160
11,Medium,22,1,0,134,128,56,126
17,High,36,0,0,181,178,91,188
11,Low,36,1,0,176,170,44,178
11,Medium,31,0,1,129,130,62,132
19,Medium,38,1,0,131,128,63,120
11,High,18,0,0,185,177,114,180
13,Low,33,1,0,182,179,34,183
11,Low,24,0,0,160,163,40,162
8,Low,18,0,0,131,123,27,116
16,Low,19,0,0,166,170,54,175
8,Medium,30,1,0,144,149,80,154
15,Low,34,0,0,185,187,41,199
12,High,18,1,0,186,187,90,193
14,Medium,37,0,0,183,193,62,188
11,Medium,31,1,0,182,186,85,195
13,Low,32,0,0,184,175,54,167
16,Medium,18,1,0,156,146,60,143
12,Medium,22,1,0,152,162,75,161
9,Medium,25,0,0,178,188,70,187
12,Medium,39,1,0,132,142,84,149
18,Low,39,0,0,174,177,36,179
12,Low,18,1,0,172,180,54,181
11,Low,38,0,0,187,183,51,176
15,Medium,28,1,0,187,198,63,200
18,High,20,0,0,155,146,105,152
13,High,29,1,0,164,173,100,171
11,Low,19,1,1,160,172,25,176
19,Low,26,1,0,175,185,39,189
9,High,18,1,0,142,142,90,142
18,Medium,34,1,1,158,170,79,179
8,Medium,39,0,0,174,184,58,180
17,Low,31,0,0,131,124,37,128
18,High,27,1,0,133,124,104,116
13,Medium,34,0,0,171,181,64,189
14,Low,38,1,0,146,136,25,138
8,Low,22,0,0,149,145,44,138
12,High,23,0,0,164,155,91,147
17,Low,39,0,0,162,173,40,176
11,Low,19,1,1,180,180,30,179
13,High,20,1,0,182,187,111,197
13,High,39,1,1,135,140,87,152
18,Low,29,1,0,183,187,35,186
13,High,40,1,0,169,178,103,186
18,High,19,0,0,178,169,115,170
17,High,38,0,0,169,161,89,171
17,High,31,1,0,148,157,92,157
18,Low,21,0,0,129,137,54,134
18,Low,39,0,0,147,144,52,152
12,Medium,33,1,0,127,115,68,110
14,High,38,1,0,186,185,93,183
13,Low,25,0,0,148,157,28,150
10,High,29,0,0,172,160,118,167
17,Medium,40,0,0,153,164,76,156
15,Low,24,1,0,170,169,45,162
18,Low,36,1,0,128,132,41,126
8,Low,37,1,0,148,155,43,156
15,Low,38,0,0,163,171,49,174
15,High,37,0,0,142,148,96,151
11,Medium,30,0,0,136,141,85,136
15,Low,30,1,0,183,171,41,177
13,High,24,0,1,175,187,91,191
12,Low,27,0,0,135,125,33,134
15,Low,24,1,0,133,136,31,145
11,Medium,35,1,0,186,195,85,190
13,Medium,23,1,1,167,155,59,148
8,Medium,18,1,0,121,130,77,122
10,Medium,24,1,0,168,173,63,177
18,Low,34,1,0,174,173,38,170
8,High,34,0,0,180,190,108,189
14,Medium,36,0,0,149,139,85,142
15,Medium,25,1,0,145,138,78,133
18,Medium,30,0,0,167,172,65,177
13,Low,39,0,0,173,171,35,169
17,Medium,34,1,0,146,138,56,140
12,Medium,30,0,0,160,157,81,160
15,Low,25,1,0,160,168,53,175
9,Low,18,1,0,133,141,30,152
12,Low,33,0,0,172,182,31,177
15,Medium,31,0,0,171,165,78,172
12,Medium,18,0,0,120,128,61,121
14,Medium,39,0,0,176,164,58,172
14,Medium,27,0,0,162,167,70,167
14,Low,31,1,0,152,163,52,160
9,High,25,1,0,162,157,92,151
11,Low,29,0,0,180,169,30,180
10,High,19,1,0,173,170,115,162
10,Low,28,0,0,120,119,43,116
11,Medium,24,1,0,170,159,71,166
13,High,18,0,0,186,189,90,194
19,Medium,26,1,0,179,190,68,196
9,High,20,0,0,140,137,104,141
12,High,33,0,0,166,156,119,161
9,High,27,0,0,162,151,113,152
15,High,27,0,0,179,169,106,180
9,Low,37,0,0,134,141,32,153
15,Low,22,0,0,144,139,33,135
19,High,35,1,0,148,142,108,138
10,Medium,29,0,0,162,155,82,149
10,Low,27,1,0,190,189,35,181
15,Medium,38,0,0,166,168,56,176
16,High,31,1,0,148,158,95,155
9,Low,29,1,0,189,189,38,200
10,Low,36,0,0,136,124,29,136
10,Low,28,1,0,177,176,35,177
12,High,24,1,0,160,153,118,150
17,High,39,0,0,179,182,113,188
16,High,24,1,0,170,182,116,194
17,Medium,27,1,0,143,155,65,152
13,High,32,1,0,167,176,87,183
16,Medium,29,0,0,120,116,64,110
18,High,36,1,0,162,168,104,176
14,Medium,32,0,0,173,164,62,167
18,Medium,35,1,0,148,140,66,147
15,Medium,30,1,0,162,172,79,168
15,Low,30,1,0,173,161,40,161
13,Low,29,1,0,176,174,36,174
12,Low,33,1,0,158,147,48,145
9,Medium,18,0,0,178,176,70,172
13,Low,31,1,1,142,133,43,130
16,High,26,1,0,122,132,120,126
11,Low,38,1,0,138,149,33,143
10,Low,27,0,0,130,121,33,133
16,Low,40,1,0,135,139,43,136
19,Low,30,0,0,181,181,42,186
17,Low,19,0,0,141,146,38,149
15,High,23,0,0,170,162,117,167
9,Medium,29,1,1,140,151,67,162
19,Medium,24,0,1,156,165,81,171
13,Medium,22,1,0,124,128,76,139
14,High,22,1,0,187,179,102,173
11,High,39,1,0,184,188,86,181
8,Low,25,0,0,122,111,55,118
18,Medium,18,0,0,174,165,81,164
14,Low,33,0,0,177,187,46,189
11,High,39,0,0,169,158,110,160
13,Low,32,0,0,175,177,53,175
16,Low,19,1,0,133,144,37,143
14,High,31,0,0,141,134,104,131
12,High,36,1,0,177,174,99,178
16,Low,21,1,0,171,165,39,168
13,High,31,1,0,164,172,102,173
18,Medium,34,0,0,135,131,83,142
19,Low,29,0,0,180,172,52,177
9,High,27,1,0,183,193,120,187
17,High,32,1,0,144,151,115,161
15,Low,32,1,0,150,141,39,145
12,Low,28,0,0,151,153,45,160
8,Medium,22,1,0,125,119,72,128
17,Medium,20,0,0,148,160,56,156
13,High,18,1,1,180,186,93,181
11,Low,38,1,0,158,147,37,156
16,Medium,32,0,0,128,131,57,139
16,Low,23,1,0,178,170,42,178
8,Medium,20,0,0,165,158,59,154
13,Low,27,1,0,175,174,47,186
9,High,22,0,0,174,172,109,172
16,Medium,38,0,0,157,169,65,163
18,Medium,33,1,0,154,152,66,156
14,Medium,34,1,1,145,154,84,161
9,High,33,0,0,126,117,89,125
13,Low,37,1,0,127,139,52,136
16,Low,20,1,0,176,176,49,176
16,High,21,1,0,132,134,109,137
11,High,34,0,0,174,169,86,177
13,Low,39,0,0,176,186,36,192
19,Medium,30,1,0,152,154,68,148
17,High,24,1,1,131,143,105,136
11,Low,32,0,0,176,188,32,197
8,Medium,32,1,0,179,190,56,189
13,Low,32,1,0,190,188,39,191
11,Low,40,0,0,138,128,33,122
18,Medium,22,0,0,147,137,69,131
11,High,18,1,0,120,116,119,128
16,High,26,1,1,182,170,101,162
12,High,19,0,0,143,146,103,152
12,Low,31,1,0,179,173,52,183
11,High,28,0,0,141,129,101,124
12,High,36,1,1,162,152,111,162
8,Medium,25,1,1,143,154,69,163
18,Medium,38,0,0,129,132,57,124
16,Medium,28,0,0,147,147,74,155
15,High,37,0,1,159,163,112,171
15,High,22,1,0,152,161,108,166
19,High,35,1,0,137,137,115,130
9,Medium,29,1,0,143,135,83,140
19,High,22,0,0,146,149,92,157
8,High,27,1,0,166,167,97,177
19,Low,34,1,1,150,152,46,162
15,Low,40,1,0,154,156,52,164
13,Low,40,0,0,121,118,27,117
9,Medium,39,0,0,170,182,58,184
14,Low,33,1,0,147,137,37,132
10,Medium,24,1,0,126,120,81,115
13,Low,37,0,0,150,153,52,160
9,Medium,35,1,0,151,149,75,156
8,Low,38,0,0,178,170,45,173
17,High,30,0,0,172,167,102,169
9,Medium,34,1,0,176,179,61,187
14,Medium,29,0,0,136,131,56,134
13,High,27,0,0,139,143,117,152
9,Low,30,0,0,178,176,29,173
9,High,28,1,1,136,133,105,131
18,Medium,34,1,0,134,134,59,137
16,Low,22,1,0,180,184,40,184
10,Low,20,1,0,147,143,41,149
12,High,30,0,0,138,133,110,125
15,Medium,23,0,0,155,166,68,162
18,Low,34,0,0,159,170,48,177
13,Medium,29,1,0,146,143,57,153
18,Medium,35,1,0,131,125,85,120
19,High,32,0,0,179,190,115,195
14,Low,29,1,1,154,146,44,149
9,Medium,37,0,0,136,134,72,141
10,Medium,34,0,0,153,158,76,156
13,Low,39,0,0,169,175,44,183
12,Medium,39,1,0,136,129,60,134
13,Low,23,0,0,142,145,51,139
14,Medium,28,1,0,130,119,83,115
9,Medium,40,0,1,173,164,83,160
18,Medium,27,1,0,161,173,77,167
10,Low,19,0,0,164,171,27,167
18,High,34,0,0,121,133,116,145
9,Medium,35,0,0,172,180,78,189
13,Low,38,1,0,167,166,30,164
19,High,18,0,0,144,151,95,151
17,Medium,22,0,0,158,169,68,165
14,Low,18,1,0,159,148,25,143
16,High,21,1,0,138,136,89,139
10,Medium,22,0,0,123,127,83,132
8,Low,39,1,1,183,172,27,170
18,Low,19,1,0,175,163,42,159
13,Low,24,0,0,138,138,45,145
17,Medium,20,0,0,157,168,69,163
8,High,40,0,0,137,142,95,150
10,Low,29,0,0,149,145,44,146
15,High,29,1,0,121,130,97,124
18,High,24,0,0,135,129,120,121
8,Medium,34,0,0,138,126,78,129
9,Low,29,0,0,168,175,35,180
16,Low,22,0,0,167,157,38,158
8,Low,21,1,0,183,179,26,171
11,Low,30,1,0,130,130,53,126
11,Low,35,1,0,184,185,37,186
10,Medium,34,0,0,190,187,62,187
10,High,23,1,0,146,134,93,140
16,Medium,30,1,0,132,137,66,134
19,High,23,1,0,156,161,113,165
19,Low,27,1,0,190,192,50,184
10,Low,21,0,1,157,164,46,160
16,Medium,23,0,0,147,142,60,150
18,High,26,1,0,162,169,119,180
9,Medium,37,0,0,150,149,85,157
10,High,24,1,1,122,123,92,126
11,Medium,22,1,0,133,138,76,140
9,High,27,0,0,167,160,106,158
16,High,27,1,1,179,187,115,191
9,Medium,19,0,0,182,177,80,177
11,Medium,38,1,0,151,146,60,154
16,High,22,0,0,164,170,107,167
15,Low,24,0,0,125,129,47,125
18,Low,22,0,0,163,172,44,167
19,High,39,1,0,177,187,96,180
8,Low,20,1,0,132,130,26,124
13,Low,19,0,0,138,149,39,153
15,Low,36,1,0,185,184,27,181
9,High,24,0,0,139,148,118,151
15,High,27,0,0,144,143,115,143
12,Medium,33,0,0,190,199,80,211
10,Medium,18,0,0,145,137,71,135
14,Medium,32,1,0,138,144,59,149
18,Medium,25,1,0,120,125,72,135
15,High,28,0,0,139,128,117,122
16,Low,38,1,0,181,182,47,179
16,High,34,1,0,162,174,90,185
9,Low,20,1,0,159,148,31,151
19,High,30,0,0,132,143,120,148
16,Low,36,0,0,160,165,43,164
15,Low,25,1,0,181,190,35,200
13,High,40,0,0,176,188,98,193
19,Low,39,1,0,183,194,53,202
10,Low,30,0,0,152,157,27,154
15,Medium,36,0,0,155,155,60,161
15,Low,21,1,0,189,189,31,201
13,Low,20,0,0,177,185,45,194
16,Low,21,0,1,121,110,41,110
14,Medium,30,1,0,184,173,63,171
18,Low,34,1,0,128,128,49,125
15,High,20,0,0,183,183,110,176
17,Medium,26,0,0,140,141,66,138
15,High,33,0,0,170,164,113,174
8,Low,30,1,0,151,159,49,164
16,High,32,0,0,147,141,96,135
11,Medium,19,1,0,176,175,76,170
17,High,40,1,0,175,184,107,178
19,Medium,33,0,0,145,143,78,155
11,Medium,39,0,0,174,177,81,188
11,High,23,0,0,140,150,104,151
14,High,32,0,0,126,133,110,126
17,Low,30,1,0,183,171,40,168
16,High,32,0,0,142,145,104,149
9,Low,40,1,0,179,190,49,196
16,Low,27,0,0,148,151,34,158
12,Low,23,0,0,126,124,50,121
15,Medium,37,0,0,168,168,65,165
11,Low,18,0,0,147,137,53,142
12,Medium,18,0,0,183,180,71,179
15,Medium,26,0,0,178,190,64,184
13,Medium,23,1,0,149,142,62,151
10,Medium,32,1,0,176,176,82,171
12,High,38,0,0,189,200,119,200
10,Medium,38,0,0,158,160,83,156
15,High,19,0,1,184,189,100,181
15,High,19,1,0,165,159,95,167
9,High,35,1,0,130,121,119,126
12,High,40,1,0,156,159,109,168
16,Low,34,1,0,152,152,44,162
14,Low,27,0,0,141,136,38,129
11,Medium,19,0,1,142,142,85,142
10,Medium,24,0,0,189,181,84,192
18,High,36,0,0,187,199,94,195
10,Low,26,0,1,136,125,34,124
16,High,36,0,0,138,128,95,136
11,Low,34,0,0,172,181,45,190
13,Medium,19,1,1,137,148,59,140
15,Medium,39,1,0,156,156,71,150
12,Medium,24,1,0,164,163,57,158
13,High,32,1,1,161,173,88,183
15,High,28,1,0,145,138,106,130
9,Medium,38,1,0,127,126,60,137
9,High,29,0,0,163,151,110,144
19,High,40,1,0,126,124,91,130
11,Low,31,1,0,129,131,44,142
11,Medium,24,1,0,162,157,85,168
14,High,22,0,0,167,173,114,169
12,High,34,0,0,129,127,92,132
10,Low,28,1,0,181,178,51,190
17,Medium,30,0,0,179,191,83,196
12,High,37,0,0,135,140,102,147
17,Medium,32,0,0,132,136,56,132
16,Medium,27,0,0,178,179,64,184
12,Medium,39,1,0,138,139,57,133
12,High,38,0,0,171,173,110,166
19,Medium,40,0,0,154,158,68,168
16,Medium,29,0,0,162,163,69,175
18,Medium,30,1,1,144,155,59,165
18,Low,30,0,0,131,128,45,126
11,High,26,1,0,127,133,119,130
15,Medium,20,1,0,128,123,75,119
8,Low,28,0,0,152,155,32,163
14,Medium,20,0,0,151,154,62,148
8,Low,26,0,0,125,135,36,138
9,High,39,0,1,140,133,103,127
10,Low,23,1,0,131,124,53,132
19,High,24,1,0,125,127,109,123
8,Medium,22,0,0,131,124,84,120
15,Medium,22,1,0,189,178,78,174
13,Low,38,0,0,121,116,32,121
10,High,27,0,1,167,161,88,168
14,Medium,35,0,0,158,148,73,143
10,High,23,0,0,169,174,101,177
11,High,40,0,0,126,133,94,139
12,Medium,22,1,0,190,186,65,183
11,Medium,29,1,0,143,136,66,128
9,Medium,18,0,0,133,128,78,130
18,Low,36,0,1,148,156,40,161
9,Medium,26,1,0,138,145,58,144
18,Medium,32,0,0,146,155,58,163
11,Low,37,1,0,187,181,45,185
18,High,19,0,1,181,180,103,191
15,Medium,20,0,0,173,184,70,192
14,Medium,38,0,0,158,153,75,158
17,Low,34,1,1,175,174,46,169
14,High,36,0,0,159,155,88,158
10,High,38,1,0,189,182,109,184
14,Low,29,1,0,146,155,37,157
13,Low,32,0,0,144,134,45,133
13,High,31,1,0,129,126,109,118
16,Medium,22,0,0,186,179,67,175
14,High,25,0,0,187,195,97,189
15,Medium,32,0,1,123,115,72,127
19,Medium,34,0,0,162,151,73,145
18,Low,38,1,0,133,144,42,139
14,Medium,19,1,0,145,134,67,130
9,High,21,0,0,128,140,102,148
10,Medium,38,1,0,143,134,59,138
10,Low,21,1,0,129,126,36,136
15,Medium,26,0,0,169,176,70,176
9,Medium,22,0,0,144,133,61,134
9,Low,30,1,0,157,167,33,164
17,High,40,0,0,155,155,90,155
10,Medium,20,0,0,149,144,76,147
10,High,35,0,0,182,170,100,173
8,Medium,34,1,1,122,123,66,128
15,Medium,29,1,0,154,153,78,159
10,High,36,0,0,189,193,103,199
11,Low,32,1,0,168,157,47,169
16,High,26,0,0,175,164,107,161
15,High,24,0,0,173,171,99,180
19,Medium,31,0,0,171,159,85,168
12,High,31,1,0,135,139,94,145
16,Medium,24,1,0,164,169,82,168
18,High,25,1,0,134,144,100,150
19,Medium,36,0,0,163,166,85,170
9,High,35,0,0,180,171,104,182
18,High,39,0,0,137,135,119,147
10,Low,24,0,0,179,170,32,167
11,Low,23,1,0,129,123,30,133
14,Low,28,0,0,133,126,30,136
15,High,39,1,0,153,144,106,149
15,High,27,1,1,134,138,112,135
8,Medium,34,0,0,140,139,65,143
10,Medium,40,1,0,132,138,63,142
10,High,39,0,0,183,187,109,179
19,Medium,37,1,0,144,153,77,160
10,High,24,1,1,137,137,88,135
12,High,27,1,0,143,148,93,154
12,High,21,0,0,164,162,102,170
15,High,22,1,0,120,110,87,110
11,Low,32,0,0,160,154,31,150
13,High,36,1,0,182,173,86,185
15,High,34,1,0,186,184,111,194
19,Medium,39,1,0,164,153,75,158
11,Medium,29,1,0,148,153,85,153
12,Medium,35,1,0,143,146,78,147
16,Low,39,1,0,132,125,30,124
9,Medium,27,1,0,152,155,59,153
10,High,24,0,0,136,138,118,148
17,Medium,22,1,0,172,161,79,171
18,Low,40,0,0,170,178,47,189
9,Medium,33,1,1,159,157,67,168
19,Low,34,1,0,181,190,27,202
12,Medium,23,1,0,131,131,65,130
11,High,39,0,0,171,177,93,188
16,High,25,0,1,147,148,89,147
11,Low,25,0,0,190,188,54,199
10,High,27,1,0,185,187,115,193
15,Medium,24,0,0,124,132,82,131
14,Low,39,1,0,129,139,47,137
14,Medium,28,1,0,183,178,83,183
18,High,26,0,0,144,153,99,152
8,Medium,35,1,0,151,140,70,143
13,Medium,26,0,0,121,133,59,130
13,Medium,40,0,0,166,168,68,161
18,Low,28,1,0,184,174,30,166
15,High,37,0,1,178,175,100,176
10,Low,30,0,0,133,144,50,154
17,High,27,0,0,167,166,117,163
15,High,26,0,0,134,142,104,149
13,Medium,25,1,0,169,163,67,158
8,Low,34,1,0,188,192,55,202
17,High,40,1,0,120,127,88,136
12,Medium,39,1,0,137,134,85,128
18,High,29,0,0,189,192,113,185
15,Low,38,1,0,186,185,45,178
10,Medium,22,1,0,131,136,76,135
13,Low,39,1,0,143,142,46,134
17,Medium,38,1,0,129,121,82,129
18,High,26,1,0,185,188,119,189
15,Medium,34,0,0,163,161,75,158
16,High,24,1,1,188,193,108,202
12,High,40,1,0,121,110,100,115
13,Low,18,1,0,183,173,43,173
18,Low,33,0,0,137,147,44,148
16,High,29,1,0,152,154,100,155
15,Medium,23,1,0,173,175,56,168
19,High,24,0,0,171,174,112,178
14,Medium,23,0,0,177,184,75,189
17,High,22,0,1,155,161,102,157
19,High,22,0,0,178,174,119,180
18,Medium,29,0,0,178,169,82,167
19,Medium,32,1,0,169,161,72,172
12,Medium,25,1,0,179,183,58,181
9,High,28,1,0,166,166,97,168
9,Medium,36,1,0,135,146,67,148
19,Medium,28,1,0,190,194,67,194
18,Low,26,1,0,133,127,27,129
8,High,38,0,0,177,173,103,175
19,High,25,1,0,159,160,91,155
12,Medium,19,0,0,172,180,72,190
8,Low,24,0,0,120,122,48,125
12,Medium,34,1,0,174,181,70,189
16,Low,22,1,1,147,136,45,148
15,Medium,20,0,0,181,174,71,181
16,High,22,0,0,182,194,106,201
15,Medium,21,0,0,131,128,60,135
11,Low,30,0,0,159,147,54,156
14,Medium,25,1,0,154,159,63,161
13,High,19,1,0,129,129,111,123
10,High,37,1,0,122,119,111,123
10,Medium,37,0,1,171,176,63,172
8,High,39,1,0,123,118,103,117
19,High,30,1,0,177,174,110,182
11,Low,29,1,1,123,121,26,128
16,Medium,40,1,0,141,151,72,163
11,High,40,1,1,124,133,106,135
19,Medium,18,1,0,170,175,72,168
12,Low,18,1,0,182,188,30,185
19,High,37,1,0,136,137,120,148
11,Low,37,0,0,178,170,40,174
11,Medium,18,1,0,179,177,56,174
14,Low,21,1,0,177,186,48,192
10,High,31,0,0,182,180,88,186
14,Medium,29,1,0,150,161,74,154
11,Low,25,1,0,122,126,40,129
16,Medium,32,1,1,154,143,57,146
10,Medium,20,0,0,131,133,65,140
17,Low,39,0,0,159,157,50,162
16,High,21,0,0,160,152,111,153
12,Medium,40,1,1,160,166,56,163
16,High,27,0,1,162,172,119,176
17,Medium,32,0,0,144,148,64,143
12,Low,28,1,0,141,134,27,133
15,Medium,21,1,0,172,172,67,182
15,Medium,38,1,0,150,150,72,142
14,Medium,22,1,0,175,172,66,184
9,High,28,1,0,155,154,87,159
8,High,34,0,0,130,124,99,131
17,Medium,38,0,0,135,125,78,136
19,Medium,22,1,0,163,175,66,177
18,Medium,31,1,0,159,147,60,155
12,Medium,26,1,0,167,164,85,167
18,High,31,1,0,163,154,99,157
15,Low,20,1,0,149,154,44,165
19,Low,39,0,0,136,148,31,153
17,Low,29,0,0,120,131,40,140
10,High,39,0,0,137,137,102,147
12,Medium,37,1,0,174,163,68,163
12,Medium,37,1,0,138,136,69,146
16,Medium,24,1,0,177,175,68,184
9,Medium,39,0,0,155,144,56,145
13,Medium,34,1,0,175,172,78,179
12,High,24,1,0,167,157,113,165
16,Low,20,1,0,138,135,38,142
14,Low,32,0,0,149,141,38,145
17,Medium,34,0,0,129,141,80,143
12,High,23,1,0,160,170,105,162
19,Medium,27,1,0,175,175,64,173
9,Medium,27,0,0,179,175,83,185
13,Low,30,1,0,139,145,55,152
15,Low,25,1,0,167,166,39,173
9,High,23,1,0,184,192,95,201
16,Low,19,1,0,154,157,50,159
14,Medium,28,0,0,186,184,62,181
11,Low,19,0,0,132,126,50,132
9,Low,26,1,0,136,134,55,145
17,High,40,1,0,138,137,120,145
16,Medium,20,1,0,141,133,76,125
11,Low,40,1,0,166,170,36,172
11,Low,22,0,0,160,170,46,165
15,High,34,0,0,186,185,119,188
13,Low,26,0,0,178,170,54,182
13,Medium,37,0,0,126,118,72,112
12,Low,39,1,0,154,163,37,161
19,Medium,24,0,1,126,116,81,111
8,Low,38,1,0,135,123,37,133
15,Medium,23,0,0,180,168,67,174
10,Medium,24,1,0,183,183,60,189
10,High,36,1,0,181,191,92,200
17,Medium,31,1,0,154,149,59,147
15,Medium,39,1,0,154,142,57,135
15,Medium,30,0,0,184,191,59,191
8,Low,22,1,0,169,165,34,167
14,Low,31,1,0,148,151,38,161
19,Medium,22,0,0,136,127,56,120
18,Medium,18,1,0,134,142,60,139
13,Medium,40,1,0,181,193,59,199
12,High,20,0,0,185,178,117,187
17,Medium,37,1,0,160,148,59,153
19,High,18,0,0,137,144,110,137
14,Medium,36,1,0,144,143,77,154
14,High,19,0,0,123,134,115,135
11,Medium,38,0,0,177,178,80,179
16,High,24,0,0,159,164,105,166
10,Low,22,1,0,156,160,29,160
11,Medium,39,0,0,136,146,75,157
14,Low,34,0,0,123,116,39,121
8,High,21,0,0,177,173,116,177
19,Low,20,0,0,127,128,46,131
9,High,31,0,0,161,168,101,177
8,High,22,0,0,170,174,110,182
18,Low,19,0,0,181,169,30,164
19,High,33,0,0,186,174,95,168
18,High,39,0,0,166,157,102,158
11,High,26,1,0,126,117,115,121
17,High,33,1,0,122,122,86,116
12,Medium,26,1,0,174,181,69,175
14,High,22,1,0,129,130,101,123
13,Low,22,0,0,127,118,52,121
14,High,29,0,0,160,170,111,165
18,Medium,18,0,0,128,137,56,142
12,High,19,1,0,176,184,92,180
11,High,22,0,0,149,149,93,143
15,Low,39,0,0,162,166,45,169
15,Low,30,1,0,183,192,54,191
15,Medium,27,0,0,140,130,75,131
15,Low,30,1,0,183,180,26,178
14,Medium,24,1,0,139,128,77,134
18,High,30,1,0,138,137,101,133
12,High,19,1,0,152,154,99,153
8,High,32,0,0,175,172,103,174
12,Medium,21,1,0,158,148,79,155
15,Low,32,0,0,153,141,48,137
17,Medium,34,0,0,122,118,71,112
12,Low,21,0,0,155,165,39,160
9,Medium,32,1,0,138,132,67,136
12,High,26,0,0,175,169,87,170
14,Medium,40,0,0,144,155,56,153
8,High,31,1,0,181,175,104,173
11,High,22,1,0,145,143,100,149
17,High,31,0,0,167,176,109,178
18,High,31,1,1,168,156,101,151
18,Medium,34,1,0,120,129,60,133
12,High,31,1,0,178,177,114,178
14,High,22,0,0,176,166,118,171
11,Low,25,0,0,172,165,42,165
13,Medium,23,0,0,182,179,65,177
12,High,35,0,0,178,181,104,177
9,Low,19,0,0,124,134,46,126
16,Medium,29,0,0,173,173,63,165
16,Low,23,1,0,146,153,38,160
17,Medium,34,1,0,144,143,77,136
18,Medium,22,1,0,155,160,84,166
12,High,21,1,0,166,157,115,162
18,Medium,18,1,0,188,196,67,204
18,Medium,34,1,0,147,148,60,152
9,Medium,25,0,0,146,142,72,150
17,High,27,1,0,120,114,98,117
9,High,30,0,0,162,169,109,178
8,High,40,0,0,153,141,107,141
15,High,39,1,0,148,155,93,161
16,Low,28,1,0,138,142,52,147
17,Medium,37,0,0,146,134,72,131
13,Low,40,0,0,166,169,26,176
14,Low,26,0,0,149,156,37,149
15,Low,34,1,1,127,119,35,131
17,High,29,0,0,143,140,111,135
19,Medium,39,0,0,141,143,83,139
17,Low,32,0,0,121,114,25,125
12,Low,25,1,0,141,132,39,130
16,Low,20,1,0,135,131,50,130
18,Low,34,1,0,146,150,38,160
14,High,19,0,0,130,119,89,115
15,Medium,23,1,0,145,149,57,148
16,Low,25,1,0,155,163,49,170
14,Medium,24,0,0,133,125,78,137
13,Medium,32,0,0,153,142,63,135
17,High,36,1,0,183,184,95,178
10,High,40,1,0,121,127,111,124
12,Medium,39,0,0,178,171,66,169
19,Low,28,1,0,147,154,45,166
17,Low,22,1,0,165,156,38,161
11,Medium,39,1,0,181,172,62,184
12,Medium,23,0,0,128,122,69,114
15,Low,20,1,1,154,166,51,161
15,Medium,29,0,0,148,150,78,148
19,Low,25,0,0,127,134,34,141
19,Low,40,1,0,124,120,27,119
11,Medium,29,0,1,146,158,74,159
10,Medium,28,1,0,187,175,79,177
18,High,33,0,0,189,187,109,193
15,Medium,27,1,0,177,167,82,169
17,High,18,1,0,178,177,89,177
12,High,24,0,0,126,114,96,125
18,Low,30,0,0,120,121,49,115
18,Low,19,1,0,120,115,42,120
17,Medium,22,1,0,127,128,75,132
19,Medium,24,0,0,159,154,58,157
18,Medium,28,0,0,144,133,77,133
19,Medium,29,1,0,172,178,80,181
8,Low,39,0,1,142,143,28,138
19,High,19,0,0,166,159,108,166
14,Medium,27,0,0,162,160,78,167
17,Medium,23,0,0,130,140,78,138
17,Low,18,1,0,124,130,26,124
9,Low,18,0,1,177,182,28,182
13,Medium,29,0,1,173,162,80,167
14,Low,34,0,0,173,175,25,183
16,Medium,35,0,0,143,154,71,154
10,Medium,39,1,1,130,139,63,146
19,High,19,1,0,157,162,103,160
19,High,26,1,0,131,123,99,124
14,Medium,38,1,0,187,198,65,193
8,Low,31,1,0,181,181,40,182
11,Low,37,1,0,165,153,37,157
11,High,21,1,0,153,153,97,147
16,Low,18,0,0,133,134,44,134
15,Medium,26,1,1,180,182,83,193
18,Low,23,0,1,146,147,41,155
19,Medium,36,1,1,162,153,59,155
9,Low,28,0,0,159,154,55,160
12,Medium,22,0,0,179,167,77,173
10,High,31,0,0,148,138,105,150
18,Medium,25,0,0,121,133,81,127
16,Low,31,0,0,137,148,36,149
16,High,25,0,0,128,130,95,136
16,High,36,1,0,151,159,113,157
9,Low,24,0,1,136,125,43,129
19,High,25,1,0,156,161,112,162
14,Medium,37,1,0,154,156,56,166
14,Medium,36,1,0,176,171,63,177
18,Low,18,1,0,159,163,44,170
15,Medium,18,0,0,141,132,63,128
11,Medium,38,0,0,180,190,59,196
13,Low,25,0,0,132,144,26,137
17,Medium,20,1,0,185,177,81,189
10,Medium,36,1,0,148,149,74,149
17,Low,31,0,0,167,158,43,154
17,High,19,0,0,139,133,104,136
9,Medium,30,1,0,179,176,64,176
12,High,22,1,0,154,161,86,172
15,Medium,23,0,0,184,195,80,205
12,Medium,20,0,0,132,137,63,143
18,Low,31,1,0,129,124,46,124
18,Medium,29,1,0,174,182,63,185
19,Medium,30,1,0,180,184,62,192
19,Low,30,1,0,141,138,45,138
13,Medium,18,0,0,122,119,80,127
12,Medium,31,1,0,186,179,72,191
13,High,21,1,0,188,177,108,177
14,Low,30,1,0,166,171,37,181
11,Medium,37,0,0,176,186,73,194
15,Medium,34,0,0,188,200,63,195
18,High,21,1,0,180,182,114,181
18,Low,21,0,0,124,132,43,127
19,Low,30,1,0,128,136,50,140
16,High,25,0,0,145,138,100,132
10,High,29,1,0,173,169,98,179
13,Medium,24,0,1,130,140,62,134
10,Medium,33,0,0,122,122,78,123
9,Medium,18,1,1,136,125,70,126
9,Medium,26,0,0,148,154,67,159
13,Low,34,0,0,148,138,49,134
11,Low,28,0,0,187,184,30,186
8,Low,25,0,0,151,149,49,160
10,Low,34,1,0,153,151,42,160
14,Medium,35,1,0,185,197,61,198
11,Medium,36,1,1,176,168,58,173
19,Medium,28,1,1,157,169,78,177
13,High,18,0,0,172,165,87,175
13,Medium,35,0,0,166,157,75,160
12,Low,20,0,0,170,163,25,159
18,Low,38,1,0,124,125,28,122
14,Medium,36,1,1,135,133,65,130
12,Low,28,1,0,124,116,25,110
10,Low,39,0,0,189,178,29,178
8,Low,40,0,0,120,113,36,119
18,Medium,31,1,0,168,168,71,170
9,High,39,1,0,176,180,105,192
15,Low,39,1,0,188,180,35,175
10,High,35,0,0,143,143,108,138
15,Low,29,0,0,188,198,50,195
14,Low,36,1,0,170,165,45,176
14,Medium,20,1,0,167,179,68,178
8,Medium,34,1,0,172,174,59,186
16,Low,38,1,0,190,188,43,185
17,Low,28,1,0,174,166,37,158
8,Medium,25,0,0,169,164,85,172
10,Medium,19,0,0,169,160,61,155
19,Medium,35,0,0,133,135,80,129
8,Medium,34,0,0,164,169,85,161
18,Low,36,0,0,145,153,30,162
10,Low,27,1,0,167,156,25,155
17,High,18,1,0,172,176,92,186
12,High,24,0,0,153,147,88,141
16,High,19,1,1,155,149,112,150
8,Medium,29,1,0,140,150,79,161
19,Medium,35,0,0,189,191,78,191
10,Medium,23,1,0,168,157,81,151
8,Medium,24,1,0,149,159,61,163
16,Medium,35,1,0,126,125,65,129
19,Medium,19,1,1,181,180,59,178
15,High,23,1,0,174,164,92,164
18,High,35,0,0,133,128,92,139
9,High,28,1,0,188,200,98,198
13,High,38,1,0,128,135,100,139
17,High,18,0,0,135,141,87,141
17,Medium,25,1,0,134,135,71,131
19,Medium,27,1,0,159,161,69,172
10,Low,39,1,0,163,173,49,165
15,Medium,34,0,0,155,151,62,159
13,Medium,33,0,0,185,183,81,181
11,High,33,0,0,155,149,91,150
9,Medium,40,1,0,127,131,84,141
10,High,22,1,0,186,194,102,193
16,Medium,29,0,0,182,174,76,175
19,Low,30,0,0,123,113,26,115
13,Medium,37,1,0,162,157,63,168
17,High,38,1,0,131,140,89,141
15,High,36,0,0,140,137,99,142
14,Medium,23,0,0,189,183,56,188
9,Low,22,0,0,143,140,51,135
11,High,20,0,0,148,144,98,146
19,High,40,0,0,121,126,91,133
9,Medium,37,1,0,140,150,84,152
8,High,36,0,0,121,116,91,117
18,Medium,35,1,0,176,174,57,169
19,High,26,1,0,127,116,95,124
18,Medium,28,0,0,140,144,66,152
8,High,29,0,0,177,179,106,182
15,High,29,1,0,158,167,108,159
13,Medium,33,1,0,163,168,57,178
14,Medium,31,1,1,130,119,77,113
15,High,30,0,0,142,146,118,142
14,Medium,39,0,0,129,137,76,143
14,Low,22,0,0,142,153,52,149
10,Low,25,0,0,167,169,29,166
16,Medium,18,1,0,135,137,80,142
8,High,21,0,0,159,154,114,156
19,High,28,1,0,160,163,88,172
8,Medium,29,1,0,160,160,77,162
14,Medium,39,1,0,128,116,65,115
10,High,19,0,0,155,151,109,159
18,Medium,21,1,0,126,127,72,121
19,Medium,27,1,0,145,150,81,156
9,High,34,0,0,170,162,89,161
8,High,33,0,0,188,200,95,210
10,Medium,29,0,0,145,149,73,142
18,High,29,1,0,140,135,109,132
18,High,32,1,0,141,137,90,135
18,High,32,0,0,162,169,108,172
10,High,39,0,0,170,169,94,170
11,Medium,22,0,0,183,179,56,179
16,High,31,0,0,126,123,107,135
16,Low,21,0,0,184,173,44,180
16,Low,34,1,0,143,137,52,139
19,High,31,1,0,149,158,113,154
17,High,38,1,0,189,181,100,183
17,High,32,0,0,166,164,118,174
13,Medium,31,0,0,178,185,66,178
8,High,38,1,0,174,185,96,180
17,Medium,31,1,0,180,178,68,179
14,Low,33,0,0,159,163,31,169
17,Medium,23,1,0,177,189,83,186
19,Low,31,1,0,182,194,38,187
14,High,23,0,0,159,156,109,150
14,High,34,0,1,128,116,105,128
10,Medium,37,0,0,172,184,66,196
19,Medium,36,0,0,133,139,68,146
14,High,27,1,0,183,186,86,196
19,Medium,26,1,1,190,193,74,196
18,Medium,30,1,1,151,146,85,145
8,Medium,23,1,0,187,198,74,195
12,Low,36,1,0,123,120,45,112
11,Medium,40,1,1,146,154,73,156
10,High,23,1,0,171,166,96,177
18,Medium,29,1,0,122,120,67,112
18,Low,27,1,0,145,141,48,152
19,Medium,37,1,0,189,195,83,189
12,High,38,0,0,162,152,112,146
10,Low,32,1,0,180,177,29,181
17,Low,22,1,1,137,130,29,124
15,High,36,1,0,155,158,100,170
13,Low,22,1,0,140,152,39,148
18,High,28,0,1,146,155,86,162
8,Low,40,1,1,158,149,35,153
12,Medium,35,0,1,188,182,81,175
15,Medium,40,1,0,180,188,56,187
14,Low,20,1,0,161,156,50,149
14,High,38,1,0,185,196,92,205
9,Medium,40,0,0,128,117,66,118
12,High,27,1,0,149,155,104,158
10,High,31,0,0,164,174,117,180
13,High,33,1,0,177,175,113,179
17,High,29,1,0,154,145,96,152
15,High,38,0,0,149,159,105,166
9,Medium,30,1,0,130,130,82,141
10,Medium,23,1,0,143,151,73,158
11,Medium,25,1,0,132,121,75,118
11,Medium,25,1,0,139,142,78,135
19,Medium,20,1,0,172,171,62,179
18,High,26,0,0,153,153,111,165
16,Low,23,1,0,132,128,46,124
8,Medium,21,1,0,163,166,74,176
17,Medium,37,1,0,188,197,85,208
11,High,39,0,0,151,146,96,147
8,Medium,20,1,0,174,177,83,178
14,High,27,0,1,153,154,114,155
14,Low,40,0,0,180,175,25,174
18,High,36,1,0,131,143,103,148
13,Medium,20,1,0,180,172,80,165
18,High,36,1,0,160,170,106,176
14,Medium,21,1,0,143,143,63,136
13,High,29,1,0,158,165,114,165
17,Low,35,1,0,156,148,55,145
18,Medium,30,0,0,147,152,59,148
14,Medium,34,1,0,177,184,59,195
11,Medium,29,0,0,190,187,69,179
17,Low,37,0,0,122,110,53,110
16,Low,23,0,0,179,170,49,180
13,Low,31,1,1,131,120,50,112
15,Medium,20,1,1,120,131,67,133
9,Medium,27,1,0,184,172,74,171
13,High,18,0,0,125,129,116,127
14,High,38,1,0,152,157,90,169
18,High,18,0,0,173,168,87,177
11,Medium,40,0,1,149,147,76,141
19,Low,22,1,0,189,182,45,186
14,High,40,0,1,125,134,93,131
12,Low,32,1,0,179,173,43,171
17,Low,29,0,0,149,144,49,137
8,Low,18,1,0,145,133,45,145
9,Low,35,0,0,132,132,42,137
16,High,40,0,1,184,174,104,172
11,Low,20,0,0,150,138,41,133
16,Medium,21,0,0,139,146,66,157
18,Medium,27,0,0,159,156,83,154
10,Medium,26,0,0,180,192,59,192
8,Low,20,0,0,152,160,35,162
16,Medium,34,1,0,172,167,68,175
16,High,32,1,0,135,130,100,137
9,Medium,19,0,0,168,171,60,181
18,Low,31,1,0,176,185,53,196
12,Low,19,1,0,135,137,52,141
13,Medium,32,1,0,133,135,58,133
17,Low,29,1,0,137,149,37,144
14,Medium,27,0,0,159,168,66,163
10,Low,24,1,0,163,174,39,173
13,High,24,0,0,190,186,97,198
16,Medium,18,0,0,138,146,79,155
14,High,26,0,0,181,185,90,180
15,Low,39,0,0,178,190,32,191
12,Low,21,0,0,143,143,34,153
10,Low,24,0,1,153,142,36,135
8,Medium,26,1,0,158,146,85,158
18,Medium,24,0,0,131,131,63,139
8,Medium,40,0,1,174,163,72,157
19,Medium,30,0,0,188,180,73,190
10,Medium,22,1,0,127,116,74,118
15,High,27,1,0,147,138,115,149
16,Medium,24,1,0,132,137,78,136
10,Low,22,1,0,122,123,54,122
10,Low,29,0,0,140,149,42,154
13,High,30,0,0,173,168,101,170
9,Medium,32,1,0,150,160,85,168
17,Low,30,0,0,121,116,26,116
16,Low,37,1,0,131,121,31,116
11,High,18,1,0,152,141,114,140
12,Low,33,1,0,129,126,53,119
11,Medium,19,0,0,155,148,79,156
16,Medium,22,1,0,158,156,66,152
8,Low,36,0,0,159,152,27,154
13,Medium,20,0,0,180,189,80,186
18,High,25,1,0,185,185,102,181
15,Medium,37,0,0,169,180,57,177
8,Medium,22,1,0,168,178,81,185
12,High,25,0,0,122,131,104,129
18,Medium,20,1,0,146,154,68,154
8,High,40,0,0,174,168,110,166
13,Medium,38,0,0,120,128,74,132
14,Medium,24,0,0,132,124,76,123
13,Low,24,1,0,169,168,37,170
18,Medium,33,0,0,145,148,67,155
18,Medium,29,0,1,183,171,66,175
17,High,40,0,0,135,128,105,124
13,Low,28,1,0,180,184,54,186
17,Medium,21,0,0,153,162,64,169
13,Low,23,1,0,124,115,36,115
12,High,19,1,0,173,184,100,189
12,Medium,25,0,0,186,177,83,175
9,Medium,20,1,0,164,154,64,150
19,Low,23,0,0,143,140,48,132
13,Medium,28,0,0,149,144,61,150
11,Medium,34,0,0,182,177,66,177
9,Medium,29,0,0,148,157,73,165
11,Medium,22,1,0,187,191,61,198
8,Low,37,1,0,163,152,28,154
19,Low,31,1,0,124,131,27,130
14,Medium,28,0,0,189,191,75,184
18,Medium,26,1,0,179,180,76,190
19,High,30,1,0,150,150,94,143
14,Low,21,1,0,179,187,40,180
14,High,18,1,0,127,115,100,117
8,Low,33,1,0,129,141,25,135
10,Medium,39,0,0,131,137,58,145
13,Medium,18,0,0,149,158,73,168
14,Low,33,0,1,175,184,48,183
13,Low,30,1,0,128,120,36,119
16,Medium,33,0,0,190,179,68,189
19,High,31,1,1,156,146,114,141
9,Low,24,1,0,173,171,41,170
16,High,23,1,0,143,154,101,155
13,Low,27,1,0,173,171,31,163
18,Low,18,0,0,186,174,44,180
8,Medium,26,0,0,183,195,65,200
12,Medium,23,1,0,189,180,64,186
18,Medium,20,0,0,128,140,56,138
19,Medium,39,0,0,167,163,65,162
8,High,27,0,0,137,140,117,137
11,Low,25,0,0,153,152,46,158
12,High,20,0,0,186,186,106,178
11,Low,27,0,0,174,175,40,179
12,High,36,0,0,158,146,113,151
12,High,35,0,0,180,189,97,193
19,High,24,1,0,149,160,108,172
10,High,32,0,0,128,129,108,130
11,Low,30,0,1,143,153,42,148
10,Low,40,0,1,152,150,42,154
17,Medium,28,1,0,179,170,85,170
9,High,40,1,0,154,153,95,158
8,Medium,19,1,0,187,192,59,197
13,Low,32,1,0,124,126,51,128
13,Medium,35,0,0,165,167,72,160
17,Medium,20,1,0,165,162,83,155
12,Medium,26,1,0,184,173,80,175
13,Low,33,1,0,186,181,40,184
13,Medium,23,0,0,187,190,80,193
12,Medium,23,0,0,186,196,80,202
12,Low,36,0,0,131,122,25,129
9,Low,20,0,0,122,133,40,136
18,Medium,34,1,0,149,137,75,130
8,Low,35,1,0,189,185,36,194
17,Low,38,0,0,133,139,39,137
12,Low,23,1,0,120,124,28,119
18,Low,24,0,1,126,115,34,126
19,Low,21,1,0,185,189,34,187
10,Low,21,0,0,190,187,33,183
13,Medium,22,1,0,142,138,78,144
14,Low,36,1,1,152,152,39,145
10,Low,22,0,0,135,136,54,130
9,High,26,0,0,190,197,101,192
14,High,22,0,1,175,168,88,180
16,Medium,39,1,0,189,177,71,182
10,High,20,0,0,183,178,115,184
8,Medium,20,1,0,148,156,85,166
10,Medium,26,0,0,183,185,82,188
13,High,33,1,0,160,162,87,157
10,Medium,33,1,0,171,162,82,155
16,High,30,0,0,163,166,113,173
9,High,23,0,0,123,111,89,110
16,High,22,1,0,138,137,90,136
12,Medium,22,0,0,176,174,71,174
14,High,38,1,0,154,148,116,155
17,Low,22,1,0,180,189,45,187
16,Medium,31,0,0,163,154,75,151
15,Medium,39,0,0,175,174,63,186
15,High,40,0,0,143,145,101,156
14,High,23,1,0,182,179,102,189
17,Low,22,0,0,141,143,35,145
15,High,21,0,0,169,174,93,185
14,Low,25,1,0,155,155,53,150
13,Low,36,0,0,161,159,55,165
12,Low,40,1,0,135,125,47,136
13,Medium,18,0,0,137,127,69,125
13,High,38,0,0,149,151,107,154
19,Low,34,0,0,151,160,37,163
14,High,25,0,0,121,117,94,110
13,Medium,24,0,0,179,174,68,183
19,Medium,31,0,0,172,162,75,173
19,Medium,36,0,0,165,173,74,178
9,Low,38,1,0,131,125,28,131
16,Medium,26,0,0,158,170,72,163
10,Medium,32,1,0,140,130,74,133
8,High,28,0,0,126,129,102,140
17,High,29,0,0,159,164,108,160
16,High,34,1,0,181,179,114,185
18,Medium,29,0,0,180,179,64,187
16,Medium,32,0,0,180,191,58,185
11,High,40,0,0,122,117,102,110
10,High,21,0,0,158,162,103,154
15,High,19,0,0,132,123,108,123
18,Medium,25,1,0,158,164,77,174
15,High,23,0,0,146,158,96,154
18,Low,36,0,0,130,141,32,150
11,Medium,21,0,0,150,150,62,159
13,Medium,27,0,0,157,146,60,155
15,Medium,27,1,0,121,131,83,137
12,Medium,29,1,0,153,163,67,169
14,Low,18,1,0,150,156,48,167
14,High,28,1,0,121,125,89,130
16,Low,28,1,1,132,141,54,148
13,Low,21,0,0,178,184,42,180
17,High,39,1,0,158,168,101,174
16,Medium,20,0,0,171,180,70,175
11,Low,27,1,0,138,129,41,129
10,Medium,29,0,0,156,161,64,154
8,Medium,21,1,0,166,165,76,175
9,High,22,0,0,190,178,107,189
8,Low,25,1,0,163,165,55,160
16,Low,37,0,0,175,178,33,176
14,Medium,33,0,0,166,177,77,187
15,Medium,18,0,0,171,170,82,167
15,Medium,36,1,0,158,157,85,150
9,Medium,25,1,0,181,172,72,170
12,High,20,0,0,189,198,98,190
13,Medium,29,0,1,142,146,58,145
17,Low,38,0,1,149,154,48,150
11,Low,18,1,0,187,198,27,209
10,Medium,33,1,0,174,178,70,189
13,High,38,1,0,177,165,92,158
19,High,38,1,0,136,126,117,120
11,Low,27,1,0,137,139,27,142
9,Medium,35,0,0,149,161,60,157
17,Medium,38,1,0,166,168,81,177
15,High,31,1,0,134,139,113,150
14,Low,19,0,0,173,178,42,184
8,Low,20,1,0,171,177,26,172
8,Low,39,0,0,186,189,30,199
19,High,31,0,0,145,146,105,153
19,Low,26,1,0,141,144,28,153
13,High,25,0,0,131,124,112,122
10,Medium,29,0,0,182,194,84,205
8,Medium,23,1,0,165,157,58,166
8,High,22,1,0,129,120,116,120
18,Medium,33,1,0,144,156,58,154
13,High,39,0,0,142,136,87,141
13,High,28,0,0,168,180,88,192
11,Medium,33,0,0,184,191,75,190
9,Low,21,1,0,125,129,27,127
12,Low,19,0,0,121,116,53,125
9,Low,37,1,0,129,136,36,140
15,High,20,1,0,182,179,107,189
14,Medium,21,1,0,156,158,76,157
8,High,27,0,0,166,178,112,190
14,High,38,0,1,185,184,118,194
8,Medium,28,1,1,161,170,63,167
18,Medium,20,1,0,153,162,70,165
18,Medium,22,1,0,164,152,64,146
8,Low,28,1,0,187,199,41,196
13,Medium,21,1,0,149,140,81,150
13,Low,24,1,1,159,148,27,140
9,High,26,1,0,122,112,88,110
12,Low,32,1,0,120,124,48,133
19,Medium,21,0,0,141,138,69,145
13,High,26,1,0,148,145,116,142
10,High,25,0,0,159,147,99,155
12,Medium,40,1,0,162,171,71,167
19,Low,20,1,0,174,173,41,185
18,Low,39,0,0,176,187,46,190
11,Low,39,0,0,135,134,45,131
10,Medium,23,0,0,165,159,80,162
9,Medium,22,1,0,185,188,79,183
13,High,27,0,0,147,150,101,151
16,High,32,1,0,172,184,114,178
16,Medium,20,1,0,125,118,85,129
9,Low,21,0,0,179,175,49,178
12,Medium,26,0,0,138,128,68,121
19,Low,39,1,0,156,156,46,148
17,Medium,25,1,0,180,175,72,185
12,Low,31,1,0,162,173,37,165
18,Medium,39,1,0,170,179,82,176
16,Medium,27,0,1,186,178,80,190
8,High,27,1,0,131,133,118,141
19,High,19,0,0,167,161,95,167
14,Medium,25,1,0,163,171,82,171
12,Low,25,0,1,174,173,30,176
13,Medium,32,1,0,141,133,82,131
9,High,28,1,0,175,185,113,196
19,Medium,21,1,0,128,124,77,129
15,Medium,25,0,1,175,180,77,187
14,Medium,31,1,0,180,170,59,176
19,Low,33,0,0,153,142,39,141
15,Medium,35,0,0,169,180,78,191
15,High,21,0,0,187,178,110,179
9,Medium,40,1,0,185,182,71,187
9,Medium,35,0,0,183,191,82,186
17,Medium,19,0,0,178,190,71,193
16,Low,29,0,0,130,123,43,119
16,High,19,1,0,123,129,118,135
9,Low,31,0,0,157,153,41,158
19,Low,31,0,0,173,166,36,163
16,High,36,0,0,146,144,111,148
16,Low,19,0,0,166,164,46,170
13,Medium,23,1,0,182,174,74,181
8,High,40,1,0,137,145,114,144
18,Medium,29,0,0,143,134,85,142
12,High,31,1,0,128,139,111,145
17,Medium,26,0,0,162,170,65,170
16,Low,21,1,0,170,179,52,184
13,Medium,34,1,0,176,185,58,179
11,Medium,22,0,0,178,169,83,179
8,Medium,24,1,0,128,131,78,135
8,Medium,35,1,1,164,173,78,184
19,Medium,35,1,0,136,146,80,156
9,High,19,0,0,143,137,88,131
10,Medium,40,0,0,133,122,58,123
12,Low,37,0,0,169,168,30,171
19,Medium,35,1,0,141,151,67,144
16,Medium,23,1,0,190,196,83,189
15,Medium,34,1,1,173,184,58,186
9,Medium,19,1,0,162,161,61,158
9,Low,31,0,0,173,161,31,172
18,Medium,19,0,0,174,168,83,167
14,Medium,30,0,0,187,189,76,183
16,High,37,1,0,150,144,97,151
8,Low,25,0,0,175,171,44,172
8,Medium,30,0,0,144,141,58,135
16,High,38,1,0,186,177,118,170
9,Medium,27,1,1,186,183,82,190
10,Medium,20,0,0,135,136,57,130
13,High,21,0,0,177,171,101,166
11,High,31,0,0,148,153,97,161
13,High,39,0,0,146,140,119,134
17,Medium,36,0,0,126,116,61,121
15,Low,35,0,0,171,167,29,166
18,Medium,36,1,0,142,132,58,130
18,Medium,22,0,0,133,143,71,145
15,High,21,1,0,147,142,107,140
11,Low,18,1,0,174,165,45,170
13,Low,29,1,0,166,159,32,165
14,Medium,21,0,0,165,165,65,166
9,Low,30,0,1,155,151,29,149
11,Low,30,1,0,190,195,50,188
13,Low,19,1,0,127,123,47,118
17,Low,20,1,0,161,171,30,167
14,Low,22,1,0,157,165,33,172
11,Medium,39,1,1,141,135,57,147
9,Low,36,1,0,121,120,51,113
13,High,18,1,1,147,137,109,134
19,Low,22,0,0,173,178,48,173
8,Medium,33,1,0,171,173,56,172
17,Low,18,1,0,152,163,39,160
9,Medium,18,0,0,176,175,72,173
9,High,35,1,0,144,151,99,156
18,Low,25,0,0,143,151,33,143
15,Medium,25,1,0,175,183,67,194
16,Low,26,1,0,173,168,49,161
18,Medium,29,0,0,146,156,67,157
12,Low,20,0,0,176,174,30,179
10,Low,33,0,0,162,150,46,161
18,Medium,36,0,1,182,193,59,201
19,Medium,25,0,0,128,124,82,124
14,Medium,30,0,0,145,148,83,145
16,High,18,0,0,120,120,107,113
10,Medium,19,0,0,125,121,59,115
13,Low,35,0,0,159,167,32,177
17,Medium,24,1,0,121,131,72,128
15,High,24,1,0,187,198,95,196
19,Medium,20,0,0,180,178,63,188
18,Medium,33,1,0,120,130,85,135
11,Low,21,0,0,168,177,46,177
11,High,27,1,0,159,157,89,161
12,Medium,22,1,0,121,131,74,123
19,High,26,1,0,169,178,119,181
8,High,35,0,0,142,137,117,130
12,Low,36,0,0,120,112,47,123
15,Medium,34,0,0,121,127,71,135
11,Medium,34,1,0,162,155,70,157
17,High,34,1,0,149,139,89,137
18,High,40,0,0,139,127,94,130
8,High,27,1,0,121,116,105,121
19,Low,18,0,0,154,155,30,159
8,High,21,1,1,157,164,88,164
11,High,19,1,0,123,112,110,112
19,Medium,31,0,0,160,157,75,152
17,Medium,32,0,0,177,184,78,178
9,Medium,28,1,0,136,139,56,131
9,Low,29,1,0,156,168,51,169
15,Medium,27,0,0,177,175,61,177
12,Low,27,1,0,181,171,40,177
17,Low,22,0,0,180,178,49,174
15,Low,30,0,0,135,127,47,134
18,High,29,1,0,138,138,118,149
14,High,38,1,0,147,138,101,147
11,Low,31,0,0,169,161,54,165
18,Medium,27,0,0,123,130,62,133
8,Low,31,1,0,175,180,55,178
9,High,25,0,0,161,168,102,177
17,Medium,28,1,0,151,139,58,150
11,High,26,0,0,142,150,90,155
8,Medium,35,0,0,145,135,58,135
8,Medium,38,1,0,130,138,82,143
16,High,39,1,1,159,149,90,161
15,High,39,1,0,151,152,87,152
17,Medium,31,0,1,138,133,76,141
16,Low,27,1,0,172,165,32,163
8,Medium,23,0,0,126,118,57,127
12,Medium,35,1,0,146,136,71,145
9,Medium,26,1,0,120,127,62,128
14,High,34,1,0,185,175,89,169
11,Medium,29,0,0,159,155,63,157
10,Medium,19,1,0,149,153,85,162
16,High,34,0,0,183,182,114,187
15,High,36,1,0,141,132,120,134
8,Low,27,0,0,136,133,47,139
13,Medium,35,0,0,154,145,59,152
8,High,39,1,0,148,146,89,141
10,High,31,0,0,169,176,112,168
14,Medium,40,1,1,130,132,80,144
14,Low,19,0,0,153,164,39,163
9,High,39,0,0,127,129,120,129
14,High,27,1,0,168,162,91,169
16,Medium,19,0,0,167,162,83,173
19,Low,39,0,0,187,180,44,177
10,Medium,24,0,0,168,179,85,182
19,High,19,0,0,120,115,116,111
15,High,32,0,0,177,170,111,182
18,Medium,27,1,1,135,145,84,150
10,High,40,0,0,161,173,105,174
14,Medium,30,0,0,149,158,59,155
11,High,30,1,0,134,129,105,121
19,Low,18,1,0,142,140,28,147
10,Low,18,1,0,143,131,41,129
17,Medium,28,0,0,170,182,61,191
9,Low,38,1,0,135,130,26,129
14,Medium,18,0,0,120,120,76,130
9,Medium,31,0,0,177,186,74,198
11,High,38,0,0,167,165,117,157
15,Low,31,1,0,145,152,39,147
11,Low,25,1,0,174,167,32,177
15,Low,37,0,0,159,158,55,155
11,High,33,0,0,169,172,86,181
18,Low,30,0,0,173,163,51,173
8,Medium,30,1,0,145,148,65,156
11,Medium,32,0,0,182,177,56,183
11,Low,34,0,0,189,184,32,178
11,High,36,0,0,180,187,120,184
19,High,26,1,0,181,186,94,180
13,Medium,36,1,0,129,122,60,134
9,Medium,31,0,0,176,182,72,188
16,High,31,1,0,153,156,119,156
8,Low,23,1,0,177,166,40,174
17,Medium,34,0,0,181,169,65,172
17,High,27,1,0,190,187,105,196
12,Low,33,0,0,152,163,37,174
11,High,34,1,0,124,135,100,138
17,Medium,31,1,0,171,167,69,159
12,Medium,24,1,0,160,156,84,167
14,Medium,40,0,0,165,170,63,181
12,Medium,30,0,0,190,182,74,179
18,Low,25,1,0,155,166,44,170
12,High,33,1,0,185,194,98,193
12,Medium,39,1,0,137,137,77,149
9,High,37,0,0,124,136,88,136
11,High,32,1,0,182,188,115,194
9,Medium,39,0,1,148,153,83,156
8,Medium,27,0,0,187,195,62,194
9,High,21,0,0,190,184,116,188
15,High,20,1,0,161,159,90,164
11,High,22,1,0,132,139,89,133
15,Low,20,1,0,150,141,55,142
10,High,19,0,0,147,158,92,162
18,High,38,1,0,177,170,95,171
17,High,31,1,0,154,154,94,153
19,Medium,32,1,0,168,156,58,149
16,Low,35,1,0,171,175,33,187
18,High,26,1,1,140,146,114,148
16,Medium,31,0,0,185,189,75,201
15,Medium,18,0,0,150,162,68,168
8,Low,32,1,0,186,174,42,180
18,High,24,1,1,183,190,87,189
9,Medium,30,0,0,133,125,84,119
18,High,29,1,0,169,180,95,187
10,Medium,39,1,0,129,137,83,148
8,Medium,20,0,0,162,156,75,157
13,Medium,19,0,0,143,139,72,138
15,Medium,24,0,0,121,117,72,120
8,Medium,26,1,0,156,154,56,153
16,High,39,0,0,155,143,87,136
8,Medium,29,0,0,142,131,62,143
18,Medium,25,1,0,167,172,80,173
11,High,39,1,0,132,144,100,147
19,Low,38,0,0,123,120,41,128
9,Low,20,0,0,188,192,33,193
12,Medium,24,0,0,142,139,62,150
15,High,35,0,0,143,147,109,152
13,High,33,1,0,130,137,103,141
19,High,33,1,0,183,179,115,184
18,Medium,36,1,0,147,147,59,157
9,Low,19,1,0,143,142,33,142
16,Medium,20,1,0,144,149,57,155
10,Low,24,1,0,145,140,29,142
19,High,29,1,0,148,153,92,162
14,High,37,0,0,137,140,89,144
16,Medium,39,1,0,122,121,78,131
10,High,32,0,0,190,183,107,181
9,High,38,1,1,168,173,105,181
9,Low,30,1,0,140,149,27,149
14,Medium,24,0,0,141,147,74,140
19,Medium,32,0,0,154,155,78,166
17,Medium,19,1,0,153,159,65,170
13,Medium,32,0,0,179,181,63,191
11,Low,39,0,0,135,129,35,133
19,Medium,40,1,0,177,168,66,169
19,Low,24,1,0,131,129,34,123
9,Low,28,1,0,146,139,39,141
10,High,32,1,0,175,178,94,182
10,Medium,35,1,0,120,122,77,126
8,Low,24,1,0,137,146,43,147
13,High,35,1,0,165,168,104,173
13,High,19,1,0,176,166,115,160
19,Low,26,0,0,138,140,28,152
18,Medium,22,1,0,179,172,72,170
14,High,19,1,0,134,144,110,144
14,High,40,1,0,128,138,98,136
15,Medium,40,0,0,151,157,79,169
8,High,32,0,0,126,129,119,130
14,Low,31,0,1,163,169,29,180
12,Low,39,1,0,135,139,43,136
8,High,32,0,0,131,134,119,135
11,High,37,0,0,183,185,100,190
19,Medium,31,1,0,131,133,78,134
13,Medium,20,1,0,163,162,72,169
15,Medium,35,0,0,161,171,80,172
18,Low,23,1,0,184,174,44,175
11,Low,29,1,0,183,190,54,182
10,Medium,31,1,0,185,197,75,196
18,Medium,26,0,0,137,127,85,130
9,Medium,34,0,1,156,150,83,155
9,Medium,24,0,1,188,194,72,190
16,Low,38,0,0,168,168,30,164
18,High,34,0,0,131,138,104,148
17,High,31,0,0,161,171,91,178
14,Medium,38,0,0,160,153,74,154
11,High,38,1,0,121,130,97,127
12,High,30,1,0,141,139,113,144
15,High,33,1,0,190,190,105,197
10,Low,22,1,0,150,162,51,167
13,Medium,25,0,0,162,158,63,157
8,Medium,26,0,1,122,128,61,130
19,Medium,33,1,0,182,177,84,173
19,Medium,40,0,0,158,168,80,168
18,Medium,32,0,0,150,151,67,157
8,Low,22,1,0,163,152,35,157
15,Medium,22,1,0,128,132,80,128
8,Medium,40,1,0,121,115,65,121
19,Low,33,0,0,182,177,28,188
8,Low,22,1,0,132,133,31,140
15,High,30,1,0,160,164,88,165
12,Medium,21,0,0,124,121,84,113
15,High,26,1,1,120,129,118,130
8,High,39,0,0,163,172,101,170
16,High,21,1,0,159,159,115,169
16,Medium,21,0,0,175,176,75,175
13,Low,35,0,0,121,130,34,142
11,High,39,1,0,171,164,97,166
16,Low,20,1,1,148,136,39,131
18,Medium,36,0,0,160,168,74,160
12,Medium,32,0,0,137,135,78,139
10,Low,19,0,1,156,159,44,166
8,Low,19,1,0,126,130,26,135
9,Medium,19,1,0,171,160,63,170
11,Low,22,1,0,140,134,26,129
14,Medium,32,0,0,149,155,71,159
13,Low,29,1,0,150,154,33,148
11,Low,22,0,0,149,145,54,149
13,Low,19,1,0,149,159,45,161
17,High,18,0,0,125,115,89,126
18,High,31,0,0,126,136,112,135
12,Medium,18,1,0,152,140,72,140
9,Low,27,0,1,135,131,39,141
8,High,18,1,1,144,141,107,141
11,Medium,18,1,0,158,167,66,166
15,Medium,18,1,0,164,168,81,173
13,High,22,1,0,134,137,110,131
16,Low,27,1,0,125,113,34,110
19,High,33,1,0,169,169,86,181
17,Low,19,1,0,148,150,44,150
10,Low,36,0,0,144,142,25,153
19,Low,37,0,0,153,163,33,166
13,Medium,29,1,0,126,115,81,118
10,Medium,37,0,0,190,187,76,188
12,High,29,1,0,187,180,106,189
8,Medium,31,0,0,158,167,67,165
9,Medium,22,0,0,121,116,68,126
17,High,40,0,1,149,141,89,139
12,Medium,36,1,0,157,145,67,157
13,Low,26,1,0,142,144,27,141
14,Low,21,1,0,121,129,37,135
16,High,18,1,0,158,156,106,162
12,Medium,28,1,0,146,142,66,144
9,High,22,1,0,157,162,89,171
8,Medium,40,0,1,133,138,82,140
19,Medium,36,1,0,159,159,61,159
11,Low,35,0,0,135,140,34,132
13,Medium,26,0,0,180,186,85,190
18,High,29,1,0,146,147,116,145
13,Low,20,1,0,156,145,53,157
15,High,28,1,0,150,144,87,145
8,Low,38,1,0,173,172,28,181
11,High,22,0,0,183,188,108,180
18,High,18,1,0,138,131,104,141
15,High,21,0,0,168,170,112,172
17,Medium,38,1,1,122,112,69,123
10,High,39,1,0,161,170,93,164
13,Low,26,1,0,162,171,45,172
10,Medium,18,1,1,173,174,72,171
9,Medium,37,1,0,160,171,63,179
8,Low,34,0,0,163,157,50,169
17,High,38,1,0,169,157,89,153
11,High,38,0,0,168,157,94,168
15,High,23,0,0,157,152,116,155
9,High,27,1,0,164,170,99,168
8,Medium,39,1,0,159,157,79,166
11,Low,22,0,0,160,162,34,154
14,Low,22,1,0,176,172,41,172
8,Medium,40,0,0,137,145,77,149
12,Medium,21,1,0,124,129,61,133
9,High,40,0,0,145,148,104,158
11,High,36,1,0,169,180,107,187
9,Medium,19,1,0,142,149,60,144
12,Medium,32,0,0,188,194,58,197
19,Medium,24,1,0,144,156,84,152
16,High,38,1,0,161,172,118,168
14,Medium,21,0,0,128,120,83,114
19,Medium,23,1,0,156,155,76,158
10,Medium,38,1,0,187,191,82,194
17,High,25,1,0,120,127,96,126
11,High,38,0,0,166,172,108,180
16,Medium,38,0,0,177,188,69,184
8,High,40,1,0,169,158,118,158
13,Medium,24,1,0,127,122,64,133
12,High,39,1,0,146,134,108,140
17,Low,32,1,0,188,192,49,203
10,Low,31,0,0,152,142,42,139
18,Medium,24,0,0,137,136,67,143
19,Medium,36,0,1,143,145,73,150
9,Low,39,1,0,190,184,27,193
14,High,35,1,0,135,132,89,134
14,Low,40,0,0,146,142,39,136
15,Low,34,1,0,161,160,38,166
13,Medium,26,1,0,157,164,64,163
11,Medium,32,1,0,167,179,70,174
19,High,23,0,0,190,196,94,208
19,Medium,26,0,0,163,157,81,156
8,Medium,40,0,1,128,127,70,121
16,Medium,38,1,0,122,127,81,129
16,Low,34,0,0,177,188,25,187
11,Medium,24,0,0,178,186,84,179
18,Medium,31,0,0,189,187,79,193
9,Low,40,1,0,140,133,31,143
15,High,20,1,0,134,145,91,143
14,Medium,22,0,0,160,164,69,167
19,Low,29,1,0,172,181,43,174
16,Medium,31,0,0,129,134,61,134
12,Low,28,0,0,178,171,51,179
12,Low,29,1,0,159,167,29,174
15,Low,18,1,0,183,175,26,185
18,Medium,38,0,0,146,143,85,137
19,Medium,36,0,0,177,176,82,181
15,Low,30,1,0,125,127,30,139
9,High,35,1,1,145,145,110,150
13,High,30,1,0,158,161,105,154
18,High,32,0,0,135,145,109,150
8,Low,35,1,0,174,162,26,164
18,Medium,26,0,0,132,137,80,145
10,Low,24,1,0,128,126,41,124
19,Low,21,0,0,131,122,45,121
8,Low,32,1,0,189,193,30,196
13,Medium,34,0,0,123,129,63,121
8,Low,29,0,0,188,183,28,184
14,High,31,1,0,175,187,105,179
12,Medium,23,0,0,179,190,67,198
16,Low,19,1,0,172,163,38,169
18,Medium,32,0,0,176,168,85,172
12,High,37,1,0,143,152,116,146
9,Low,20,1,0,161,166,28,170
17,Low,39,1,0,122,125,25,119
18,Low,34,0,0,186,198,51,204
15,High,23,0,0,153,153,86,145
9,Medium,21,0,1,135,128,56,123
8,Low,24,1,0,121,130,29,122
10,Low,22,1,0,146,149,27,160
17,Medium,34,1,1,165,168,82,169
17,Medium,20,0,0,173,183,84,184
17,Medium,40,1,0,142,132,75,135
8,Medium,40,0,0,147,142,62,143
17,Medium,18,1,0,175,166,81,167
16,Medium,40,0,0,137,148,75,154
8,High,24,1,0,163,163,100,163
15,Medium,35,0,0,143,147,79,145
11,High,32,0,0,139,148,92,155
19,Low,29,1,1,167,176,55,181
14,Low,27,1,0,162,159,30,155
16,Medium,39,0,0,145,150,69,150
12,Medium,40,1,0,143,137,64,136
12,Medium,22,1,0,182,172,79,170
15,Medium,39,1,1,179,167,80,159
18,Low,20,1,0,164,155,32,152
10,Medium,28,0,0,182,187,79,185
8,Medium,28,0,0,148,149,64,161
9,Low,29,0,0,188,200,25,205
11,High,22,1,1,131,128,118,122
14,Low,24,0,0,148,142,43,143
18,Medium,26,1,0,159,160,74,170
17,Medium,20,0,0,124,115,85,114
13,Low,23,1,0,172,162,29,158
18,Low,22,0,0,185,191,40,197
19,High,29,0,0,161,158,102,167
13,Medium,34,1,0,190,180,73,191
19,Low,37,1,0,167,178,47,172
14,Low,27,0,0,122,125,53,128
13,High,19,0,0,176,186,90,188
12,Low,33,1,0,149,140,31,139
10,Medium,33,0,0,161,159,79,171
15,High,24,0,0,124,130,100,132
19,Low,33,0,0,166,176,45,178
11,High,28,0,0,184,192,94,197
10,High,26,1,0,149,159,86,170
18,High,32,1,0,126,118,107,121
18,Low,36,1,0,157,162,37,165
8,Low,26,1,0,142,139,25,139
16,High,23,1,0,181,176,93,183
11,Medium,33,1,0,144,144,69,151
15,Medium,24,0,0,150,139,73,131
10,Low,30,1,0,141,150,49,145
14,Medium,33,0,1,129,139,65,147
14,Medium,32,0,0,121,119,71,124
9,Medium,39,1,1,123,127,79,134
17,Low,37,0,1,182,170,29,177
10,Low,36,0,0,161,163,33,166
11,Medium,24,1,0,164,174,75,174
11,High,36,0,0,123,115,92,110
15,Low,38,0,0,138,136,52,132
17,High,32,0,0,152,163,92,165
11,High,23,0,0,125,129,88,126
17,Low,38,1,0,159,151,30,161
13,High,23,1,0,144,150,110,147
9,Medium,34,0,0,181,171,77,173
11,Low,22,0,0,134,142,33,148
17,High,38,1,1,149,157,115,149
8,Medium,23,0,0,135,127,73,137
11,Medium,25,0,1,120,117,69,118
14,Medium,18,1,0,186,192,80,202
14,Medium,24,1,0,123,121,85,127
9,High,40,0,0,158,168,103,175
10,Medium,32,0,0,138,142,73,136
14,Medium,30,1,0,136,126,69,136
18,High,35,1,0,124,116,110,123
10,High,33,0,0,145,136,92,130
12,High,32,0,0,126,118,101,129
11,High,34,1,1,173,184,111,190
12,Low,36,1,0,128,140,35,141
15,Medium,22,0,0,172,178,65,172
17,Low,39,1,1,174,174,48,184
16,Medium,26,1,0,127,120,77,116
8,High,32,1,0,143,155,104,147
8,High,33,1,0,144,143,97,153
8,Medium,35,1,1,122,130,85,124
18,Medium,31,1,0,144,155,70,165
9,Medium,22,1,0,145,149,84,161
12,Medium,23,0,0,132,129,59,136
8,High,38,0,0,123,126,86,119
14,Low,26,0,0,158,165,46,170
13,High,40,0,0,174,186,115,183
10,High,40,1,0,144,145,104,148
13,Medium,28,0,0,177,188,83,193
12,Low,27,0,0,162,150,34,145
17,Low,33,1,0,174,175,37,168
16,Medium,39,0,0,183,186,66,195
13,Medium,35,1,0,122,116,83,122
14,Low,18,1,1,156,161,51,164
19,Low,20,1,0,153,153,37,160
15,High,25,0,0,164,163,87,160
14,Low,30,0,0,151,145,34,142
15,Low,38,0,0,122,113,29,116
13,High,29,1,0,174,164,101,158
9,High,21,0,0,152,163,101,158
11,Medium,30,0,0,136,132,58,140
18,High,31,1,0,145,147,111,159
13,Low,29,1,1,153,158,32,151
17,High,35,0,0,152,162,116,170
18,Low,23,1,0,173,180,55,188
13,Low,20,0,0,175,171,47,178
8,Medium,23,0,0,131,141,73,144
14,Low,19,1,0,137,143,52,153
11,High,36,0,0,168,176,106,176
9,Low,23,1,0,135,140,28,152
14,Low,38,1,0,143,148,32,142
11,Low,39,1,0,153,156,55,168
9,Medium,33,1,0,170,177,76,172
19,Low,29,1,0,171,159,37,151
19,High,35,1,1,164,176,95,187
11,Low,31,0,0,179,167,39,171
13,Low,26,1,0,156,149,34,154
13,High,39,0,0,146,154,107,146
11,Low,20,0,0,124,113,53,121
18,High,21,1,1,156,155,109,162
8,Medium,31,1,0,165,171,59,169
11,Low,36,0,1,124,118,29,125
16,High,27,1,0,174,170,111,164
11,Medium,35,0,0,150,153,58,161
14,High,27,1,0,154,164,115,161
15,Medium,40,1,0,126,122,75,117
16,Low,25,1,0,186,189,38,195
18,Low,37,1,0,131,130,27,127
15,Low,32,0,1,142,146,34,141
10,High,32,0,0,167,161,117,158
14,High,32,1,0,153,153,118,154
14,Low,26,1,0,123,128,34,136
13,Medium,18,1,1,136,124,75,121
9,Medium,37,1,0,122,129,62,137
16,High,20,0,0,152,151,110,162
14,Low,32,1,0,155,157,25,150
17,Low,31,1,0,157,145,41,150
14,Medium,39,1,0,186,188,71,183
11,Low,23,1,1,123,132,45,144
11,High,40,1,0,187,191,98,188
8,Medium,35,1,0,161,155,80,151
12,Low,19,1,0,126,126,37,126
19,Medium,39,1,0,146,144,61,150
15,Low,35,1,0,137,130,41,129
13,Medium,36,1,0,161,167,84,167
10,High,18,0,0,156,163,96,165
12,Medium,33,0,0,154,145,84,144
15,Medium,35,1,0,156,162,78,172
17,Low,19,0,0,130,133,51,129
10,Low,27,1,0,142,143,48,141
10,Medium,26,0,0,160,155,85,156
12,Low,36,1,0,135,125,53,120
15,Low,19,1,1,190,195,48,205
10,Low,40,0,0,134,145,54,145
10,Low,25,1,0,190,193,40,196
14,Medium,40,0,0,138,129,64,129
16,Medium,34,0,0,146,153,82,155
18,High,25,1,0,150,141,119,147
16,Medium,22,0,0,166,174,59,166
12,High,30,1,0,163,162,113,164
19,Medium,25,1,0,170,167,74,176
19,Medium,30,1,0,130,120,77,128
12,High,39,1,1,159,164,102,161
15,Medium,23,1,0,176,186,77,188
14,Low,31,0,0,175,166,26,160
12,High,26,1,0,184,183,109,192
9,Medium,37,1,0,128,121,83,128
18,Medium,32,0,0,145,157,77,167
15,Medium,30,0,0,124,129,66,134
12,Low,28,1,0,149,154,42,164
14,Low,20,1,0,159,164,55,176
19,Medium,18,0,0,168,177,68,184
15,Medium,29,0,0,181,176,80,186
9,Low,27,1,0,122,121,52,119
17,Low,34,0,0,125,129,55,123
12,Low,18,0,0,133,141,27,147
12,Medium,28,1,0,136,136,67,141
14,High,25,0,0,172,168,90,161
9,Medium,18,1,0,156,146,85,146
13,High,22,1,0,160,159,116,152
13,Medium,37,1,0,184,176,75,182
15,High,33,0,0,178,185,98,190
12,High,40,0,0,189,194,101,196
8,High,20,0,0,165,177,110,180
9,Low,40,0,1,158,168,32,161
8,Medium,20,1,0,159,171,75,163
12,High,24,1,0,147,152,111,146
9,High,20,1,0,125,133,87,134
12,Medium,27,1,0,154,145,76,140
8,Low,40,0,0,153,151,50,155
9,Low,35,1,0,129,138,43,141
16,High,28,0,0,177,167,95,169
8,Low,22,0,0,139,131,29,124
11,High,31,1,0,171,166,90,159
12,High,18,0,0,161,165,119,163
13,Medium,34,0,0,164,176,84,169
11,Low,38,0,0,140,149,37,153
17,Low,23,0,1,170,180,52,178
14,Medium,30,0,0,183,189,73,194
10,Low,37,1,0,135,139,48,135
17,High,37,1,0,136,126,114,125
8,Medium,30,1,0,176,181,79,189
18,High,33,0,0,187,191,96,184
17,High,39,0,0,172,180,98,183
8,Low,24,1,0,142,135,36,143
12,Medium,28,1,0,156,161,69,166
8,Medium,22,0,0,170,164,57,164
17,High,19,1,0,163,154,105,153
14,Medium,36,1,0,156,160,83,159
19,Medium,25,0,0,185,176,67,179
14,Medium,26,1,0,176,168,81,166
16,Low,32,1,0,168,172,37,184
9,Medium,22,0,0,151,150,65,146
12,Medium,30,0,0,174,176,58,173
19,Low,40,1,0,140,141,51,137
10,Medium,19,0,0,176,183,78,193
19,Low,19,0,0,169,173,43,183
16,High,18,1,1,151,143,108,151
19,Medium,35,0,0,179,189,64,200
19,Medium,19,0,0,141,136,59,141
9,Low,26,0,0,162,150,45,145
15,Medium,25,1,0,165,175,75,177
11,High,26,1,0,189,190,118,187
17,Low,31,0,0,167,168,51,164
8,High,28,1,0,181,171,111,172
11,Medium,38,1,0,161,172,81,179
9,Low,24,0,0,183,179,41,182
12,Low,37,0,0,123,113,48,110
16,Medium,18,1,0,130,140,81,142
10,High,40,1,1,138,144,94,152
13,High,36,0,0,183,179,119,184
14,Low,36,1,0,136,125,35,129
14,Low,19,0,0,139,147,49,155
18,Medium,28,0,0,171,181,82,181
14,High,21,0,0,125,126,114,129
18,Medium,19,0,0,141,137,72,143
15,Medium,18,1,0,180,186,61,185
19,Medium,18,1,0,142,131,65,138
13,High,29,1,0,156,157,101,151
15,Low,32,1,0,182,190,54,187
14,Medium,30,0,0,146,151,73,157
13,Medium,20,1,0,181,179,57,181
13,High,19,0,1,141,149,94,147
18,Medium,30,1,0,142,145,84,149
12,High,37,1,0,184,185,111,197
17,High,22,0,0,128,124,109,119
18,High,19,0,0,159,153,88,153
18,Low,39,1,0,140,149,53,152
18,Low,24,0,0,120,129,53,122
8,Medium,28,1,0,189,198,62,203
11,Medium,37,0,0,123,113,63,110
19,Medium,24,1,0,188,200,56,206
8,Medium,23,1,0,155,146,67,151
19,Low,40,1,0,124,120,32,113
19,High,40,0,0,131,125,108,123
15,High,37,1,0,125,136,114,130
9,Low,40,0,1,127,125,28,126
11,Low,24,0,0,148,142,51,147
11,Medium,27,0,0,172,174,76,182
9,Medium,36,1,0,177,170,59,164
10,Medium,27,1,0,177,165,72,177
11,High,36,0,0,151,149,98,160
9,High,18,1,0,167,168,104,161
12,High,35,0,0,120,124,111,131
12,High,21,0,0,168,158,116,155
8,Low,27,0,0,180,179,38,171
9,High,21,0,0,139,151,89,148
11,Low,38,0,1,140,134,39,136
18,Medium,34,0,0,132,127,79,121
18,Medium,22,1,1,185,177,61,185
12,High,40,0,0,130,140,96,137
15,High,22,1,1,149,139,108,139
13,Medium,21,1,0,148,139,75,141
11,Medium,28,0,1,165,174,69,169
15,Medium,22,0,0,183,176,76,169
9,High,38,0,0,179,189,107,184
19,High,34,0,0,120,123,95,133
19,Low,36,1,0,136,136,30,128
19,Medium,19,1,0,162,150,64,150
18,Low,18,0,0,156,157,43,166
12,High,31,0,0,132,128,109,128
19,Medium,37,1,0,167,157,75,159
13,Medium,36,0,1,124,130,75,123
15,Low,28,0,1,187,184,55,178
8,Medium,24,1,0,172,179,85,175
9,Medium,26,1,1,151,148,65,143
18,Low,21,1,0,124,129,31,126
13,Medium,37,1,0,190,195,60,195
14,High,40,0,0,134,133,92,125
11,High,34,0,0,179,167,120,172
9,Low,35,0,0,125,121,48,130
12,Medium,38,0,0,188,195,74,202
10,Low,37,1,0,186,177,53,187
11,Low,25,0,0,128,124,54,128
8,High,34,0,0,131,122,119,119
12,Medium,29,1,0,169,172,76,176
18,Low,24,0,0,152,150,42,156
17,Medium,30,0,1,188,194,85,197
10,Medium,23,0,0,186,193,63,197
14,Low,30,0,1,140,145,44,145
12,Medium,22,0,0,134,125,70,130
11,Low,28,1,0,156,166,49,164
19,High,36,0,0,180,179,114,187
16,High,27,0,0,186,184,109,191
10,Low,37,0,0,177,165,28,175
12,Low,25,0,0,149,161,35,162
16,Low,36,1,0,190,198,45,202
18,Medium,19,1,1,171,182,71,184
8,High,23,1,0,151,141,91,149
18,High,24,0,1,149,150,109,147
16,High,18,0,0,175,165,94,168
14,High,37,1,0,125,116,119,116
15,Medium,37,1,0,155,161,57,169
9,Medium,39,1,0,132,142,58,142
17,Medium,20,1,0,120,120,77,115
8,Medium,37,1,0,126,127,64,126
8,High,37,1,0,168,159,93,155
18,High,36,1,0,170,160,115,170
19,High,18,1,0,127,136,98,148
17,Medium,19,0,0,123,131,79,141
17,High,40,1,0,154,155,112,162
16,Medium,23,0,0,130,127,61,124
14,Low,25,1,0,186,188,55,199
19,Low,27,0,0,146,137,38,148
9,Low,22,1,0,148,155,43,149
8,Medium,35,0,1,176,179,75,183
14,Medium,24,1,0,134,130,69,127
11,Medium,21,0,0,129,136,65,148
12,Medium,18,0,0,185,191,85,202
8,Low,28,1,1,160,165,35,168
8,Medium,27,0,0,139,134,84,127
16,High,26,1,0,151,139,111,149
11,High,34,1,0,143,154,99,146
17,Medium,26,0,0,169,176,74,169
18,Medium,35,0,0,167,176,64,179
18,Medium,19,1,0,142,139,73,145
17,Low,33,0,0,175,167,29,164
8,Low,34,1,0,132,132,38,138
19,High,19,0,0,164,154,107,152
8,Medium,37,0,0,151,144,72,137
18,Medium,26,1,1,160,148,71,157
16,High,38,0,1,187,176,88,171
16,High,24,1,0,137,125,105,123
11,Medium,31,1,0,138,150,77,143
9,High,32,1,0,172,170,99,173
19,Low,33,1,0,157,163,30,171
17,Low,37,0,0,176,177,27,188
16,Low,32,1,0,120,126,47,134
15,High,27,0,0,158,149,114,148
10,Medium,19,1,0,132,136,76,144
9,Medium,28,0,0,177,178,64,171
15,Low,31,1,0,167,168,45,169
17,Low,22,0,0,141,134,47,131
11,High,39,0,0,175,166,97,169
18,High,27,1,0,163,157,97,157
19,Low,26,1,0,153,158,43,170
19,High,26,1,0,169,174,90,183
12,Medium,29,1,0,139,129,56,135
17,High,19,1,0,126,116,105,110
10,Low,21,1,0,125,136,54,143
11,Medium,33,1,1,138,146,68,150
10,Medium,33,0,0,128,129,84,137
9,High,37,1,0,136,147,99,148
16,High,27,0,1,174,183,101,195
14,Low,24,0,0,166,171,55,181
19,Medium,27,1,0,189,201,65,200
12,Low,25,0,0,158,169,41,172
12,Medium,22,1,0,141,131,68,133
18,High,19,1,0,140,132,91,134
12,Low,34,0,0,122,111,37,119
10,Medium,32,1,0,143,152,77,148
16,Medium,25,0,0,162,169,82,168
15,Low,27,1,0,164,162,42,168
17,High,38,1,0,156,158,114,163
18,Medium,28,0,0,187,190,72,198
12,Low,30,1,0,162,155,26,156
12,Low,40,0,0,132,139,55,140
17,High,20,0,0,181,182,108,191
13,High,33,1,0,143,152,116,162
14,High,37,1,0,139,142,101,154
10,Low,37,1,1,181,173,31,180
10,High,38,1,0,155,153,106,157
11,High,19,1,0,149,158,87,152
19,High,40,0,0,152,149,90,144
16,Medium,18,1,0,143,137,65,148
18,Low,27,0,0,143,133,46,125
17,Medium,36,0,0,121,113,85,112
10,Medium,38,1,1,187,194,79,204
12,Medium,28,0,0,156,167,85,177
11,High,21,1,0,173,178,119,180
14,Medium,25,1,0,189,196,61,198
14,Medium,28,1,0,153,151,74,144
18,Medium,19,0,0,132,138,74,131
10,Low,19,1,1,136,144,38,146
16,Low,19,0,0,127,132,37,144
8,Medium,36,1,0,125,125,59,129
18,Medium,31,1,0,188,183,64,189
10,High,40,0,0,151,149,101,161
14,High,39,0,0,146,149,111,154
9,Low,39,0,0,187,194,43,205
9,Medium,18,0,0,145,133,84,135
8,Low,30,0,0,123,114,52,110
14,High,31,0,0,173,162,104,172
10,Medium,40,1,0,143,154,72,150
13,Low,32,0,0,136,142,52,147
18,High,20,1,0,172,177,105,187
15,Medium,23,1,0,136,139,85,139
13,Low,19,1,0,125,117,39,114
10,High,39,1,0,148,146,114,143
15,Low,33,1,0,132,122,52,124
13,Medium,21,0,0,162,159,63,167
8,Low,25,1,0,150,160,30,162
11,Low,18,1,0,174,167,30,171
16,Low,20,0,0,121,122,42,122
14,Medium,26,1,1,128,132,64,129
13,High,35,0,0,177,176,119,174
18,High,38,1,0,171,180,86,187
11,Medium,24,1,0,164,167,78,169
16,Low,35,0,0,183,184,25,180
8,Medium,27,1,0,148,146,66,141
9,High,39,1,1,127,117,109,122
8,Medium,33,0,0,157,169,76,180
16,High,33,1,0,151,163,118,159
16,Medium,33,0,0,160,148,59,148
19,Medium,28,0,0,171,162,83,173
10,High,31,0,0,163,168,120,168
12,High,22,1,0,138,134,110,138
10,Medium,39,1,0,171,169,75,163
8,High,20,0,0,155,164,110,157
17,Medium,31,0,1,151,158,66,153
19,High,26,0,0,123,132,117,141
10,Low,35,0,0,165,168,37,167
18,High,20,0,0,124,122,114,114
12,High,34,0,0,172,164,103,176
13,High,36,1,0,160,172,101,181
8,Low,34,0,0,187,197,25,208
16,High,29,1,0,137,138,112,140
19,Low,18,0,0,190,178,42,187
8,High,33,1,0,129,128,116,133
9,Low,33,0,0,149,149,50,150
13,Medium,27,0,0,151,154,72,165
13,Medium,24,0,0,144,139,72,150
13,Medium,27,1,0,135,123,78,123
10,Low,32,1,0,144,132,28,132
9,Medium,32,0,0,176,180,76,190
15,High,25,0,0,169,163,102,175
17,Low,32,0,0,167,179,30,181
11,High,31,0,0,133,121,103,116
11,Medium,18,0,0,127,118,56,112
13,High,29,0,0,129,133,111,145
8,High,24,0,0,187,192,92,204
15,Low,19,1,1,181,187,35,183
10,Low,37,0,0,145,136,46,129
16,Medium,35,1,0,168,173,82,165
19,Low,31,0,0,183,178,50,172
8,Low,18,1,0,157,148,34,149
17,Medium,39,0,0,189,181,70,187
17,High,29,0,1,169,162,100,170
10,Low,26,1,0,177,188,40,184
18,High,21,1,0,123,124,119,121
10,Medium,37,1,0,136,126,81,120
10,Low,31,1,0,186,187,52,196
10,High,34,1,0,154,151,109,159
13,Low,38,0,0,157,156,51,156
8,High,29,0,0,134,133,96,131
10,High,28,1,0,125,113,86,110
13,Low,30,0,0,121,130,41,123
13,High,24,1,0,165,172,110,176
9,High,21,0,0,169,164,116,174
16,Medium,31,1,0,126,122,76,128
17,High,35,1,0,138,129,108,127
18,High,38,0,0,148,139,101,134
11,Low,26,1,0,169,178,29,176
18,Medium,21,0,1,147,154,64,153
13,Low,29,0,0,135,131,47,125
13,High,26,1,0,121,128,116,137
13,High,36,1,0,185,197,95,198
8,High,25,1,0,152,149,106,159
15,Medium,22,0,0,127,124,84,125
9,Low,25,1,0,186,188,41,196
19,High,28,0,0,187,175,100,171
19,Low,26,1,1,183,189,54,192
13,Medium,36,1,1,154,160,64,153
13,Low,20,0,0,152,142,47,151
13,Low,34,1,0,162,155,50,152
8,Low,34,1,0,166,174,35,171
12,High,40,1,0,122,130,116,139
16,High,31,0,0,121,133,90,138
8,High,27,0,0,165,164,94,158
17,Low,38,1,0,133,125,40,128
14,Medium,39,0,1,187,176,64,176
19,High,38,0,0,158,157,106,164
10,Medium,30,0,0,165,159,82,154
18,High,27,0,0,184,190,97,201
19,Medium,24,0,0,190,191,65,193
9,Low,25,0,0,160,167,45,171
15,High,20,0,0,174,166,109,174
14,Low,32,1,0,172,170,36,177
8,Low,37,0,0,182,176,28,168
18,High,34,0,0,130,135,104,143
9,Medium,34,0,0,159,171,60,174
12,High,35,0,0,150,150,118,151
19,High,36,1,0,153,154,111,154
9,High,34,0,0,157,169,100,180
15,Medium,35,0,0,139,145,83,138
14,Low,35,0,0,147,152,35,155
15,Medium,20,0,0,130,130,72,126
19,High,26,1,0,184,194,110,205
17,Medium,38,1,1,130,122,61,123
17,Medium,40,1,0,131,120,85,130
12,Low,23,0,1,173,167,36,171
16,Medium,37,1,0,124,114,58,114
8,Medium,27,0,0,139,129,81,124
19,Medium,19,1,0,182,176,84,188
12,Medium,28,0,0,125,131,80,142
14,High,19,1,1,121,128,103,130
16,High,29,1,0,125,130,97,142
17,Medium,31,0,1,121,125,69,134
8,Medium,24,1,0,183,195,60,205
8,High,31,1,0,189,191,102,194
19,Low,36,0,0,187,194,53,196
19,Medium,31,0,0,150,157,69,168
19,Low,29,1,0,145,155,46,151
9,Low,26,0,0,190,178,42,171
14,High,29,0,0,166,177,86,174
17,Medium,36,0,0,162,152,64,151
8,Low,37,0,0,189,199,29,210
14,Medium,21,0,0,183,190,69,194
13,High,31,0,0,161,168,90,167
18,Low,21,0,0,190,192,47,192
16,Medium,20,0,0,140,136,59,146
17,Medium,34,1,0,170,168,81,161
8,Medium,20,0,0,172,179,56,187
14,Low,37,1,0,187,186,37,191
19,Medium,26,0,0,188,185,68,190
17,Low,30,1,0,136,136,32,134
15,Low,40,0,0,153,141,27,136
16,Medium,32,0,0,156,168,67,176
15,Medium,31,0,0,156,159,71,160
15,Medium,40,1,0,185,189,75,187
13,High,26,0,0,151,143,109,148
15,Medium,30,0,0,158,163,61,157
17,Low,26,1,1,173,177,52,184
8,Low,25,1,0,127,116,55,117
11,Medium,21,1,0,152,147,80,158
10,Low,37,0,0,182,172,29,183
17,Medium,34,1,1,187,189,81,193
13,Low,33,0,0,120,110,47,119
8,Low,30,1,0,189,192,51,202
17,High,31,1,0,134,146,107,157
12,Low,30,0,0,144,156,54,163
19,Medium,39,1,0,125,117,81,110
16,Medium,25,0,0,176,182,66,194
19,Medium,33,1,0,131,121,65,128
8,High,29,0,0,168,176,112,175
12,Medium,24,1,0,122,112,64,120
12,High,20,1,0,126,131,115,128
11,Low,32,0,0,160,164,40,161
19,High,26,0,0,139,141,117,140
13,Medium,32,0,0,144,139,74,131
12,High,40,1,0,134,136,93,129
9,Low,21,0,0,129,120,39,118
15,Low,29,0,0,190,196,41,199
19,Medium,18,0,0,121,110,85,110
8,High,21,0,0,132,137,87,148
18,Medium,23,0,0,131,143,61,152
8,Medium,20,1,0,181,169,73,163
8,Medium,21,1,0,152,152,72,158
17,Medium,20,1,0,142,148,78,156
19,High,21,0,0,120,114,116,117
18,Medium,23,0,1,158,147,74,154
11,Low,21,0,0,170,163,42,165
12,High,24,0,0,123,115,90,110
9,Medium,30,0,0,172,162,59,163
17,High,18,1,0,123,132,100,129
8,High,25,1,0,137,147,106,143
17,Low,22,0,0,187,181,28,178
8,Low,21,0,0,155,157,36,168
10,Low,32,0,1,134,130,45,125
9,Low,39,0,0,170,177,36,172
13,Medium,27,1,0,180,181,76,185
13,Medium,31,0,0,142,149,69,147
18,Low,36,1,0,124,127,52,135
12,Low,22,1,0,131,121,32,127
17,High,38,0,0,190,192,115,191
8,Medium,21,0,1,135,132,68,125
18,Medium,32,0,0,182,185,65,189
19,Medium,20,1,0,173,179,71,179
12,Medium,19,0,0,178,180,74,174
11,High,35,1,0,127,115,103,110
11,High,23,0,0,120,121,94,122
16,Medium,19,1,0,159,168,57,161
18,High,20,1,0,133,143,96,138
14,Medium,28,1,0,163,156,66,166
14,Low,22,1,0,135,124,55,127
13,Low,19,1,0,134,125,37,137
19,High,24,0,0,132,143,116,135
8,Low,37,0,1,133,145,29,149
16,Medium,30,1,0,130,128,72,130
8,Medium,33,1,0,163,172,62,165
17,High,29,1,0,165,177,90,183
17,Low,20,0,0,172,168,40,164
18,Medium,25,0,0,168,160,76,158
18,Low,33,0,0,186,178,52,185
11,Low,28,0,0,136,135,41,129
12,High,27,1,0,144,145,100,140
17,High,19,0,0,181,193,105,194
12,Medium,20,1,0,182,182,72,174
17,Low,40,1,0,190,195,33,203
15,Medium,27,0,0,151,156,70,166
17,Low,24,1,0,123,133,27,131
19,Low,21,1,1,130,121,38,131
15,Medium,28,1,0,122,122,78,134
19,Low,22,0,0,176,170,40,164
12,Medium,21,1,0,187,192,69,197
13,Low,20,1,0,165,177,33,182
11,High,32,1,0,126,128,117,137
8,Medium,18,1,0,155,164,65,176
18,High,25,0,0,140,150,93,142
11,Medium,26,1,0,167,166,76,173
8,Medium,18,1,0,179,190,75,196
12,Medium,21,0,0,176,174,77,182
17,Low,34,0,0,155,153,52,148
11,High,35,1,0,148,157,99,163
16,Medium,37,1,0,123,135,76,137
13,Medium,28,1,0,172,176,72,188
10,Low,29,0,0,132,133,50,141
8,Low,19,1,0,151,150,46,150
10,Medium,29,1,0,159,150,64,151
15,Low,22,1,0,166,155,49,148
9,Low,28,1,0,182,191,32,201
16,High,36,0,0,149,142,112,134
9,High,38,0,0,158,154,116,151
12,Low,21,0,0,164,174,46,174
17,High,18,0,0,136,128,88,129
15,High,32,1,0,179,183,109,193
12,High,37,1,0,173,170,102,172
16,High,38,0,0,147,149,118,151
12,High,34,1,0,175,176,103,173
9,Medium,40,0,0,187,195,58,192
14,Medium,28,0,0,130,136,64,143
10,Medium,23,0,0,127,124,78,131
8,Medium,23,0,0,146,150,69,146
8,Medium,35,1,0,189,198,74,204
11,High,36,1,0,178,177,111,178
19,Medium,25,1,0,168,169,72,163
10,Medium,25,0,0,166,160,69,172
9,Low,20,1,0,154,145,44,141
15,High,31,0,0,164,157,109,154
11,Medium,20,1,1,150,156,67,150
14,High,28,1,0,181,188,86,188
16,Low,38,1,0,143,139,26,141
18,High,35,1,0,143,151,119,158
8,High,33,1,0,158,150,106,160
9,Low,32,1,0,120,129,44,135
16,Medium,21,1,0,159,167,80,175
9,Medium,31,0,0,146,142,62,148
8,Low,20,1,0,121,114,45,125
14,Low,29,1,1,151,162,39,172
17,Medium,30,0,0,149,156,76,154
19,Low,25,1,0,148,158,55,153
12,Medium,21,0,0,133,131,68,124
12,High,32,0,0,122,118,100,118
8,Low,39,1,0,159,154,38,146
10,Medium,39,0,0,130,133,77,127
8,Low,35,1,0,128,128,27,132
19,Low,38,0,0,179,189,53,195
15,Low,26,0,0,156,151,55,163
16,High,38,1,0,186,185,92,189
9,Low,35,1,0,120,121,46,125
12,High,21,0,0,167,161,103,156
17,High,22,0,0,154,158,112,157
16,Low,18,1,0,162,155,41,147
12,Medium,31,1,0,154,160,84,167
10,Low,34,1,0,172,182,55,176
11,Medium,34,0,1,172,168,68,177
11,High,25,0,0,124,122,114,120
8,Low,20,0,0,146,142,36,142
11,Medium,35,1,0,132,125,57,126
19,Medium,20,1,0,151,158,85,169
8,High,37,0,0,140,130,94,129
13,Low,35,1,0,164,172,47,166
11,Medium,23,1,0,159,162,69,167
17,Low,37,0,0,150,152,36,147
14,High,20,1,0,188,184,98,178
19,High,23,1,0,122,114,98,124
11,Medium,40,1,0,135,142,60,134
12,Medium,39,1,0,163,173,64,167
17,Medium,36,0,1,137,149,74,144
19,Low,24,0,1,164,164,45,161
12,Medium,33,1,0,131,131,66,137
13,Low,33,0,1,163,161,31,161
15,Low,34,1,0,152,142,53,149
17,Medium,29,0,0,190,188,70,190
10,Low,33,1,0,139,127,32,129
12,High,18,1,0,186,183,98,188
17,Low,34,0,1,181,193,33,200
12,Medium,31,1,0,123,114,76,110
13,Medium,28,0,0,147,138,58,139
11,High,25,0,0,133,136,112,133
15,Low,22,0,0,181,180,39,187
11,Low,32,0,0,157,157,39,156
10,High,30,1,0,189,194,116,197
9,Medium,34,1,0,187,175,57,177
16,Medium,40,0,1,158,157,58,164
11,High,25,0,1,147,155,104,149
19,Low,29,1,0,134,128,39,131
18,Low,20,1,0,149,156,38,159
13,High,37,0,0,133,127,97,124
10,Medium,24,1,0,141,131,61,127
11,Low,29,1,0,165,176,29,169
9,Low,40,1,0,158,170,37,180
9,High,26,1,0,128,134,106,128
18,Medium,35,1,0,168,171,71,174
9,Medium,27,0,0,156,147,80,139
13,Low,22,0,0,164,156,33,162
17,Medium,19,1,0,139,151,80,151
12,Low,36,1,0,152,158,46,150
8,Low,20,0,0,158,163,42,167
11,Low,31,0,0,173,174,45,180
18,Low,22,0,0,144,149,53,148
16,High,24,1,0,128,130,87,127
15,Medium,18,0,0,185,185,62,191
18,High,18,0,0,181,179,88,190
11,High,18,1,0,166,173,94,184
8,High,35,1,0,144,139,116,143
18,Medium,26,0,0,154,164,69,173
15,Medium,25,0,0,152,147,75,154
8,Medium,22,0,0,169,168,70,161
13,High,22,0,0,164,152,103,164
18,High,26,1,0,163,168,113,179
14,Medium,36,0,0,123,112,63,113
8,Medium,24,0,1,171,164,69,175
12,Medium,18,1,0,145,148,77,150
17,High,20,0,0,145,156,109,157
10,High,23,1,0,120,121,90,129
8,High,23,1,0,182,174,115,169
16,Medium,30,0,0,170,169,69,178
15,Medium,24,1,0,175,186,72,179
8,Medium,36,0,0,164,167,72,177
11,High,30,1,0,148,152,105,155
9,High,24,1,0,121,130,109,130
12,High,30,0,0,144,150,90,161
15,Low,36,0,0,161,166,53,169
12,Low,37,1,0,190,180,33,186
19,Medium,36,0,1,180,171,69,176
17,Medium,35,0,0,172,179,58,191
17,Medium,31,0,0,124,127,73,138
8,High,39,0,0,133,121,117,127
16,High,31,0,0,181,170,116,171
19,Low,19,0,0,143,144,42,150
14,Medium,34,1,0,189,194,65,203
19,Medium,38,1,0,127,136,65,148
8,Medium,38,1,0,148,152,69,147
13,Medium,27,1,0,176,175,84,172
10,High,22,0,0,185,173,104,180
14,Medium,39,0,0,170,160,60,163
14,Medium,33,1,0,167,167,70,159
13,High,22,1,0,146,146,106,142
12,Medium,18,1,0,122,121,61,132
15,High,25,1,0,130,123,120,119
16,Medium,35,1,0,171,174,64,177
19,Medium,35,0,0,182,175,73,176
11,Low,35,1,0,187,186,55,182
14,High,40,0,1,163,171,101,166
10,High,23,1,0,159,161,87,164
11,High,37,0,0,129,141,89,149
8,High,23,1,0,133,122,90,133
14,Medium,38,1,0,159,153,72,146
16,Medium,26,1,0,173,183,72,180
15,Medium,29,0,1,173,164,81,173
9,Medium,24,1,0,129,133,81,128
16,High,38,0,0,132,134,106,132
18,Medium,33,1,0,184,195,68,193
19,Low,23,1,0,144,140,54,144
12,High,31,1,0,186,186,101,179
15,Medium,34,1,0,140,145,63,156
13,Low,26,1,1,147,135,52,127
15,High,22,0,0,176,175,118,172
10,High,30,1,0,156,164,111,173
9,High,31,0,0,151,162,89,166
13,High,19,1,0,153,160,89,164
15,Low,21,0,0,135,145,33,157
10,Medium,38,0,0,147,141,59,147
17,Low,36,1,0,151,145,32,141
15,Medium,37,0,0,122,127,64,126
12,Medium,20,0,1,161,171,70,165
9,Medium,26,0,0,162,161,85,164
9,High,40,1,0,120,128,86,140
19,Medium,24,1,0,181,182,70,177
9,Medium,34,1,0,143,142,74,147
13,Medium,39,1,0,167,168,57,163
14,Medium,40,0,0,153,146,57,139
8,High,31,1,1,142,140,89,144
16,High,22,0,0,179,171,106,167
12,Low,22,1,0,186,182,47,184
14,High,27,0,0,179,186,118,188
13,High,30,0,0,182,183,98,177
10,High,30,1,0,150,149,104,158
10,High,22,0,0,188,178,107,179
13,High,39,0,0,164,175,118,181
11,Low,29,1,0,172,176,28,174
15,Low,29,1,0,130,137,42,130
15,Medium,26,0,0,164,164,62,167
10,High,36,0,0,179,188,112,192
15,High,20,1,0,124,131,108,142
16,High,39,0,0,160,163,118,159
12,Medium,39,1,0,169,175,68,186
14,Low,37,1,0,153,144,39,142
17,High,25,1,0,166,173,97,175
11,Low,19,1,0,169,158,32,154
8,Medium,19,1,0,179,169,63,174
19,Low,33,0,0,139,143,42,144
8,Low,31,1,0,164,155,44,149
16,Low,27,0,1,170,182,39,176
11,Medium,29,1,0,163,167,82,160
9,Medium,36,1,0,134,130,83,129
12,High,26,0,0,155,163,103,171
13,High,34,1,0,165,165,108,174
12,Low,20,0,0,155,153,42,161
17,Medium,33,0,0,125,128,75,138
10,Medium,34,1,1,179,176,75,175
15,Low,32,0,0,168,168,49,173
11,Medium,34,1,0,120,110,72,110
16,Medium,26,0,0,167,161,72,162
17,Medium,19,0,1,145,148,78,142
8,High,38,0,0,133,126,102,126
13,Medium,19,0,1,168,159,78,159
9,Medium,30,0,1,166,159,67,169
10,Medium,19,0,1,159,168,78,165
13,High,18,1,0,131,132,97,130
12,Low,25,0,0,161,162,25,174
16,High,32,1,0,159,158,105,153
17,Low,33,1,1,153,147,45,155
8,Low,30,1,0,143,134,40,128
14,High,29,0,0,165,156,119,166
17,High,33,1,0,147,141,96,143
13,High,21,1,1,167,177,109,183
9,Medium,27,1,0,131,127,57,131
15,High,20,0,0,124,130,99,133
15,High,19,1,0,148,144,120,139
14,High,33,0,1,149,156,97,160
14,High,27,0,0,176,172,103,175
16,Low,26,0,0,125,117,40,129
17,Medium,19,1,1,164,164,63,163
8,Low,32,0,0,144,146,25,141
14,Medium,23,0,0,130,125,83,136
16,Low,18,0,1,178,173,48,171
16,Low,35,1,0,131,142,42,142
17,Low,34,0,0,173,179,50,184
11,High,30,0,0,120,117,114,127
13,Low,32,0,0,155,159,27,163
12,Medium,18,0,1,123,115,65,122
10,Medium,39,1,0,176,165,84,162
15,Medium,33,0,0,182,178,56,181
17,Medium,27,0,0,181,190,69,194
8,Low,37,0,0,162,154,32,163
17,Medium,21,1,0,154,154,84,165
19,Medium,26,1,0,121,110,60,110
15,Medium,34,1,1,141,134,69,133
9,Medium,36,1,0,186,174,57,172
15,High,24,1,0,127,119,107,111
14,Medium,34,1,1,136,134,61,130
10,Low,20,0,0,133,123,55,126
12,Medium,30,0,0,156,163,78,156
14,Low,24,1,0,183,179,54,178
17,Medium,36,0,0,182,182,60,182
11,Medium,34,1,1,123,126,59,132
10,High,22,0,0,141,134,105,146
10,High,23,0,0,150,161,91,166
16,Low,19,1,0,125,119,27,116
11,Medium,33,0,0,160,152,78,162
8,High,20,1,0,171,180,120,188
12,Medium,24,0,0,184,178,57,177
11,Medium,28,1,0,163,168,61,161
9,Low,33,1,0,152,140,37,140
19,Medium,18,1,1,152,146,73,146
19,High,40,1,0,142,135,95,138
15,Medium,30,0,0,184,182,60,188
15,Low,40,1,0,148,160,25,166
13,High,29,1,0,126,129,111,137
19,High,25,0,0,156,157,119,157
16,High,23,1,0,133,130,110,128
8,Medium,38,1,1,136,125,69,119
10,Low,32,1,0,138,148,40,141
13,Low,32,0,0,150,157,30,155
19,Low,40,0,0,137,143,48,154
11,High,37,0,0,131,136,90,135
14,Medium,32,1,0,186,190,64,201
12,Medium,20,1,0,128,130,81,131
14,Medium,23,0,0,148,140,66,132
17,Medium,32,0,0,150,142,79,137
8,Low,28,1,0,120,110,25,117
11,Medium,28,0,0,129,138,82,130
11,High,25,0,0,149,141,96,135
16,High,20,0,0,181,186,116,188
14,High,26,1,0,133,128,106,132
10,Medium,22,0,0,161,151,79,149
16,High,24,1,0,154,157,111,167
18,Low,22,0,0,188,197,54,197
12,High,28,1,1,136,146,94,143
15,Medium,22,1,1,190,187,57,183
18,Medium,18,1,0,146,152,84,154
15,High,26,1,0,189,199,120,207
12,High,33,0,0,178,178,99,177
17,High,23,1,0,180,176,113,173
11,High,29,0,0,137,132,101,124
19,Low,28,0,0,159,168,46,171
16,Medium,21,0,0,166,175,83,180
8,High,32,0,0,147,156,89,161
17,Low,34,0,0,129,117,53,111
8,Low,32,0,0,128,131,48,138
18,Medium,35,1,0,125,136,70,131
19,Medium,22,1,0,189,189,78,192
19,High,37,1,0,158,164,92,161
18,Medium,27,0,1,176,181,79,178
16,Low,27,1,1,186,181,32,193
16,Low,35,1,0,174,174,47,177
10,Medium,32,0,0,153,161,71,168
18,Low,18,0,0,164,166,37,160
18,Low,36,1,0,176,187,40,180
16,High,26,1,0,160,157,111,157
11,High,36,1,0,121,113,94,119
9,Medium,30,1,0,175,168,78,167
9,High,39,0,0,122,124,120,116
14,Low,20,0,0,129,137,46,133
15,Low,32,1,0,190,182,43,185
11,Low,28,1,0,184,174,32,171
19,Medium,32,0,1,183,174,74,182
13,High,32,0,0,126,120,119,124
18,High,33,0,0,142,134,115,138
17,High,33,1,0,147,142,117,148
16,Low,33,1,0,166,175,38,169
19,High,32,0,0,170,175,118,172
18,High,36,1,1,151,141,117,134
16,Low,23,1,0,131,130,34,126
9,Medium,23,0,0,125,127,64,127
16,Low,40,1,0,180,186,49,198
19,Medium,20,1,0,129,124,77,125
9,Low,19,1,0,140,139,36,138
13,High,35,0,0,147,151,88,158
13,Medium,25,1,0,166,173,79,185
18,Medium,21,0,0,152,145,71,157
17,High,25,0,0,126,130,97,141
12,Low,19,0,0,128,132,48,144
12,High,37,1,0,164,163,116,155
10,Medium,35,1,1,183,180,68,178
9,Low,29,0,0,126,114,38,126
14,Medium,24,1,0,183,194,76,206
16,Medium,29,1,0,172,160,68,162
16,Medium,18,0,0,126,125,59,136
17,Medium,39,0,0,165,154,69,158
14,Medium,32,0,0,152,157,74,157
16,Low,30,1,0,145,153,55,165
12,Medium,29,1,0,149,156,78,149
11,Medium,34,1,0,127,124,81,127
16,Low,33,1,0,186,185,48,188
12,Low,37,1,0,173,171,31,164
10,High,21,1,0,131,127,103,135
18,Low,26,1,0,183,174,53,180
19,Medium,38,1,0,133,137,72,143
10,Medium,32,1,0,136,129,85,128
17,Medium,26,0,0,121,130,78,138
13,Medium,20,0,0,121,132,68,130
18,Medium,18,0,0,131,129,74,130
19,Low,30,1,0,130,124,25,122
8,Low,27,1,0,158,164,44,174
8,Medium,35,1,0,172,182,68,186
15,High,29,0,0,149,137,117,133
11,Medium,28,0,0,143,144,82,143
11,Low,38,1,0,130,139,38,133
17,Low,27,1,0,189,192,50,187
18,High,19,0,1,178,175,111,179
11,Low,32,0,0,161,166,36,162
16,Medium,40,1,0,166,155,74,149
17,High,27,1,0,171,171,91,163
9,Low,30,0,0,128,124,36,127
10,Low,21,0,0,174,183,26,194
11,Low,21,1,0,172,173,28,183
17,Medium,37,1,0,123,129,56,125
17,Medium,40,1,0,169,168,62,169
19,Medium,20,1,0,120,131,72,135
10,Medium,33,1,0,160,161,65,153
8,High,35,1,0,168,175,116,173
13,Medium,34,1,0,134,134,73,135
18,Low,27,1,1,150,141,48,152
8,Low,20,1,1,123,129,25,129
10,Medium,31,1,0,187,194,76,191
10,Medium,22,0,0,147,152,75,145
15,Medium,25,0,0,146,144,68,140
16,High,36,0,0,170,171,89,166
19,Medium,20,0,0,168,178,81,170
15,High,40,0,0,121,124,87,122
8,Low,37,0,0,174,183,54,181
13,Low,36,1,0,142,144,51,150
19,High,34,0,0,133,128,102,123
12,Low,40,1,1,123,125,52,120
16,Low,39,1,1,148,147,45,149
13,Low,39,1,0,171,177,31,175
15,High,31,1,0,145,152,100,161
14,High,24,1,0,137,129,89,121
13,High,34,1,0,124,112,95,117
18,High,33,1,0,145,146,90,147
16,Medium,38,0,0,163,171,64,181
11,Low,36,1,0,141,153,37,148
10,High,28,0,1,162,164,92,165
16,Medium,19,1,1,189,196,75,200
9,High,36,0,0,163,158,86,169
18,Low,34,1,0,181,186,29,181
10,High,37,0,0,173,174,91,173
15,High,26,0,0,173,168,106,165
19,Medium,33,1,0,151,143,83,141
8,High,40,1,0,174,172,106,173
16,Low,36,0,0,129,137,30,140
18,High,38,1,0,150,160,96,155
17,High,33,0,0,175,184,102,192
19,High,24,1,0,167,178,101,187
13,Medium,28,0,0,162,157,80,168
17,Low,26,0,0,167,161,38,168
10,Low,28,1,0,147,157,26,152
18,Medium,26,1,0,189,184,83,193
13,Low,23,0,0,152,147,41,152
14,Low,29,0,0,155,166,55,164
8,Medium,18,1,0,125,125,71,117
16,Medium,22,1,0,140,145,57,142
19,High,24,1,0,184,184,94,182
12,Medium,35,1,0,151,149,61,149
18,Low,31,1,0,153,164,53,174
14,High,40,1,1,155,147,120,157
19,Low,21,0,0,150,148,38,143
11,Medium,36,0,0,136,144,60,137
11,Medium,21,0,0,181,193,70,195
9,Low,20,1,1,168,163,47,166
17,Medium,32,0,0,138,127,70,134
17,Medium,19,0,0,164,175,75,175
14,Low,19,0,0,131,120,38,131
19,Medium,19,0,0,171,161,60,155
17,Medium,32,1,0,141,152,79,151
16,High,40,0,0,139,140,96,138
10,Low,36,0,0,121,128,36,123
11,Medium,36,1,0,180,174,63,167
16,Medium,32,0,0,137,142,85,153
10,Low,33,1,0,128,123,54,128
11,Medium,19,0,0,133,125,78,119
9,Low,28,1,0,174,171,43,163
10,Medium,24,0,1,172,162,79,174
13,High,22,0,0,125,135,102,145
8,Low,28,0,0,137,136,55,142
8,Low,26,1,0,188,199,26,200
8,Low,22,1,0,174,163,40,167
10,Low,39,1,0,120,111,37,117
17,High,25,1,0,186,181,95,186
11,Low,28,1,0,163,169,30,161
13,Medium,37,0,0,168,162,70,154
17,Medium,19,0,1,156,146,75,157
14,Medium,33,0,0,181,174,85,182
19,Medium,38,0,0,163,159,64,170
10,High,33,1,0,163,164,86,176
11,Low,20,1,0,181,185,33,194
8,Medium,35,0,0,123,121,66,124
18,Medium,26,1,0,170,180,82,187
14,Low,38,1,0,184,184,44,184
16,Low,27,1,1,167,169,47,166
12,High,30,0,0,161,165,107,171
18,Low,30,1,1,128,128,25,135
12,High,21,0,0,136,144,90,149
14,Medium,20,0,1,144,156,85,161
17,Low,36,0,0,185,173,27,182
13,High,24,0,0,189,201,97,210
17,Medium,24,1,0,123,122,68,134
12,Low,37,0,0,163,161,38,165
17,Low,38,0,0,172,177,51,177
15,Low,23,1,0,120,114,38,123
18,Low,27,1,0,138,134,38,131
19,High,27,0,0,137,139,89,144
15,High,25,0,1,120,120,98,114
11,Low,39,1,0,151,154,46,160
14,Low,18,0,0,189,187,36,194
18,Medium,25,1,0,184,181,66,178
11,Medium,38,0,0,128,118,77,120
19,Medium,38,1,0,170,180,75,173
15,High,27,0,0,188,187,86,197
13,Medium,31,0,0,181,192,65,195
19,Medium,37,1,1,189,198,73,201
18,Low,21,1,0,165,156,27,155
10,Medium,24,0,0,140,144,59,155
9,Low,39,1,0,167,166,40,169
16,Low,31,0,1,129,131,53,141
18,Low,26,1,0,171,175,47,172
18,Medium,32,0,0,130,131,72,143
8,Medium,35,1,0,121,130,77,129
9,Low,34,1,0,120,129,30,125
9,High,36,0,0,139,130,114,133
12,Low,19,0,0,176,185,39,190
12,Low,25,0,0,153,154,29,149
10,Low,26,0,0,154,145,36,140
14,Low,29,0,0,123,124,45,120
14,Medium,34,1,0,134,132,62,134
9,Medium,21,0,0,131,142,69,138
9,Low,23,0,0,156,157,30,161
14,High,35,0,0,162,168,110,167
13,Low,29,1,0,174,179,53,175
13,Low,32,0,0,157,146,48,153
15,Medium,30,0,0,133,123,57,134
16,Medium,39,1,0,167,171,84,171
15,Medium,25,1,0,175,164,69,174
10,Medium,29,1,0,180,189,57,192
15,High,34,0,0,136,124,98,136
14,High,23,1,0,165,171,103,169
16,Low,39,0,0,190,196,28,197
10,High,33,1,0,178,178,106,187
10,Low,38,1,0,171,168,49,165
13,High,36,1,0,131,125,102,130
10,High,30,1,1,156,158,118,158
17,Medium,31,0,0,151,148,82,154
9,High,34,1,0,129,126,116,122
8,Low,34,0,0,152,149,47,148
10,Low,19,0,0,132,121,40,129
19,Medium,23,1,1,122,116,63,126
16,Low,25,0,1,147,157,28,162
10,High,25,0,0,168,164,109,159
15,Medium,27,1,0,142,148,85,140
19,Medium,38,1,0,134,132,64,130
14,High,40,1,0,188,195,104,190
14,High,20,0,0,172,166,86,177
18,Medium,36,0,0,163,156,74,153
15,Medium,26,1,0,121,117,61,124
19,High,22,1,0,170,175,94,168
11,High,21,0,0,174,175,119,182
15,High,37,0,1,132,135,117,138
9,Medium,32,0,0,125,117,78,111
10,Low,25,1,0,178,176,33,176
16,Low,24,1,0,178,187,55,185
14,High,24,0,0,163,158,92,153
13,High,18,0,0,173,170,88,174
16,Medium,25,1,0,145,142,61,134
14,High,28,0,1,137,141,119,145
9,Medium,40,0,1,127,131,56,142
15,Medium,18,1,0,146,141,70,134
17,High,39,1,0,136,128,92,128
19,Low,35,1,0,188,197,31,196
13,Medium,40,1,0,180,180,57,184
19,High,32,1,0,131,140,114,136
18,Medium,31,1,0,175,167,56,160
15,Low,35,0,0,162,171,32,164
16,Medium,39,1,0,156,145,56,147
18,Medium,27,1,0,169,162,68,162
8,High,38,1,0,147,157,95,158
15,Medium,24,0,0,179,181,76,180
15,Low,27,0,0,173,171,42,181
12,Medium,27,0,0,163,174,78,185
14,Medium,40,0,0,174,163,82,172
11,High,25,1,0,170,164,102,158
18,Medium,32,0,0,136,139,72,141
17,Low,29,0,1,120,119,36,118
19,High,38,0,0,124,135,105,145
13,Medium,20,1,0,189,179,82,188
16,High,32,1,0,130,123,103,134
15,Medium,27,1,1,173,166,56,158
14,Medium,30,1,0,128,129,68,132
18,Medium,23,0,1,175,176,78,177
10,Medium,35,0,0,164,157,69,162
16,Low,24,0,0,185,179,51,191
8,Low,24,1,0,176,181,42,183
9,High,23,0,1,134,124,118,124
14,Low,27,0,0,157,166,44,171
16,High,31,1,0,143,135,87,128
9,High,34,0,0,155,163,104,159
19,High,38,1,1,174,170,107,169
19,Medium,38,1,0,120,114,64,124
14,High,39,1,0,189,184,89,183
8,Medium,40,0,0,131,130,61,126
15,High,19,0,0,171,168,89,168
13,Low,33,0,1,158,170,41,167
17,Low,40,0,0,154,148,44,154
15,Medium,39,1,1,149,151,77,147
17,Medium,33,0,0,152,152,61,156
13,Low,24,1,1,158,157,44,156
11,Low,34,1,0,164,161,32,159
16,Medium,32,1,0,176,174,72,182
11,Medium,25,0,0,160,169,60,179
14,Medium,33,1,0,128,117,79,123
8,High,36,1,0,173,170,92,182
16,Low,33,0,0,156,154,52,149
11,High,35,0,0,184,179,118,171
15,Low,28,1,0,148,148,49,152
18,Low,28,1,0,134,131,50,125
19,Low,23,1,0,122,130,46,139
18,High,18,1,0,180,170,111,178
14,Medium,36,0,0,146,138,72,135
17,Low,34,1,0,136,140,45,138
16,Low,40,1,0,186,184,33,190
14,Medium,35,1,0,143,137,76,139
19,High,37,0,0,128,136,93,145
19,Low,22,0,1,120,113,28,121
8,High,19,0,0,185,196,119,191
10,High,25,0,1,157,163,88,170
12,Low,34,1,0,170,160,48,162
15,High,28,1,0,147,150,93,155
16,High,36,1,0,183,187,90,188
10,Medium,36,1,0,186,180,77,175
17,Low,21,1,1,182,192,53,195
13,Low,28,1,0,161,158,25,158
11,High,31,1,0,172,180,96,186
10,Low,37,1,0,186,184,39,186
14,Low,26,1,0,123,115,49,117
17,Medium,38,1,0,163,169,64,176
10,Medium,25,0,0,140,144,80,153
10,Medium,22,1,0,120,114,83,122
8,Low,34,0,0,160,154,50,162
18,High,35,1,1,138,141,100,147
10,High,23,0,1,150,156,119,148
16,High,28,1,0,139,136,94,146
15,High,37,0,1,181,184,110,193
15,High,37,1,0,180,172,103,184
13,High,39,1,0,127,129,95,140
12,Low,25,1,1,131,126,45,120
17,Medium,35,1,0,132,132,58,130
15,Low,18,1,1,166,164,28,160
19,Medium,25,0,0,126,124,64,132
13,High,37,0,0,169,170,107,169
12,High,38,1,0,122,130,88,127
15,Low,23,1,0,162,171,34,166
18,High,26,1,0,166,178,95,182
18,High,24,0,0,123,131,113,129
9,High,33,1,0,135,141,106,140
16,Medium,24,1,0,177,187,60,187
14,Low,25,1,0,149,149,53,143
14,Low,28,0,0,179,177,54,179
13,Medium,35,0,1,154,158,83,164
8,High,37,0,0,165,155,86,166
8,Low,21,1,0,123,128,54,136
8,Medium,30,1,0,172,184,60,185
12,Low,26,1,0,175,184,28,193
15,Low,24,1,0,165,159,26,156
8,High,26,1,1,146,145,104,149
18,High,27,1,0,173,161,94,166
15,High,25,1,0,156,156,120,160
17,Low,18,1,0,165,176,44,174
17,Low,28,1,0,163,166,52,165
12,Medium,22,1,0,159,170,77,177
9,Medium,34,1,0,182,192,63,202
14,Medium,36,0,0,143,151,73,157
11,Medium,18,0,0,135,139,80,146
8,Low,31,1,0,153,151,50,151
15,High,25,0,0,152,160,117,172
18,Low,27,1,0,167,161,38,153
19,Medium,38,0,0,143,139,66,139
11,Medium,40,1,0,164,161,80,166
10,Low,21,1,0,164,158,43,166
19,Low,18,1,0,133,123,35,122
10,Low,18,1,0,177,170,31,173
14,High,20,0,0,138,127,105,133
16,High,32,0,0,187,178,112,171
13,High,34,1,0,166,167,115,165
16,Low,26,0,0,176,172,35,173
11,Medium,26,0,0,148,153,82,156
12,Medium,29,0,0,140,132,81,134
19,Low,19,0,1,163,157,48,168
15,Medium,31,0,0,157,146,76,157
15,Low,38,0,0,170,171,33,178
8,Medium,40,1,0,166,171,65,175
8,Medium,29,1,0,138,148,66,151
12,Low,24,0,1,130,135,28,135
8,Medium,39,0,1,164,176,62,180
19,High,23,1,0,145,153,90,165
17,Low,24,1,0,175,172,44,171
9,High,20,0,0,171,173,93,180
15,High,36,1,1,166,156,97,152
19,High,33,0,0,173,180,101,190
19,Low,21,1,0,132,135,33,130
9,Low,36,0,0,186,197,42,191
10,Medium,22,0,0,166,175,79,172
14,Medium,22,0,1,184,187,74,196
13,Medium,40,0,0,142,151,67,147
13,Medium,31,0,0,146,148,67,146
9,Medium,22,1,1,161,155,67,153
14,High,27,0,0,168,175,93,182
19,Low,31,1,1,149,150,50,151
16,Low,38,0,0,169,164,42,156
14,Low,24,1,0,177,175,38,169
9,High,33,1,0,137,136,101,128
10,Medium,25,1,0,141,130,57,136
10,Low,30,0,0,128,128,31,133
11,Medium,31,1,0,176,176,79,179
13,High,22,0,0,162,160,92,156
18,Medium,31,0,0,143,145,61,155
8,Low,21,1,0,134,123,55,122
9,Medium,33,1,0,176,164,61,166
19,Low,38,1,0,175,176,48,187
19,Medium,31,0,0,164,156,83,163
18,Medium,31,0,0,159,165,65,160
10,High,20,0,0,127,131,93,142
18,Medium,31,1,0,121,130,64,130
13,High,29,0,0,137,136,104,143
8,Medium,29,0,0,120,131,70,142
12,High,20,1,1,186,174,102,168
15,Low,38,1,0,126,120,42,121
13,Low,32,1,0,170,167,43,166
13,High,33,1,0,187,195,118,205
15,Medium,30,0,0,153,150,82,142
19,High,21,1,0,124,114,102,122
8,Medium,34,1,1,129,130,72,123
16,High,25,0,0,120,117,96,119
18,Low,29,0,0,172,176,54,181
8,High,18,0,1,135,137,96,131
10,Medium,26,1,0,183,192,65,200
16,Low,22,1,0,135,124,53,128
16,High,28,1,0,132,143,117,135
19,Medium,18,0,0,183,179,80,179
13,Medium,35,0,0,130,135,84,130
19,Low,40,1,0,155,152,46,159
19,Low,40,1,0,145,155,43,162
9,High,25,0,0,120,114,89,122
17,Low,28,1,0,154,157,43,162
11,High,33,1,0,156,156,110,150
9,Medium,34,0,0,173,173,68,178
11,Low,31,0,0,179,173,36,182
10,Medium,32,0,0,165,169,56,166
19,Low,31,0,0,170,176,44,172
8,Medium,37,1,0,167,176,83,177
12,Medium,29,1,1,148,139,56,144
10,Medium,22,1,0,182,171,70,164
17,Low,40,1,0,161,164,51,174
13,High,33,0,0,183,182,113,186
11,Low,18,1,0,160,148,49,146
15,Medium,38,0,0,186,198,61,206
10,High,19,0,0,157,155,98,161
19,Medium,36,1,1,190,178,78,174
12,Medium,40,1,0,154,163,80,169
8,Medium,27,1,0,183,178,71,187
18,Low,40,1,0,174,182,35,183
16,Medium,25,1,0,162,163,78,157
15,Medium,21,0,0,161,150,56,151
11,Medium,18,1,0,161,168,59,166
8,High,27,1,0,146,152,117,152
13,High,23,0,0,154,151,106,154
16,High,29,0,0,174,162,97,164
19,Medium,37,0,1,140,148,59,154
12,High,25,0,0,156,158,102,159
19,Low,19,1,0,150,147,34,139
19,High,40,1,1,144,144,97,156
15,Medium,23,0,0,125,125,84,130
8,Medium,19,0,0,121,131,78,136
18,Low,37,1,0,128,123,49,134
16,Low,23,0,0,135,127,31,129
8,High,27,1,1,130,136,100,147
12,Low,26,1,0,152,161,48,161
19,Low,32,0,0,146,143,40,155
13,Low,39,1,0,167,163,44,171
14,Medium,25,1,0,172,173,61,168
10,High,29,0,0,120,132,111,130
17,Medium,23,0,0,167,170,75,168
11,Low,31,0,0,166,158,47,155
15,Low,22,0,0,174,166,46,166
18,Low,30,0,0,147,139,42,142
19,Low,37,1,0,131,127,53,131
15,Medium,39,0,0,159,157,67,168
12,Medium,25,1,0,161,152,84,161
10,Medium,35,1,0,180,185,57,183
13,Medium,39,0,1,150,152,85,162
17,Medium,27,1,0,140,140,58,134
12,Medium,30,1,0,145,157,82,154
13,Medium,36,1,0,120,110,72,110
18,Low,21,1,0,189,193,52,200
19,Low,24,0,0,121,127,25,121
15,High,18,0,0,129,134,120,135
8,Medium,31,0,0,154,145,85,137
12,Low,18,0,0,132,123,47,126
11,Medium,26,1,0,168,164,57,159
19,Medium,32,0,0,178,183,66,191
17,Medium,23,1,0,165,166,69,165
15,Medium,19,1,1,184,174,60,178
19,Medium,36,0,0,187,194,65,192
10,High,35,0,0,131,128,101,123
11,Medium,28,1,0,147,159,66,157
15,Low,31,0,0,183,177,31,186
9,Low,21,1,0,170,182,25,178
16,Medium,38,0,0,158,147,74,155
17,Medium,37,1,1,132,137,65,146
12,Medium,20,0,0,189,190,63,186
9,High,19,0,0,176,167,98,173
17,Low,21,0,0,130,131,34,141
15,Medium,32,0,0,162,153,80,155
17,Medium,27,1,1,169,173,81,173
13,Medium,35,0,0,173,167,78,163
16,Medium,29,1,0,161,170,78,179
18,Medium,29,0,0,171,166,57,170
17,Low,33,1,0,185,174,43,182
18,High,20,1,0,167,175,99,182
9,High,26,0,0,168,173,112,169
10,Medium,37,0,0,186,190,61,194
19,Medium,25,1,0,171,180,82,186
17,High,35,1,0,124,118,101,122
9,Medium,31,1,0,184,184,57,181
13,High,26,1,1,139,137,99,142
14,Low,29,0,0,162,163,34,167
16,Medium,19,0,1,140,137,77,130
14,High,38,0,0,127,119,117,126
15,Medium,34,0,0,152,158,83,152
15,High,26,0,0,149,139,89,140
14,High,19,1,0,169,161,108,158
8,Medium,37,1,0,188,197,80,206
13,Low,27,0,0,174,177,34,171
10,Low,25,0,0,144,152,49,158
18,High,27,1,0,184,172,88,179
18,Low,21,0,0,189,200,52,208
10,Medium,32,1,0,164,166,67,175
17,High,24,1,0,164,163,98,175
10,High,37,1,0,124,114,112,110
18,Medium,40,0,0,149,140,66,136
14,High,18,0,0,155,165,111,174
11,Low,24,1,0,155,151,38,149
8,Medium,18,1,0,154,145,82,153
17,Low,28,1,0,139,137,53,144
14,Medium,35,0,0,125,137,84,147
13,Low,26,1,1,124,136,53,143
16,Low,31,0,1,120,128,29,140
8,High,30,1,0,175,170,98,179
16,Low,40,0,0,184,188,45,191
13,Medium,36,0,0,143,146,57,154
14,Low,37,0,0,163,159,35,154
17,Medium,24,1,1,167,173,83,184
12,Low,18,1,0,149,140,47,134
19,Medium,21,1,0,186,178,62,173
15,High,19,1,0,163,161,99,165
19,Medium,34,1,0,153,150,69,156
8,Medium,29,1,1,158,157,76,157
18,Low,35,1,1,178,179,51,178
14,High,21,0,0,139,132,119,128
18,High,36,0,0,182,188,88,197
9,Medium,35,0,0,126,135,69,140
12,Medium,39,0,0,187,187,68,182
10,Medium,34,1,0,122,125,76,122
16,Medium,36,1,0,168,164,80,167
16,Low,29,0,0,172,175,45,170
13,High,32,0,0,141,153,117,165
8,Low,27,0,0,147,141,40,147
16,Low,35,1,1,153,146,50,150
10,High,33,1,0,163,174,107,172
16,High,38,0,0,141,150,96,153
12,Medium,28,0,0,134,126,81,133
12,Low,19,0,0,161,163,54,169
8,High,25,1,0,153,164,87,170
17,Medium,38,1,0,180,177,60,179
18,High,31,0,0,188,189,101,194
11,High,36,0,1,148,148,97,156
15,Low,26,1,0,125,123,29,115
14,Medium,22,0,0,180,176,83,180
9,Low,32,0,0,152,159,48,170
19,Medium,18,0,0,151,159,75,153
16,Medium,34,1,0,151,145,65,157
8,High,35,0,0,136,148,113,142
11,Medium,27,0,0,171,183,71,179
15,Low,28,1,0,187,178,36,182
16,Medium,33,0,0,178,176,69,181
19,High,38,0,0,157,155,104,159
11,High,26,0,0,186,182,93,175
9,Medium,36,0,0,164,157,76,156
11,High,36,1,0,171,175,108,184
8,High,34,0,0,148,150,110,142
14,Medium,34,0,0,124,131,58,134
13,Low,35,1,0,132,131,26,124
15,Medium,38,1,0,150,152,69,159
8,High,21,1,0,149,154,88,157
13,High,32,0,0,134,142,99,154
12,Low,30,0,0,130,136,28,130
13,High,28,1,0,155,153,98,154
17,Low,19,0,0,171,177,48,189
13,Medium,31,1,0,138,140,79,132
8,High,36,1,0,121,126,97,128
14,Medium,26,0,0,162,155,67,150
14,Medium,18,1,0,175,174,60,172
8,Medium,33,0,0,179,177,58,182
15,Low,25,0,0,122,121,38,121
18,Medium,32,0,0,147,146,56,145
10,Medium,28,0,0,158,150,69,147
19,Low,31,1,0,159,167,31,160
17,Medium,20,0,0,188,193,61,205
8,Medium,23,1,0,183,181,84,181
10,Low,19,0,0,137,142,26,136
15,Medium,21,0,0,126,120,60,119
14,Low,36,0,0,164,152,46,151
14,Medium,38,0,0,182,181,72,179
16,Medium,31,1,0,188,197,60,198
11,Medium,26,0,1,134,134,78,135
11,High,32,1,0,176,187,98,191
17,Low,27,0,0,121,131,34,140
15,Medium,35,0,0,169,157,67,153
16,High,38,0,0,160,151,93,161
11,Medium,35,0,0,149,156,81,157
12,Low,25,0,0,179,178,31,190
17,Low,31,1,0,186,189,45,191
14,Medium,24,1,0,160,151,62,154
12,Medium,22,0,0,156,145,78,150
19,Medium,18,1,0,147,150,77,146
10,Low,35,0,0,158,159,52,164
16,Low,19,0,0,161,164,39,166
11,Medium,34,1,0,140,151,67,158
15,Low,34,1,0,140,147,30,159
10,Low,36,0,0,155,163,49,171
10,Medium,27,0,0,138,133,62,125
19,Medium,28,1,1,144,137,62,142
8,Low,31,1,0,143,139,47,146
17,Medium,39,0,0,178,179,63,185
19,Low,23,0,0,162,152,38,144
8,Medium,28,1,0,162,166,85,177
17,Medium,19,0,0,143,142,56,134
10,Medium,20,0,0,189,185,85,189
18,Medium,37,0,0,189,177,76,188
17,High,38,1,0,189,201,97,211
8,Medium,30,0,0,185,196,60,208
12,High,29,1,0,120,122,88,126
8,High,24,1,0,143,138,89,139
11,Medium,33,1,0,173,181,66,193
9,Medium,40,1,0,151,150,78,160
11,Medium,23,1,0,175,175,83,187
10,Low,35,1,0,125,115,46,110
8,High,29,0,0,131,125,100,125
10,Medium,38,0,0,152,158,78,170
8,High,27,0,1,178,169,101,180
13,High,25,1,0,159,155,115,166
19,High,30,1,0,174,162,120,166
15,Low,26,0,0,183,192,34,199
18,Medium,38,1,0,167,172,82,169
9,Medium,20,1,0,150,159,69,161
9,Low,36,1,1,170,172,54,181
14,High,35,1,0,181,174,100,170
16,Medium,23,0,0,124,124,81,130
12,Low,31,1,0,179,174,32,179
19,Medium,32,1,0,131,129,59,135
8,High,22,0,0,130,134,89,145
9,Low,35,1,1,188,191,39,192
13,Medium,19,1,1,162,171,80,179
16,High,23,1,0,131,134,99,135
17,Low,32,0,0,139,145,31,151
8,Low,24,0,0,157,152,27,145
13,High,21,1,0,170,168,119,174
18,Low,25,0,0,147,153,38,157
18,High,25,0,0,167,174,110,184
10,Medium,38,1,0,168,156,72,166
14,Medium,37,0,0,168,177,66,169
8,Medium,20,1,0,152,160,83,153
9,Medium,22,1,0,169,157,70,152
19,Low,20,0,0,161,167,54,170
8,Medium,21,1,0,180,174,81,186
19,Low,40,1,0,159,164,42,157
16,High,22,1,1,131,141,103,150
13,Medium,33,1,0,162,165,59,159
15,Low,38,0,0,174,172,40,176
16,Medium,18,0,1,183,175,82,180
16,Medium,29,1,1,168,168,64,178
14,High,25,1,0,156,154,117,149
12,High,37,0,0,169,169,106,162
19,High,25,1,0,181,170,89,180
16,Low,27,1,1,120,113,26,110
8,Medium,27,0,0,136,134,69,132
15,Medium,25,0,0,182,185,68,180
13,High,24,0,1,172,167,120,173
18,High,21,1,0,142,153,89,147
10,Low,27,0,0,187,197,36,190
14,High,36,1,0,179,186,120,192
14,Medium,32,0,0,188,187,76,186
8,High,38,1,0,146,151,113,143
10,Medium,30,0,0,151,155,63,153
16,High,30,1,0,184,195,105,198
18,Medium,20,0,0,185,177,63,188
11,Low,19,1,0,164,170,55,166
8,High,28,0,0,161,154,87,165
18,Medium,27,1,0,150,160,62,165
10,Low,18,0,1,121,112,54,121
12,Medium,20,1,0,130,133,80,127
14,Medium,25,0,0,143,148,80,144
8,Low,27,1,0,127,128,36,123
8,Medium,28,1,0,167,171,61,171
8,High,39,0,0,143,132,95,139
10,Medium,28,0,1,159,154,58,148
19,High,30,1,0,161,158,108,162
9,High,32,0,0,141,141,95,153
17,Low,35,0,0,182,185,55,196
12,Medium,29,1,0,184,186,69,181
13,Low,30,1,0,146,141,52,153
9,High,35,1,0,128,138,110,134
18,High,22,1,0,142,146,88,139
8,High,23,0,0,165,170,101,177
19,Medium,23,0,0,139,136,76,135
12,High,27,0,0,132,131,104,135
14,Low,38,1,0,173,173,51,166
19,Low,18,1,0,168,167,41,164
18,Medium,28,0,0,136,140,67,138
18,Medium,35,1,0,155,146,59,150
12,High,34,0,0,141,145,120,156
18,Medium,30,0,0,154,147,67,145
9,Medium,27,1,0,138,126,64,121
13,Low,31,1,0,161,167,37,160
10,Medium,40,1,0,157,166,71,175
15,High,25,1,0,190,183,92,180
9,Medium,28,1,0,186,190,85,182
14,Low,29,0,0,122,110,48,115
19,High,26,1,0,181,170,119,173
10,Medium,23,1,0,190,188,70,196
12,Medium,27,0,0,144,145,69,156
19,High,22,1,0,127,137,109,145
15,Medium,18,0,0,183,174,59,184
9,Low,19,0,0,165,174,26,178
16,Medium,26,0,0,131,130,60,139
8,Low,20,0,0,150,140,27,145
18,Medium,36,1,0,147,152,75,147
9,High,23,0,0,138,130,96,139
18,High,31,1,0,183,180,112,178
15,High,22,1,0,132,128,86,132
8,High,29,0,1,136,140,92,148
16,Medium,29,0,0,138,147,78,147
11,Low,19,1,0,155,158,50,157
13,Medium,22,1,0,170,170,74,169
10,Medium,20,0,0,146,151,69,143
18,High,22,0,0,156,149,100,150
18,Medium,27,1,0,164,170,80,179
19,Low,20,1,0,165,157,26,157
15,Low,39,0,0,141,138,46,150
17,Low,20,0,0,176,180,34,178
11,High,28,0,0,183,194,89,200
17,Medium,23,0,0,178,187,65,199
16,Low,34,0,0,155,153,43,162
12,Medium,18,1,0,165,171,66,170
17,Low,27,0,0,176,184,32,192
14,Medium,33,0,0,145,137,66,148
9,Low,30,1,0,165,155,30,157
17,Medium,40,1,0,151,152,67,149
14,Medium,40,0,0,163,165,58,172
14,Low,34,1,0,136,129,30,130
12,Medium,33,1,0,131,123,64,132
11,Medium,29,1,0,145,157,70,151
15,Low,27,1,0,122,125,40,129
15,Medium,19,0,0,149,149,60,160
14,High,33,0,0,170,179,96,191
11,Medium,30,0,0,170,159,68,161
18,Low,36,0,0,185,194,41,196
16,Low,22,1,0,139,131,30,139
12,High,24,1,0,123,112,93,110
12,Medium,31,0,0,188,196,61,195
16,Medium,40,1,0,162,170,71,178
11,High,24,1,1,153,159,120,159
17,Low,29,0,0,132,143,52,150
14,Low,23,0,0,176,185,32,184
11,High,38,1,0,163,164,87,166
18,Medium,18,0,0,165,162,65,162
15,Medium,20,1,0,125,121,82,122
18,Low,23,1,0,127,124,38,121
8,Medium,26,1,0,155,165,57,167
8,High,24,1,0,126,133,110,143
13,Low,19,1,0,151,155,32,149
13,Low,35,0,0,123,128,49,135
9,High,20,1,0,147,143,102,151
13,Medium,27,0,0,187,181,59,178
9,High,32,0,0,163,164,92,171
16,Medium,23,1,0,166,162,67,174
15,Medium,18,0,0,120,132,58,125
8,Low,29,1,0,169,168,29,163
14,Low,33,1,0,128,136,38,136
15,Medium,22,0,0,123,114,80,110
16,Low,35,1,0,168,178,52,190
9,Medium,24,0,0,156,161,72,162
19,High,33,1,0,157,163,108,173
16,High,25,0,0,154,161,87,153
11,Low,19,1,0,175,164,32,165
16,High,40,0,1,187,177,109,172
15,Low,23,0,1,135,141,50,149
10,Low,38,0,0,137,136,54,146
10,High,28,0,0,162,152,92,147
19,High,21,1,0,164,166,119,160
11,Medium,36,1,0,172,179,83,175
11,Low,19,1,0,128,136,32,129
15,Medium,38,0,1,179,179,72,179
17,High,32,0,0,156,149,114,148
9,High,32,1,1,152,149,91,153
9,Medium,23,1,0,182,190,76,186
10,Low,30,1,0,125,126,27,120
11,Medium,30,0,0,178,182,64,185
13,High,25,1,0,177,174,101,170
19,Low,19,1,0,190,178,42,189
8,Low,25,1,0,148,154,47,148
11,Medium,36,1,0,166,169,58,180
10,Medium,28,0,0,149,140,69,136
17,Low,36,1,1,147,151,49,154
15,Low,22,0,0,173,185,29,194
10,High,40,0,0,169,169,93,169
10,Low,36,1,0,142,151,47,163
19,Low,24,0,0,182,184,30,178
16,Medium,31,0,0,120,110,59,116
19,Medium,19,1,0,131,133,61,126
11,High,27,0,0,148,141,113,134
19,Medium,40,1,1,151,141,80,148
18,High,23,1,0,190,201,87,202
12,Medium,23,1,0,175,170,65,164
15,Low,19,1,0,123,118,41,113
15,Medium,38,1,0,150,154,67,155
8,Medium,26,1,1,178,181,71,183
17,High,18,0,0,180,172,105,165
14,Medium,36,0,0,182,179,61,190
15,Medium,27,0,0,154,160,72,157
8,Medium,20,1,0,178,180,64,174
17,Low,29,0,0,124,117,41,116
12,Medium,22,0,1,190,188,63,195
8,Medium,25,0,0,146,148,61,143
13,Medium,26,1,0,155,151,77,146
15,High,36,0,1,162,163,118,164
14,High,40,0,0,168,175,116,181
8,Low,38,0,0,144,148,45,143
15,Medium,21,0,0,120,116,83,114
11,Low,18,0,0,188,192,25,198
19,High,35,0,0,142,141,110,147
9,High,36,0,0,187,182,94,188
15,Medium,24,0,0,125,119,71,116
11,High,18,1,0,178,174,115,181
15,Medium,28,1,0,125,123,59,121
12,Low,25,0,0,129,127,27,129
8,Low,28,0,1,158,156,35,153
11,Medium,20,1,0,161,156,64,155
18,Low,27,0,0,164,160,32,172
16,Medium,28,0,0,189,188,67,188
13,Medium,23,0,1,174,167,70,160
12,Medium,22,1,1,143,138,64,139
11,Low,35,1,0,144,154,41,163
17,Medium,21,1,0,189,190,67,194
16,Medium,37,1,1,126,130,73,134
10,Medium,21,0,0,170,164,84,172
9,Medium,39,0,0,167,157,82,167
19,Medium,31,1,1,157,145,66,141
12,Low,35,1,0,145,141,44,134
12,Medium,20,0,0,153,165,63,171
16,Medium,36,1,0,131,139,72,131
14,High,30,1,0,136,138,109,144
10,Medium,29,0,0,147,159,73,157
18,Medium,19,1,0,141,142,70,140
13,Medium,39,0,0,155,154,76,155
19,High,35,0,0,139,141,120,140
12,Low,27,1,1,150,143,38,144
8,Medium,31,0,0,181,169,84,177
12,Low,28,1,0,151,156,41,148
14,Low,34,0,0,142,132,30,130
12,Low,32,0,0,175,181,37,176
10,Low,19,1,0,144,139,42,134
15,High,30,0,0,187,180,101,180
17,Low,32,1,0,160,172,53,170
10,High,20,0,1,149,159,111,167
9,Low,28,1,0,163,162,42,173
8,High,18,0,0,155,153,94,150
15,High,37,1,0,190,196,86,195
8,Medium,36,0,0,142,151,81,149
17,High,23,0,0,187,199,87,208
10,High,18,0,0,139,136,94,134
17,Medium,39,0,0,162,159,68,154
12,Low,21,0,1,170,168,33,174
13,Low,39,0,0,170,177,55,184
10,Medium,24,0,0,171,179,84,180
16,High,32,0,0,122,125,92,129
18,High,34,1,0,175,173,102,183
8,Medium,37,0,0,143,153,65,145
15,High,39,1,0,182,170,91,181
17,Low,22,0,0,137,145,32,150
19,Medium,28,1,0,124,119,68,130
13,Low,35,1,0,153,146,40,150
13,Medium,35,0,0,165,158,77,152
11,Low,23,1,0,124,118,47,130
13,Low,35,1,0,154,158,51,156
15,High,39,0,0,159,153,106,155
13,Low,25,1,0,132,141,31,151
17,Low,30,0,0,121,125,26,128
9,Low,31,1,0,165,155,28,155
11,Low,33,0,0,149,138,29,147
11,High,31,0,0,130,124,96,136
18,High,18,1,0,180,187,91,190
15,Medium,19,1,0,188,192,74,190
15,Low,30,1,0,121,112,28,117
13,High,21,1,0,168,172,113,178
19,Low,39,0,0,120,111,43,116
10,Low,26,0,0,180,188,44,182
16,Medium,20,1,0,179,191,77,194
15,Medium,20,0,0,139,132,66,144
15,High,30,0,1,144,132,115,132
13,Medium,24,0,1,123,122,81,121
18,Medium,34,1,0,134,126,84,127
8,Medium,30,1,0,121,113,60,121
9,Low,32,1,0,158,158,34,160
16,High,29,1,0,188,196,106,196
19,Medium,23,1,0,173,163,76,155
9,Low,40,0,0,135,132,34,140
18,High,35,1,0,124,128,111,133
12,Medium,25,0,0,137,146,60,148
13,High,38,1,1,168,162,116,159
11,Medium,23,0,0,134,127,71,125
14,High,24,1,0,175,163,95,168
17,Medium,23,0,0,155,165,81,160
11,Medium,22,1,0,183,192,81,192
11,High,30,0,0,132,141,120,149
8,High,38,0,0,162,158,115,164
19,Medium,25,1,0,134,138,62,148
17,Medium,19,0,0,130,127,56,119
8,High,19,1,1,155,150,98,149
10,High,38,0,0,123,123,118,116
14,Low,40,1,1,168,171,47,170
9,Medium,31,1,0,161,155,66,167
14,High,22,1,0,125,133,97,133
14,Low,32,0,0,120,127,27,126
19,High,19,0,1,165,157,119,157
10,Medium,29,0,0,140,146,80,151
18,Medium,28,1,0,147,138,83,134
16,Medium,20,1,0,121,120,84,128
15,Low,29,0,0,131,126,41,132
19,Low,35,0,0,144,153,27,149
14,Low,24,1,0,185,181,46,185
14,Low,21,1,0,126,116,28,125
8,High,26,0,0,126,129,108,133
19,High,28,0,0,178,167,94,176
15,Medium,23,1,0,182,183,74,190
14,Low,32,0,0,157,162,34,160
10,Low,37,0,0,153,142,32,151
19,Low,18,1,1,147,150,54,161
11,High,20,1,0,123,125,116,133
19,Low,38,1,0,125,136,43,129
12,Medium,30,1,0,132,123,71,125
8,Medium,26,1,0,146,141,82,152
17,High,32,1,0,149,150,88,152
11,Low,22,0,0,160,169,26,166
8,Medium,29,0,0,136,143,76,138
16,Medium,21,1,0,145,147,82,139
13,High,27,1,0,126,126,114,136
19,High,27,0,0,172,166,115,175
10,Low,38,0,0,173,179,54,179
13,Medium,32,0,0,126,118,67,114
15,Low,40,1,0,128,138,49,147
11,Medium,23,1,0,175,183,77,192
8,High,28,1,0,161,164,92,171
12,High,24,0,0,167,162,88,173
16,High,21,1,0,167,169,88,180
10,High,22,0,0,140,148,86,155
11,High,38,1,1,179,191,100,198
10,High,34,1,0,137,130,110,129
10,Low,37,0,1,158,166,54,172
12,High,28,1,0,189,180,117,187
12,High,29,1,0,166,166,92,175
12,Medium,20,0,1,136,138,58,130
17,High,35,0,0,179,190,107,185
11,Low,34,1,0,127,138,43,150
12,Medium,31,1,0,132,144,80,137
13,High,22,1,1,169,173,98,165
16,Medium,27,0,0,181,173,57,173
14,Low,32,1,0,139,143,27,136
17,High,34,0,0,168,172,115,179
15,Low,34,0,0,181,173,43,180
17,Medium,20,1,0,133,127,56,132
15,Low,31,0,0,175,185,31,189
10,Medium,39,1,0,158,170,65,162
12,Medium,36,1,0,137,133,73,134
8,Medium,38,0,0,159,162,70,160
10,Medium,39,1,0,163,164,66,164
18,Low,38,0,0,169,171,34,181
8,Low,26,0,0,189,196,28,208
17,Medium,18,1,0,132,122,67,131
18,Low,34,1,0,142,145,28,145
16,Medium,39,1,0,141,137,85,142
13,Low,29,1,1,167,160,51,161
11,High,33,0,0,188,185,106,180
11,Low,29,0,0,150,160,29,152
18,Medium,29,0,0,170,164,62,167
15,High,19,0,0,159,161,87,156
15,High,23,0,0,162,157,116,154
16,Medium,23,0,0,170,161,64,156
9,Low,21,1,0,121,119,46,120
16,Medium,25,0,0,180,176,83,176
11,Medium,26,1,0,176,188,74,184
10,Medium,35,0,1,150,154,58,165
12,High,23,0,1,128,132,93,131
8,Low,21,1,0,139,141,49,149
13,High,31,1,1,128,136,120,132
16,High,22,0,0,155,146,98,140
14,Low,19,0,0,187,178,34,171
14,Medium,24,1,0,180,168,66,163
10,Medium,38,0,0,177,181,83,191
10,High,37,1,0,184,196,114,205
12,Low,27,1,0,169,160,54,152
17,Low,27,0,1,124,115,27,115
13,Low,26,0,0,156,153,49,165
8,Low,35,0,0,139,147,30,146
9,High,20,0,0,153,155,88,165
15,Medium,25,1,0,146,147,64,153
10,High,37,1,0,122,133,102,130
11,High,32,1,0,162,167,95,160
13,Low,19,0,0,182,189,46,194
10,Medium,40,0,1,179,181,56,180
10,Low,27,0,0,175,174,46,184
15,Low,22,1,0,165,169,43,162
19,Medium,38,1,0,125,137,75,135
10,Medium,30,1,0,132,138,78,149
14,High,20,0,0,149,156,90,167
12,Medium,25,0,0,189,191,62,197
10,Medium,23,1,0,140,128,82,132
11,High,22,0,0,182,182,119,189
10,Low,39,0,0,156,147,31,148
12,Low,18,0,0,170,176,32,183
8,Low,37,1,0,186,174,36,175
9,Low,35,0,0,175,180,44,173
14,Medium,30,0,0,156,147,73,152
10,Low,26,1,0,163,161,35,164
8,Medium,36,1,0,139,146,82,158
17,Low,38,1,0,189,187,45,183
10,Medium,25,1,1,179,173,78,169
10,Low,28,1,0,189,190,32,193
18,High,20,1,0,122,122,118,127
12,Low,18,0,0,130,127,34,137
11,Low,31,1,0,142,136,46,148
17,Medium,18,1,0,181,190,69,199
13,High,25,0,0,149,148,107,147
17,High,25,0,0,146,145,88,152
14,Medium,37,0,1,145,156,67,162
13,High,24,1,0,126,124,87,125
9,Medium,23,0,1,178,185,60,180
9,Medium,40,0,0,134,140,75,136
15,Medium,38,0,1,153,144,69,153
19,Medium,20,0,1,152,142,63,147
17,Medium,22,0,0,188,190,69,186
8,Low,32,1,0,145,157,32,166
15,Medium,29,1,0,183,172,68,175
9,High,32,0,0,127,133,115,134
16,Medium,36,0,0,141,150,71,155
8,Medium,28,1,0,151,148,84,153
16,Low,39,0,0,158,146,40,139
17,Medium,30,1,0,183,175,85,182
14,Low,33,0,0,167,162,27,168
9,High,18,1,0,122,122,94,124
16,Low,27,0,0,173,170,29,168
12,High,37,1,1,148,156,114,168
15,Medium,25,0,0,155,147,70,158
15,Low,28,1,0,131,142,49,151
10,Low,34,0,0,120,119,45,131
18,High,22,0,0,139,151,119,143
19,Low,23,0,0,162,161,53,165
8,Medium,25,0,0,133,136,81,139
15,Medium,23,1,0,134,137,68,146
19,Low,24,0,0,178,170,47,164
15,Low,25,0,1,133,129,45,133
14,High,40,1,0,155,157,114,165
10,Medium,40,1,0,125,118,60,129
8,Medium,34,1,0,184,184,71,192
9,Medium,27,1,0,179,179,59,188
13,Medium,26,0,0,164,173,69,170
18,High,20,0,0,142,150,89,149
10,Low,32,1,0,176,183,37,194
16,Low,32,0,1,151,140,31,151
13,Medium,21,1,0,147,150,67,159
17,High,25,1,0,182,182,99,176
8,Low,40,1,0,185,180,50,182
16,Medium,28,1,0,189,184,65,189
10,Medium,30,0,1,132,134,60,135
10,Medium,19,0,0,146,149,76,150
9,High,24,0,0,172,176,96,182
15,Medium,23,0,1,190,200,58,207
12,Medium,31,1,0,190,199,71,201
19,High,20,1,0,172,180,101,191
19,High,24,0,0,171,179,103,173
9,High,33,0,0,141,143,86,154
13,Low,18,0,0,122,126,42,135
9,Medium,23,1,0,172,177,56,169
9,Medium,22,1,0,165,162,76,161
15,High,30,0,0,140,149,112,142
15,Medium,19,1,0,127,133,83,127
19,High,31,0,0,146,158,96,157
12,High,37,0,0,121,128,108,128
8,High,38,0,0,128,124,105,131
9,High,33,0,0,188,196,116,193
16,Medium,28,0,1,176,180,67,180
10,High,21,1,1,172,163,107,175
13,Low,29,1,1,171,173,52,170
9,Medium,28,0,1,153,145,59,150
19,High,37,1,0,123,116,117,115
8,Medium,28,0,0,137,125,58,124
15,Medium,30,0,0,127,117,84,118
17,High,30,1,1,160,168,90,162
16,High,22,1,1,183,190,116,199
16,Medium,22,1,0,151,151,85,149
18,Medium,36,1,0,148,142,74,138
10,Medium,30,1,0,161,158,77,161
14,High,30,0,0,186,198,114,206
19,High,21,0,0,154,164,103,156
10,Low,31,0,0,156,164,38,159
12,High,25,0,0,148,149,103,158
10,Low,31,0,0,184,180,26,175
8,Medium,29,0,0,154,160,77,161
16,Low,37,1,0,163,157,55,164
8,High,21,0,1,136,140,86,133
12,Medium,38,1,0,146,141,66,136
13,Medium,24,1,0,141,136,72,139
15,High,36,1,0,130,121,118,120
15,Low,24,1,0,136,146,51,158
19,Medium,29,0,0,156,152,67,162
17,High,19,0,0,188,179,95,185
19,Low,31,1,0,135,124,44,120
10,Low,18,0,0,187,192,28,204
13,Medium,18,0,0,130,138,64,145
9,Low,21,0,0,185,173,50,185
17,Low,40,0,0,183,179,55,189
11,Medium,31,1,0,148,144,83,139
8,Medium,26,1,0,184,192,73,186
15,Medium,23,0,0,135,126,58,121
19,High,20,1,1,138,129,86,137
19,Medium,21,0,0,138,143,63,144
14,High,22,1,0,175,187,113,192
9,High,25,1,0,174,176,106,181
11,Medium,40,1,0,128,135,72,141
14,Low,34,1,0,131,131,47,141
16,Medium,37,0,0,136,126,71,123
11,Medium,34,1,0,147,145,63,154
11,Medium,27,1,0,143,151,59,163
12,High,21,1,0,156,162,115,166
9,Medium,24,1,1,164,169,60,177
13,Medium,30,1,0,124,125,61,134
10,Low,24,0,0,170,173,31,184
16,Medium,36,0,0,137,141,76,134
12,High,31,1,0,188,184,86,184
13,Low,37,1,0,166,155,32,156
10,Medium,27,0,0,189,177,66,184
19,High,37,0,0,144,152,94,157
15,High,37,1,0,146,146,99,153
17,High,36,1,0,173,164,104,171
9,Medium,35,1,0,125,137,82,149
8,High,35,0,0,163,155,104,165
11,Medium,21,0,0,138,132,81,132
19,High,30,0,0,171,166,105,160
15,Low,28,1,1,125,124,39,122
13,High,36,0,0,170,179,104,176
15,Low,40,1,0,143,154,42,151
16,Medium,27,0,0,190,202,61,195
19,Low,18,1,0,158,148,28,149
9,Low,31,0,0,182,176,30,187
10,Medium,30,1,0,147,147,70,149
15,Medium,22,0,0,144,134,62,142
19,Low,24,1,0,149,154,55,155
19,High,26,0,0,186,185,101,185
13,Medium,30,1,0,152,160,56,167
11,Medium,31,1,0,140,152,60,156
14,Low,33,0,0,186,186,32,180
9,Medium,30,1,0,157,169,61,170
12,High,39,0,0,170,158,106,165
12,High,19,1,1,141,136,112,138
9,Medium,20,1,0,180,180,73,172
14,Low,31,0,0,120,117,36,110
8,Low,24,0,0,121,124,51,128
17,Medium,18,1,0,125,113,83,120
10,Medium,40,0,0,187,180,65,176
11,Medium,27,0,0,124,128,79,138
17,Medium,21,1,1,162,160,85,155
9,Medium,26,0,0,171,175,59,171
11,High,39,0,0,141,140,105,134
13,High,38,1,0,122,124,98,116
14,High,26,1,0,122,125,113,126
8,High,34,0,0,145,137,103,130
16,Low,27,1,0,122,124,37,132
9,Medium,36,1,0,137,127,63,123
15,Low,27,0,1,121,124,42,128
17,Low,39,1,0,136,133,55,145
14,High,19,1,0,122,125,100,127
19,High,31,1,0,183,183,99,184
14,Medium,26,0,1,152,158,68,161
14,Low,34,1,0,138,144,32,150
19,Low,31,1,1,162,168,38,170
14,High,30,0,0,179,169,108,178
10,Medium,24,1,0,123,124,69,130
16,Low,31,0,0,121,124,45,123
9,Low,23,0,0,140,140,32,144
11,Medium,27,0,0,144,134,56,127
17,High,35,1,0,137,129,91,127
16,High,30,1,0,167,160,120,160
15,Medium,37,1,0,172,171,70,183
10,Low,25,1,1,172,166,38,175
14,Medium,29,0,0,174,174,60,176
13,Low,39,0,0,139,139,28,147
8,High,22,1,0,137,149,115,158
17,Medium,32,0,1,152,162,66,171
12,Low,32,1,0,156,155,36,161
15,High,24,0,0,122,132,101,128
17,High,25,0,0,181,176,92,174
18,Low,21,1,0,174,169,43,173
12,High,25,0,0,135,125,119,130
10,Medium,40,1,0,134,141,58,137
9,Medium,32,1,1,144,137,84,140
14,Medium,19,0,1,162,153,75,163
12,Low,39,0,1,132,131,40,142
13,High,21,1,0,120,111,115,110
9,High,35,1,0,138,138,98,141
15,High,26,0,0,165,157,100,152
13,Medium,29,0,0,181,182,74,182
19,Medium,35,1,0,180,183,58,177
12,Medium,20,1,1,189,185,79,181
13,Medium,37,1,0,146,152,82,152
13,Medium,30,1,1,189,185,63,194
17,High,24,0,0,180,192,106,194
8,Low,29,1,0,137,147,39,146
18,Low,37,1,0,140,152,33,164
18,Medium,26,1,0,161,159,83,155
18,Low,26,0,0,189,186,47,195
19,Medium,38,1,0,167,161,64,164
11,Low,28,0,0,185,189,29,201
19,Low,25,0,0,155,148,32,159
9,Medium,32,1,0,126,122,71,123
17,Medium,23,0,0,143,155,67,147
10,Low,33,0,0,161,170,42,166
15,Low,30,1,0,150,156,41,153
16,Medium,40,0,1,125,124,61,126
15,High,30,1,0,168,160,107,161
12,Low,19,1,0,186,178,39,177
14,Medium,21,1,0,121,123,65,126
19,Medium,25,0,0,164,158,67,167
8,Low,28,0,0,140,147,54,139
14,Low,26,0,0,178,180,53,182
8,Medium,33,0,0,172,163,72,162
9,Low,24,0,0,150,152,38,145
8,High,29,1,0,124,121,118,120
18,High,24,1,0,178,178,107,174
14,High,20,1,0,160,171,92,167
16,Low,20,1,0,124,123,51,122
14,Medium,20,1,0,133,131,59,130
18,Low,36,1,0,143,132,47,143
13,Medium,20,1,1,153,143,60,150
18,Medium,40,1,0,122,114,83,111
9,Low,40,1,0,146,151,29,152
9,Medium,22,0,0,175,170,80,181
16,High,33,1,0,122,118,88,127
16,Medium,39,1,0,165,171,72,171
12,Medium,18,0,0,176,172,58,177
10,Low,39,1,0,153,149,28,149
11,High,33,0,0,172,171,103,167
10,High,35,0,0,151,151,104,158
17,Low,38,1,0,149,152,47,155
13,Medium,19,1,0,183,172,67,175
9,Medium,25,0,0,161,167,78,174
9,Low,29,0,0,125,128,38,140
12,Medium,30,0,0,128,118,83,111
19,Medium,38,0,1,180,184,84,189
19,High,18,0,0,171,179,115,191
18,Medium,26,0,1,175,172,72,168
8,Low,26,1,0,167,155,32,147
11,Medium,32,1,0,137,145,58,139
16,Medium,21,0,0,168,174,69,174
8,Medium,24,0,0,157,146,69,146
10,Low,31,0,0,133,133,42,133
10,High,36,1,0,136,148,89,155
15,Medium,24,0,0,149,144,61,150
10,High,22,1,0,135,140,118,143
15,Medium,38,0,0,183,178,64,178
14,Medium,28,1,0,128,122,78,130
17,Low,23,1,0,146,135,32,136
13,Low,35,0,0,128,126,49,130
15,Medium,40,0,0,138,127,58,135
11,Low,18,0,0,152,151,35,149
15,High,40,1,0,132,124,109,127
8,Medium,34,1,0,167,171,85,183
15,Medium,36,1,0,154,149,81,159
16,Low,27,0,0,157,164,53,163
10,High,31,1,0,126,138,88,131
12,High,22,1,0,184,187,102,195
12,Medium,29,1,0,180,182,56,192
12,Low,40,1,0,148,158,33,154
15,Low,28,0,0,146,146,41,150
11,Medium,31,1,0,139,138,62,150
9,Medium,28,0,0,135,132,73,125
18,High,24,0,1,170,169,109,164
19,High,20,0,0,145,155,99,157
11,High,35,1,1,131,135,107,130
15,High,30,1,0,130,132,118,141
13,Low,22,0,0,142,147,35,150
18,Medium,20,1,1,183,186,77,185
15,Medium,19,0,0,145,148,57,160
16,Medium,31,1,0,180,170,84,173
14,High,31,1,0,145,133,87,141
12,High,19,1,1,173,166,110,172
16,Low,30,1,1,183,195,33,193
10,Medium,24,1,0,167,173,62,176
11,Medium,34,1,0,147,158,63,164
15,Medium,21,1,0,145,153,72,152
16,High,18,1,0,163,159,91,153
12,Medium,37,0,0,126,123,83,125
10,High,27,1,0,150,162,98,174
15,High,20,1,0,175,187,109,196
14,Low,27,0,0,172,164,41,172
17,High,36,1,0,169,166,108,160
18,High,27,1,0,179,188,111,180
14,Low,40,1,0,169,160,54,160
9,High,22,1,0,166,163,100,163
11,High,27,0,0,146,150,107,158
9,Low,34,1,0,163,162,54,166
15,High,25,0,0,188,195,90,190
9,Low,32,0,0,152,141,39,136
18,High,39,0,0,185,196,101,190
18,Medium,32,0,0,175,179,57,171
11,Low,28,0,0,143,131,44,140
17,High,29,0,0,133,132,112,130
13,High,18,0,0,147,142,105,139
8,High,25,1,0,175,171,112,170
9,Low,28,1,0,152,154,39,165
15,High,25,0,0,130,139,111,148
16,Low,40,0,1,184,192,29,202
19,High,39,1,0,138,148,105,156
15,High,26,0,0,172,167,115,177
17,Low,21,1,0,183,178,25,182
17,Medium,38,1,0,132,141,79,141
16,Medium,27,1,0,124,126,74,133
13,Medium,21,1,0,146,137,67,131
11,Low,28,0,0,181,170,34,164
12,High,38,0,0,126,115,119,114
17,High,25,0,1,175,164,98,170
19,Medium,34,0,0,149,140,83,145
10,High,21,0,0,151,158,105,167
13,Low,37,0,0,122,126,48,135
10,Low,33,0,0,176,181,36,177
13,Medium,29,1,0,130,130,59,124
19,Low,27,1,0,164,174,36,186
17,Medium,32,0,0,175,170,80,165
13,Medium,22,1,0,179,186,67,182
18,High,18,1,0,167,178,100,183
19,Low,27,0,0,163,161,38,166
19,Medium,23,1,0,170,170,58,163
9,Low,35,1,0,135,127,46,131
9,Low,40,1,0,162,155,43,147
18,High,38,0,0,189,179,86,187
13,Low,30,0,0,165,162,54,171
16,Low,35,0,0,154,147,52,154
19,Medium,33,1,0,161,165,60,164
17,Low,27,1,1,121,132,50,134
15,Medium,19,0,0,146,152,81,148
13,Low,24,0,0,167,171,44,178
13,Medium,33,0,0,161,157,75,160
8,Low,25,0,0,135,125,45,121
15,High,18,1,0,132,136,111,134
9,Medium,40,1,0,181,180,63,182
12,Medium,18,0,0,150,150,59,144
11,High,39,1,0,159,161,109,165
12,Medium,40,0,1,126,128,66,138
12,Medium,38,0,0,168,178,60,188
13,High,36,0,0,144,155,117,166
12,Low,35,1,0,188,191,39,183
9,Low,21,0,1,127,121,55,129
11,High,22,1,0,145,140,97,147
15,Medium,23,1,0,153,157,84,149
9,High,24,1,0,169,168,112,168
11,Medium,29,1,1,188,184,74,177
12,Medium,27,0,0,148,149,71,141
12,High,37,1,0,137,130,100,129
10,Medium,35,0,0,138,148,60,155
10,High,37,1,0,168,171,109,163
12,Medium,29,1,0,120,131,79,139
8,Low,20,1,0,146,134,29,135
14,Medium,35,1,0,125,130,80,124
17,High,23,1,0,142,138,93,132
11,Medium,29,1,0,184,196,79,191
12,Low,30,0,0,161,149,31,154
13,Medium,18,0,0,184,196,70,201
14,High,38,0,0,158,149,118,148
10,High,37,0,0,135,125,102,125
13,Low,24,1,0,157,160,37,158
14,Medium,27,1,0,134,132,63,127
12,Low,20,1,0,175,186,38,192
15,High,39,1,0,188,186,116,187
13,Medium,27,0,0,176,185,76,184
10,High,33,0,0,126,116,108,112
11,Low,29,1,0,150,142,47,134
19,Medium,38,0,0,172,170,65,167
17,Medium,21,1,0,134,123,72,123
10,Low,38,0,0,153,141,31,140
8,Low,18,1,0,143,140,34,145
8,Low,27,1,0,130,133,53,132
11,Low,38,1,0,134,136,54,131
17,Low,27,0,0,128,140,37,133
12,Low,27,1,0,151,139,36,131
13,Medium,21,1,0,167,156,65,155
17,Medium,23,0,0,189,201,77,213
9,Low,24,0,0,140,151,51,157
15,High,33,1,0,183,194,87,205
8,Low,24,0,0,175,174,50,185
13,Low,21,0,0,152,143,43,145
16,Low,22,1,0,126,117,32,113
11,Medium,32,0,0,150,146,60,141
9,Medium,38,0,1,174,180,75,179
18,Medium,24,1,0,160,162,85,160
8,High,24,1,0,152,161,96,170
14,Low,29,0,0,146,139,30,138
19,High,36,1,1,190,178,114,172
13,Medium,40,0,0,139,151,70,143
13,Low,19,0,0,181,188,38,196
14,Medium,36,0,0,130,118,65,127
10,Low,30,0,0,185,174,26,173
18,Low,34,1,0,153,157,51,157
10,Low,37,1,0,190,198,52,194
9,High,18,0,0,155,155,112,148
15,Low,32,0,0,175,185,50,191
8,Medium,18,1,0,177,176,66,178
19,High,18,0,0,158,160,113,172
14,Low,26,0,0,138,142,46,138
12,High,25,0,1,185,194,99,187
9,Medium,33,0,0,152,148,65,155
9,Medium,29,1,0,128,134,82,146
9,Medium,40,0,0,180,175,73,170
15,Medium,26,0,0,184,190,64,187
15,Medium,27,0,0,188,182,66,191
11,Low,40,1,0,156,154,44,164
9,Low,32,0,1,141,144,49,150
16,Medium,40,0,0,173,171,84,181
10,Medium,19,0,0,141,152,62,158
14,Medium,31,1,0,129,128,76,125
15,Low,27,1,0,190,196,41,207
10,Low,34,0,0,176,172,27,179
15,Medium,34,0,0,183,182,71,184
10,Medium,32,1,0,169,175,70,168
12,Medium,30,1,0,181,177,80,188
16,Low,34,0,0,126,115,49,110
9,Medium,29,0,0,138,135,68,146
10,High,18,1,0,183,181,114,190
12,Medium,32,1,0,156,168,72,160
9,Medium,21,1,0,149,151,80,159
9,High,36,0,0,123,125,120,137
10,High,28,0,0,158,149,95,144
16,Medium,22,0,0,138,142,77,138
11,High,23,1,0,161,168,103,175
19,Medium,30,0,1,181,177,77,178
19,High,22,1,1,153,145,102,140
17,Low,23,1,0,180,174,55,174
9,Low,29,0,0,139,137,40,136
17,High,19,1,0,169,157,102,154
13,Medium,30,1,0,173,167,74,163
12,High,39,0,0,160,162,97,170
18,Medium,34,0,0,148,146,81,149
16,Low,32,1,0,181,172,40,179
18,Medium,35,0,0,120,110,56,110
15,Low,29,1,1,150,149,45,147
13,Medium,19,1,0,138,129,58,140
15,Low,36,1,0,167,174,47,183
17,Medium,25,1,0,124,120,63,114
17,High,27,1,0,179,169,103,178
15,High,24,0,0,124,132,95,131
8,Medium,18,0,0,147,136,82,128
14,Low,38,0,0,160,168,44,176
9,Low,22,0,0,153,152,35,151
18,High,26,1,0,136,129,87,130
13,Low,24,1,0,154,163,46,156
10,High,37,1,0,188,196,102,202
17,Low,40,0,0,156,153,45,159
14,Medium,24,1,1,128,117,76,117
10,Medium,30,1,0,183,184,57,188
19,Medium,36,0,0,123,133,65,134
9,Low,31,0,0,165,177,49,178
14,Medium,39,1,0,183,194,83,199
15,Low,27,1,0,180,188,53,197
13,Medium,33,0,1,189,197,80,194
10,High,22,1,0,151,151,87,154
10,High,20,0,0,171,168,92,167
12,Low,39,1,0,125,134,52,139
9,High,35,1,0,153,144,101,137
9,Medium,33,0,0,132,141,61,137
19,Medium,30,0,1,146,136,80,130
18,Medium,19,1,0,179,189,83,192
15,Medium,18,1,1,152,154,59,148
11,Medium,39,0,0,136,130,80,138
12,Medium,33,0,0,123,131,64,128
12,Low,34,0,0,147,137,39,139
8,Medium,27,0,0,172,172,68,183
19,Medium,25,1,0,184,196,78,195
19,High,35,0,0,142,130,95,126
16,Low,38,1,0,138,144,45,138
17,High,22,1,0,141,141,88,153
17,Medium,23,1,0,164,156,66,163
12,Medium,33,0,0,174,177,64,185
18,Medium,25,0,0,179,185,70,178
19,Low,27,0,0,136,127,47,125
18,Medium,32,0,0,181,177,71,179
18,Low,29,1,0,183,190,36,187
13,Low,32,0,0,171,175,40,177
10,Medium,37,0,0,174,162,75,169
8,Medium,21,0,0,150,147,63,146
19,Medium,18,1,0,145,152,60,157
8,Medium,30,1,0,174,183,59,186
18,Medium,19,1,0,120,111,63,115
13,Low,22,1,1,147,153,53,153
11,Low,36,1,0,131,132,53,137
12,Medium,27,1,0,169,161,71,165
13,Low,28,0,0,129,122,28,128
14,Low,22,1,0,124,127,27,134
18,High,26,0,0,123,129,93,127
12,Medium,32,1,0,163,167,66,173
15,Low,40,1,0,131,127,34,120
14,Medium,23,0,0,150,161,83,164
15,Medium,40,1,0,141,134,69,128
12,Low,22,1,0,157,163,48,165
9,High,40,1,0,161,171,100,163
15,High,33,1,0,126,130,93,133
10,Low,21,0,1,186,177,43,177
14,Low,18,0,0,174,163,26,172
16,High,26,0,0,124,130,87,142
14,Low,35,1,0,133,130,51,122
15,High,30,1,0,157,153,87,163
12,Medium,31,0,0,134,133,75,131
10,Medium,26,0,0,146,153,73,163
15,Medium,28,1,0,190,190,61,199
15,Medium,38,1,0,120,124,59,133
10,Medium,20,0,0,158,153,65,164
16,Medium,39,0,1,141,142,63,144
16,Medium,32,0,0,189,186,57,179
12,High,33,0,0,159,162,98,168
14,Medium,27,1,0,179,175,82,185
12,Medium,25,0,0,190,187,73,186
13,High,31,0,0,144,135,100,127
10,High,38,0,0,166,169,101,167
14,Medium,40,1,0,151,157,83,162
13,High,35,1,1,154,146,105,153
9,High,27,0,0,186,175,92,179
19,Low,19,1,0,161,158,39,154
13,Medium,34,0,1,171,162,70,165
14,Medium,37,0,0,149,145,62,145
11,Medium,28,0,0,172,174,83,173
11,Medium,35,1,0,176,181,57,178
18,High,23,0,0,184,180,87,187
9,Medium,36,1,0,181,179,60,178
15,High,18,0,0,129,134,111,146
18,High,38,1,0,178,187,104,189
10,Medium,22,0,0,134,139,64,132
9,High,30,0,0,179,191,88,197
11,Medium,38,0,1,158,148,56,152
18,High,29,1,0,139,146,97,157
13,High,25,1,0,185,182,118,189
10,Medium,29,1,0,127,121,63,117
17,Medium,39,1,0,177,180,62,181
11,High,21,1,0,130,135,94,127
10,High,27,1,0,182,193,102,194
15,Medium,36,0,0,161,161,81,168
14,Low,25,0,0,122,129,26,127
8,Medium,38,1,0,189,186,80,190
14,Medium,25,0,0,127,134,83,135
16,High,25,0,0,126,134,110,142
12,High,24,1,0,167,176,95,169
12,High,35,1,0,140,142,91,134
16,Medium,37,1,0,146,144,70,141
8,Medium,34,0,0,140,150,83,152
16,Low,38,0,0,121,120,36,126
12,Low,31,0,0,153,155,25,159
14,Medium,40,1,0,141,149,79,142
10,Low,30,1,0,176,185,44,177
16,Medium,35,0,0,174,182,81,175
8,Medium,21,0,0,180,190,82,202
14,Medium,25,0,0,129,137,84,137
9,Low,35,1,0,138,150,50,152
8,Low,39,1,0,142,143,48,151
14,High,23,1,0,163,166,93,169
10,Medium,32,1,0,156,157,64,166
10,Low,25,0,0,145,134,25,129
16,Low,29,0,1,149,144,46,153
8,Low,36,0,0,141,149,44,158
14,High,18,1,0,149,143,87,138
11,Low,31,0,0,126,114,29,114
16,Medium,28,1,0,163,154,56,166
18,Low,38,0,0,148,154,44,158
10,Medium,21,1,0,182,182,59,185
18,High,22,0,0,140,136,113,130
16,High,18,1,0,186,187,92,181
13,Medium,22,1,0,134,127,83,130
19,Low,24,1,0,135,147,55,158
16,Low,26,0,0,162,154,45,150
14,High,39,1,0,172,160,114,167
18,High,34,1,0,132,140,104,146
9,High,29,1,0,128,139,94,141
11,Medium,36,1,0,121,121,67,127
14,High,38,0,0,132,123,117,117
9,Low,27,1,0,125,119,33,125
16,Medium,33,1,0,180,187,60,195
14,High,35,1,1,174,177,99,189
8,High,32,0,1,154,166,91,160
12,Medium,30,0,0,137,132,75,124
10,High,35,0,0,164,173,102,185
13,Low,39,0,0,176,172,40,183
10,Medium,19,1,0,136,131,72,124
15,High,25,1,0,150,150,114,153
13,High,25,0,0,154,153,88,152
14,Low,21,0,0,140,148,40,152
18,Low,22,0,0,121,121,44,113
11,Low,39,0,0,156,150,37,155
14,Medium,25,1,1,130,118,65,124
14,Medium,36,1,0,149,161,69,156
19,High,27,0,0,171,163,89,175
11,Low,28,0,0,184,188,40,193
14,Medium,38,0,0,157,146,83,145
15,Medium,38,1,0,121,116,66,117
8,Low,35,1,0,186,175,49,169
10,Low,19,1,0,185,182,47,190
12,Medium,22,0,0,138,146,72,138
18,Low,24,0,1,168,170,44,167
10,High,19,1,0,133,139,103,133
18,Medium,28,1,0,143,143,59,148
17,Low,34,0,0,144,147,31,141
19,Medium,18,0,0,121,130,72,134
14,High,32,1,0,179,182,107,176
10,Medium,22,1,0,179,184,65,181
9,High,19,0,0,179,171,120,166
14,Medium,24,1,0,182,174,83,170
19,Low,34,1,1,176,179,32,180
19,Medium,37,1,0,158,150,59,153
10,Low,20,0,0,137,144,29,138
15,Low,19,1,0,129,121,45,118
9,Medium,24,1,0,147,143,58,154
16,Medium,30,0,0,139,137,67,137
18,Low,31,1,0,145,142,40,150
11,Medium,18,1,0,188,196,77,192
14,Low,21,1,0,144,133,40,132
18,Medium,34,1,0,137,129,85,127
9,Medium,26,0,0,152,161,63,173
12,Low,31,0,0,137,131,31,142
15,Low,23,1,0,163,171,55,178
15,Medium,19,0,0,162,164,70,166
15,High,33,0,0,161,165,108,157
18,Medium,32,1,0,170,160,63,157
15,High,31,0,0,136,134,100,126
10,Medium,29,1,0,160,171,80,168
18,Low,23,0,0,166,161,46,159
18,Low,33,1,0,139,148,38,140
15,Medium,30,0,0,149,160,70,167
14,High,39,0,0,130,122,115,126
13,High,19,1,0,145,146,110,143
12,Low,28,1,0,181,179,28,177
11,Medium,22,1,0,186,186,63,179
10,Low,19,0,0,167,170,48,167
19,Medium,36,0,0,159,159,81,164
10,Low,29,0,0,150,146,29,155
15,High,21,1,0,144,153,115,153
19,Medium,34,0,1,169,169,69,175
15,Low,25,1,0,177,169,49,169
11,Low,29,1,0,127,115,38,119
14,High,23,0,0,174,172,94,173
16,High,25,1,0,179,185,108,192
13,High,21,1,0,161,168,107,179
15,Low,27,1,0,158,160,54,170
14,High,32,1,0,158,154,87,164
16,Low,38,1,0,173,178,34,185
8,Low,25,0,0,166,160,40,164
9,Medium,28,1,1,147,151,64,149
12,Medium,28,1,0,154,166,82,158
8,Medium,18,1,0,175,173,58,179
13,Medium,26,1,0,126,128,76,136
13,High,18,0,0,128,122,86,123
11,Medium,25,0,0,120,117,69,110
14,Low,30,1,0,154,155,54,148
8,Medium,29,1,0,186,183,74,183
10,Medium,25,1,0,165,161,82,164
8,Medium,35,1,0,160,168,65,173
15,Medium,28,1,1,180,169,59,179
18,Low,18,1,0,141,139,51,138
17,High,26,0,0,166,176,119,176
14,Medium,39,1,0,142,146,59,149
17,High,24,0,0,139,149,119,158
12,Low,21,1,0,185,187,27,184
15,Medium,34,1,1,144,155,65,156
11,High,38,0,0,152,145,96,137
17,High,27,1,0,188,190,100,196
18,Medium,18,0,1,147,151,60,144
10,Low,36,0,0,125,134,40,128
14,Medium,32,1,0,157,151,74,157
16,Medium,29,0,0,179,190,75,200
14,Medium,24,1,0,167,156,63,152
8,Medium,40,0,0,149,147,68,139
13,Medium,33,1,0,129,136,64,144
17,Low,40,0,0,128,125,41,128
13,Medium,29,0,0,121,126,71,120
18,Low,40,1,1,179,188,42,194
16,High,22,0,0,188,193,98,185
13,Medium,38,1,0,143,137,67,129
13,High,26,1,1,190,181,87,184
17,Low,27,1,0,176,183,38,183
9,Low,39,1,0,131,131,30,140
18,High,21,0,0,132,123,89,119
17,Low,32,0,1,163,175,39,182
12,High,21,1,0,142,133,113,130
13,Low,40,1,0,166,160,37,172
11,Medium,37,1,0,172,174,67,170
16,Medium,34,1,0,143,138,68,136
13,Low,29,0,0,140,148,35,160
19,High,33,1,0,175,181,99,186
8,Low,33,1,0,160,162,55,164
11,Low,25,0,0,131,135,41,143
8,High,34,0,0,133,131,115,127
17,Medium,39,0,0,180,177,82,179
19,Medium,35,1,0,153,142,75,151
12,High,32,1,0,125,131,115,131
8,Low,37,0,0,177,188,48,185
15,High,38,0,1,142,150,111,145
12,High,36,0,0,180,182,107,177
13,Low,24,1,0,188,195,31,206
15,Medium,22,0,0,178,182,63,177
16,Low,38,1,0,166,175,53,185
17,High,29,1,0,168,176,93,185
8,High,28,1,0,162,150,96,158
17,High,18,1,0,179,188,110,199
8,Low,39,1,0,169,181,26,186
10,Low,36,0,0,175,167,29,179
14,Medium,34,1,0,149,137,77,129
9,Low,31,1,0,130,123,54,118
10,Medium,34,0,0,149,156,77,151
17,High,30,1,0,158,157,119,169
9,High,32,1,0,121,112,107,124
14,Low,28,0,0,184,192,27,188
15,Low,18,1,0,181,175,35,187
13,Medium,22,1,0,138,129,79,132
17,Medium,24,0,0,161,158,76,154
19,Low,22,1,0,132,130,36,138
12,Medium,21,0,0,160,149,58,156
19,Medium,24,1,0,139,140,71,138
18,High,37,0,0,171,175,117,169
13,Low,26,0,0,137,147,28,140
9,Low,34,0,0,128,126,50,134
14,Medium,39,0,0,153,142,68,141
16,Low,26,1,0,178,170,46,163
15,High,25,1,0,180,190,101,193
9,High,28,0,1,190,183,116,190
9,Medium,33,1,0,165,156,75,168
13,Low,26,0,0,185,185,35,179
16,High,22,0,0,156,165,117,163
19,Medium,30,0,0,143,151,82,149
12,Medium,19,0,0,165,167,85,178
11,Medium,39,1,0,131,125,65,127
12,Medium,30,0,0,150,152,81,158
10,Medium,31,0,0,149,139,85,140
17,Medium,40,1,1,177,171,78,168
9,High,23,0,0,155,166,105,170
15,Medium,28,1,0,122,132,57,144
11,High,21,0,0,158,147,116,142
12,Low,21,1,0,129,125,27,127
9,Medium,28,1,0,171,164,61,168
8,High,40,0,0,121,126,89,121
9,High,36,1,1,180,177,97,169
10,Medium,31,1,1,182,180,80,187
16,High,35,0,1,125,136,107,138
8,Medium,25,0,0,158,168,60,169
10,Low,18,0,0,169,178,29,176
14,Low,37,1,0,174,163,25,175
18,Medium,27,0,0,175,186,58,182
9,Medium,39,1,0,131,136,76,144
17,High,36,1,0,166,172,116,174
14,Medium,30,0,1,120,118,58,117
8,Medium,18,1,1,173,176,81,182
15,Medium,25,1,0,134,125,62,126
9,Low,27,0,0,134,144,26,156
13,Medium,31,0,0,133,137,70,136
8,Medium,39,0,0,121,133,71,138
9,High,36,1,1,162,166,93,159
11,Medium,29,0,0,154,153,85,152
10,Low,28,0,0,130,142,34,142
14,Medium,30,1,0,173,165,58,170
16,Low,26,0,0,177,174,42,169
12,Medium,27,1,0,137,139,74,145
14,Medium,36,1,0,142,135,64,137
17,Low,21,0,0,148,137,30,146
10,Low,32,1,0,137,136,55,140
17,Low,28,0,0,163,162,32,168
15,Low,39,0,0,173,181,25,183
10,Low,28,1,0,155,166,45,172
19,Low,18,0,0,171,166,36,167
13,High,29,1,0,124,123,116,124
11,Low,28,0,0,187,193,29,191
14,High,18,1,0,134,134,111,126
18,Medium,36,0,0,178,184,68,190
13,Medium,29,1,0,185,189,79,182
14,High,26,0,0,135,146,88,138
18,High,36,1,0,134,124,120,130
16,Medium,19,1,0,164,165,84,169
17,Medium,20,1,0,122,112,60,123
13,High,25,1,0,141,131,87,132
17,Low,30,1,0,155,167,29,171
8,High,30,0,0,189,187,95,188
15,Medium,39,1,0,161,152,66,152
17,High,35,0,0,152,151,99,158
18,Medium,32,1,0,140,130,79,142
17,Medium,32,0,0,137,132,57,132
11,High,30,1,0,179,173,102,185
8,High,29,1,0,189,198,89,206
8,High,22,0,1,185,173,92,167
10,High,28,0,0,190,188,97,192
8,Medium,26,0,0,173,162,64,155
13,Medium,34,0,0,154,161,77,160
19,Medium,39,0,0,152,150,59,155
12,Medium,28,0,0,137,131,68,128
8,Medium,22,1,0,138,136,84,134
18,Medium,21,1,0,131,135,79,145
10,High,35,0,0,175,177,101,184
14,Low,34,0,0,125,133,39,135
8,Medium,31,1,0,127,119,65,117
16,High,28,0,0,126,127,111,132
19,Medium,24,1,1,121,125,64,126
14,Low,30,1,1,145,153,31,145
10,Medium,27,0,0,143,132,63,129
17,High,28,1,0,190,181,109,180
12,High,29,1,1,165,176,105,178
10,Medium,38,0,0,157,151,83,158
17,Low,27,0,0,146,147,43,154
10,High,20,0,0,133,140,103,143
10,Medium,38,1,0,167,163,60,156
10,Low,27,1,0,190,189,38,195
11,Medium,31,0,0,158,150,73,146
9,High,35,1,0,170,167,104,179
19,High,21,1,0,140,152,97,158
17,Medium,29,0,0,161,166,56,172
17,Medium,24,1,1,166,162,75,170
12,Medium,22,1,0,128,132,66,128
15,Medium,36,0,0,125,116,81,118
16,Medium,22,0,0,179,189,65,189
13,Medium,37,0,0,121,119,82,120
8,Medium,35,0,1,158,151,57,145
18,Low,18,0,0,143,137,29,147
19,Medium,19,1,0,163,174,65,176
17,High,21,1,1,152,154,106,160
18,Low,39,0,0,124,134,35,133
10,Medium,19,0,0,173,162,74,160
12,High,38,0,0,183,176,108,185
18,Medium,28,1,0,129,131,76,132
12,Medium,21,1,0,150,150,66,145
15,Medium,18,1,0,181,189,66,186
18,Low,26,1,0,171,178,25,175
15,Medium,20,0,0,126,136,60,143
15,Low,37,0,0,166,155,25,153
17,Low,26,1,0,126,121,29,126
15,Low,38,1,0,147,136,53,130
15,High,31,1,0,157,161,86,167
17,Low,37,1,1,137,146,36,156
12,Medium,31,0,0,183,183,63,175
17,Low,31,1,1,156,167,43,169
19,Low,21,0,0,149,161,55,155
8,High,19,0,0,140,143,93,141
10,Low,39,1,0,141,144,38,137
8,High,36,0,0,156,167,100,163
14,High,38,1,0,140,142,108,137
13,Low,37,0,0,168,179,42,180
14,Medium,36,0,0,124,121,83,123
16,Medium,39,1,1,188,187,59,189
18,High,28,1,0,170,181,116,186
16,Medium,19,0,0,176,178,76,190
16,Medium,22,0,0,122,117,64,112
13,Medium,23,0,1,164,172,76,176
16,High,38,1,0,164,153,105,159
18,High,20,1,0,158,167,97,178
19,Low,24,0,0,135,133,51,145
19,Medium,20,0,0,141,138,85,139
13,Medium,37,0,0,150,147,57,145
12,Low,38,0,1,147,138,38,143
16,High,34,1,0,186,178,89,171
13,Medium,38,1,0,189,194,56,188
9,Medium,33,1,0,180,180,78,176
14,Medium,34,0,0,180,170,71,164
9,High,32,0,0,138,145,111,154
11,Medium,25,1,0,149,150,58,161
9,Medium,22,0,0,142,137,71,146
14,Medium,35,1,1,134,135,78,128
14,Medium,39,1,0,170,178,77,175
15,Medium,24,0,0,170,163,76,157
12,High,23,1,0,124,120,91,114
12,Low,24,1,0,154,153,39,147
11,Low,19,0,0,125,134,29,133
18,Low,21,1,0,188,193,50,205
16,Medium,32,0,0,171,165,72,171
11,Medium,28,0,0,155,165,70,164
9,Low,24,0,0,177,175,38,168
15,Medium,29,1,0,137,127,70,133
8,Medium,40,1,0,145,154,79,164
14,Medium,25,1,0,121,119,80,112
8,High,37,0,0,141,143,97,153
11,High,27,0,0,163,160,91,157
8,High,30,1,1,161,159,118,160
12,Low,26,0,0,175,180,43,190
13,High,32,0,0,171,178,119,179
13,Low,25,0,0,182,176,40,184
16,High,34,0,0,121,126,105,130
13,Medium,32,1,0,187,184,79,182
8,High,38,1,1,121,110,104,110
18,Low,38,0,0,128,117,55,121
11,Low,19,0,0,148,152,33,150
19,Low,21,1,0,128,125,37,135
8,Medium,34,0,1,129,139,64,143
8,Medium,35,0,0,169,181,67,175
10,Medium,21,1,0,129,128,75,136
11,Medium,40,1,0,133,126,70,136
8,Medium,19,1,0,171,163,69,160
13,High,18,0,0,137,139,102,136
9,Medium,28,1,1,133,133,70,131
18,Medium,37,0,0,189,188,58,185
11,High,27,0,0,144,133,117,136
19,High,22,0,1,150,153,100,149
8,Medium,23,0,0,180,169,77,171
9,Low,24,0,0,165,173,29,184
19,High,27,1,0,163,169,107,175
18,High,38,0,0,176,177,116,176
14,Low,29,0,0,180,177,40,179
17,Low,19,0,0,175,175,47,172
14,Medium,30,1,0,153,150,80,161
9,High,32,1,0,137,128,120,122
15,Low,25,1,0,158,162,36,161
10,Low,18,0,0,134,123,49,117
13,Low,23,1,0,178,173,26,178
12,High,38,0,1,154,154,114,165
17,High,25,0,0,167,165,89,159
13,Medium,33,1,0,126,126,62,135
13,Medium,22,0,0,164,165,75,163
17,Medium,29,1,1,188,177,72,179
17,Medium,22,1,0,156,147,64,150
16,High,40,0,0,150,153,88,156
17,Low,38,0,0,139,141,52,145
16,Medium,18,1,0,138,127,83,131
9,Low,25,1,0,138,133,45,126
9,Low,32,0,0,138,135,28,135
12,Medium,40,0,0,147,158,83,167
14,High,18,0,0,153,159,93,167
8,High,35,1,0,144,140,104,149
18,Low,37,1,0,135,139,47,145
14,Medium,38,0,0,160,154,67,165
19,High,31,0,0,162,170,91,177
9,High,35,0,0,180,179,105,184
14,High,34,0,0,186,183,87,175
10,High,20,1,0,161,159,117,158
9,Medium,19,0,0,152,156,63,150
18,Medium,21,0,0,169,167,64,160
12,Medium,18,1,1,157,158,80,166
16,Low,32,0,0,142,147,26,149
18,Medium,21,1,0,127,134,78,142
16,Low,39,1,0,172,163,27,159
16,Medium,35,0,0,124,116,65,111
14,High,39,0,0,169,169,105,167
18,Medium,30,0,0,183,186,67,183
15,Low,25,0,0,182,189,34,188
15,Medium,23,0,1,189,177,64,171
14,High,29,0,1,125,123,116,132
18,Medium,23,1,0,165,156,67,153
16,Low,28,1,0,166,163,36,166
10,Medium,34,0,0,150,145,65,137
11,High,38,1,0,155,155,105,167
11,High,21,1,0,158,168,111,174
17,Low,38,0,0,179,187,32,181
14,Low,20,1,1,156,164,31,162
19,Medium,40,0,0,166,165,65,175
9,Medium,37,0,0,149,138,68,134
16,High,34,0,0,130,133,98,127
16,High,20,1,0,157,149,94,146
19,High,35,1,0,136,134,108,134
12,Low,29,1,0,143,152,42,152
17,Medium,25,0,1,129,119,70,128
14,Low,24,0,0,159,171,51,163
8,High,18,1,0,161,159,112,159
14,High,34,1,0,123,126,117,125
15,High,19,0,0,179,182,101,187
14,Low,35,1,0,140,136,50,133
10,Medium,33,0,0,184,193,83,188
17,Medium,21,0,0,145,141,65,146
17,Low,28,0,0,123,117,27,128
15,Medium,31,0,1,184,192,61,200
8,Low,21,1,0,126,128,45,134
8,Low,40,1,0,120,120,53,117
8,High,26,0,0,156,163,109,171
17,Medium,32,1,0,166,157,65,153
13,Medium,31,0,0,180,175,77,167
18,Medium,37,0,0,170,160,81,154
11,High,21,1,0,145,148,119,158
18,Medium,20,1,0,171,183,57,180
13,High,38,0,0,187,187,119,179
8,High,26,0,1,171,165,114,176
10,Medium,37,0,0,140,137,79,142
18,Medium,33,1,0,126,128,79,135
10,High,28,0,0,132,142,102,137
19,Low,33,1,0,186,186,36,190
9,High,24,0,0,153,155,87,157
9,High,20,1,0,139,129,91,139
12,Medium,27,1,0,173,185,76,177
17,Low,37,0,0,125,131,36,138
14,Low,38,1,0,183,193,54,198
13,High,25,1,0,132,143,109,139
16,Medium,19,0,0,184,177,62,173
19,High,36,0,0,122,128,119,128
18,High,36,1,0,132,128,92,128
11,Medium,32,1,0,130,124,75,118
13,Medium,28,0,0,165,173,77,167
8,High,40,1,0,156,152,97,152
13,Low,31,1,1,154,164,33,172
9,High,23,0,0,135,131,119,133
9,Medium,29,0,0,136,143,60,136
9,High,32,1,0,134,128,94,136
17,High,36,0,0,183,181,117,184
12,High,23,0,0,178,174,102,180
19,High,20,1,1,157,168,102,176
15,High,19,0,0,165,176,103,175
8,High,22,0,1,175,178,92,178
14,Medium,34,0,0,143,146,85,140
11,High,23,1,1,172,165,91,157
10,Low,28,1,0,188,196,27,206
18,Medium,26,1,0,161,163,64,155
17,Medium,23,0,0,128,138,81,132
9,Medium,29,0,0,156,164,83,158
19,Medium,37,0,0,155,158,62,161
8,High,18,0,0,189,186,107,179
13,Medium,35,0,0,121,125,69,136
18,Medium,22,0,0,141,135,79,135
13,Medium,18,0,0,121,110,56,118
11,Medium,20,1,0,187,189,69,183
17,Medium,32,1,0,158,157,72,161
14,High,35,1,0,148,157,117,162
11,Medium,35,0,0,171,169,85,161
10,Low,31,0,0,126,132,28,129
8,High,39,1,0,163,163,110,161
18,Low,25,0,0,176,186,39,185
15,Medium,21,0,0,158,163,75,169
12,Medium,30,0,0,146,138,67,145
12,Medium,34,0,0,141,134,63,126
17,Low,18,1,0,171,167,36,167
14,Medium,38,0,0,130,129,81,121
17,Medium,23,0,0,171,163,74,162
11,Medium,23,1,0,146,152,64,147
9,Low,20,1,1,179,189,47,195
15,High,30,0,0,170,168,86,178
17,High,25,0,0,162,150,114,161
12,Medium,34,1,0,148,145,80,148
19,High,22,1,0,124,134,91,126
10,Low,20,0,0,180,191,30,195
17,Low,22,1,0,183,183,48,188
16,Low,27,0,1,152,164,54,168
12,Medium,24,1,1,132,123,60,117
17,High,26,1,0,165,167,89,177
17,Low,21,0,0,140,152,44,146
10,Medium,22,1,0,160,162,85,160
10,High,32,1,0,149,144,120,155
13,Medium,26,1,0,178,169,71,165
14,Medium,37,0,0,126,126,84,123
13,Low,34,1,0,166,170,34,177
10,High,34,1,0,139,141,115,143
15,Medium,32,1,0,166,166,82,158
9,Medium,28,1,0,135,141,74,153
16,High,39,0,0,143,155,104,164
17,Low,39,1,1,136,132,49,142
15,Medium,38,0,0,181,169,76,161
10,High,26,0,0,168,161,111,161
17,Low,27,0,0,149,151,37,149
11,Medium,18,0,0,145,145,57,155
15,High,25,0,0,180,185,106,195
10,Medium,30,0,0,172,177,69,188
19,Low,23,1,0,157,160,48,161
19,High,40,1,0,166,174,87,180
18,High,38,0,0,162,171,90,164
9,Medium,34,1,0,168,178,74,182
12,Low,19,0,0,150,149,48,161
14,Medium,19,1,0,166,160,63,163
19,Medium,36,0,0,151,145,83,144
12,Medium,35,1,0,172,163,66,155
9,Medium,23,1,0,189,189,77,185
19,Medium,27,0,0,188,184,71,190
8,Medium,18,1,0,167,175,60,176
14,High,35,1,0,156,144,91,152
18,Low,21,0,0,186,174,49,170
8,High,21,1,1,132,127,114,119
19,Medium,19,0,1,120,128,64,120
17,Low,29,1,0,152,159,55,158
11,Medium,22,0,0,183,181,78,186
12,Low,24,0,0,133,133,45,144
8,Medium,27,0,0,145,153,67,159
8,High,22,0,0,142,151,90,154
18,Low,26,0,0,158,169,37,169
8,High,19,1,0,126,137,102,140
11,High,27,1,0,161,158,89,159
9,Medium,22,1,0,185,177,85,175
18,Low,21,0,0,126,128,40,137
12,Medium,33,0,0,189,195,76,195
17,High,38,1,0,190,198,88,207
17,High,37,1,0,163,173,86,185
11,Low,31,1,0,150,139,40,143
17,Medium,19,1,0,163,162,80,170
9,Low,20,1,0,164,170,46,174
12,Medium,22,0,0,159,165,78,166
18,Medium,32,0,0,151,162,83,154
10,Low,29,0,0,127,121,44,132
14,Medium,22,1,0,186,181,64,176
16,Low,32,0,0,162,160,52,169
12,Low,30,1,0,122,129,27,121
12,High,23,1,0,184,175,114,185
9,Medium,27,1,0,144,153,76,156
19,High,24,0,0,167,167,119,166
8,Medium,24,1,0,160,154,83,165
14,Medium,29,1,0,146,148,83,151
13,High,20,0,1,178,187,100,195
11,Low,22,0,0,127,138,26,139
19,High,34,0,0,174,164,99,162
14,High,23,1,0,135,126,113,130
14,Low,21,1,1,152,149,29,159
14,Medium,28,1,0,175,173,71,180
18,Medium,39,0,0,165,163,79,168
17,Medium,26,0,0,128,121,56,115
14,High,36,1,0,174,163,87,173
11,High,18,0,0,182,180,96,174
11,Low,25,1,0,183,191,55,195
11,Medium,37,1,0,183,192,67,201
19,Low,40,1,0,180,185,42,191
13,Medium,25,0,1,148,141,58,146
11,High,38,1,0,135,139,94,151
8,Medium,32,1,0,173,162,74,174
18,Low,26,0,0,155,158,36,152
19,Low,37,0,1,166,162,52,162
12,High,29,0,1,164,175,96,172
17,Low,25,0,0,123,132,51,139
11,Medium,36,0,0,170,161,69,166
14,High,34,0,0,135,142,111,151
18,High,29,1,0,182,187,87,186
14,Low,26,1,0,137,145,43,145
9,Medium,40,0,0,133,123,73,135
10,Medium,28,1,0,145,146,78,152
16,High,40,0,0,135,128,100,122
16,Medium,22,1,0,136,144,72,141
16,Medium,18,0,0,138,146,68,158
13,Medium,31,0,0,152,155,64,152
11,High,37,0,0,146,151,87,145
15,High,18,1,1,162,164,86,168
17,High,21,1,0,142,150,95,150
11,Medium,26,0,0,121,128,82,130
11,Low,37,1,0,138,141,50,151
13,Low,40,0,0,128,136,27,137
15,Low,38,1,0,150,144,35,138
8,High,31,1,0,133,136,118,135
13,Low,39,1,0,160,148,54,153
17,Low,28,1,0,141,143,44,139
16,High,36,0,0,124,121,100,122
17,Medium,28,1,0,158,167,72,173
11,High,32,0,0,137,135,111,133
16,Medium,32,1,0,173,173,73,170
14,Low,19,1,1,137,149,53,155
11,Low,29,1,0,171,181,35,178
13,Medium,18,1,0,171,181,71,192
18,Medium,21,1,0,189,191,74,202
19,High,28,1,0,166,158,101,158
18,Medium,21,0,0,190,181,59,191
11,Low,32,1,0,145,146,48,149
10,Medium,20,1,0,121,125,85,131
8,High,23,0,0,178,167,109,171
13,Low,38,1,0,153,142,42,140
12,Low,20,0,0,138,129,38,141
14,Medium,27,0,0,151,139,61,151
19,High,24,0,0,165,167,95,176
16,Low,20,1,1,146,145,26,148
12,Medium,37,0,0,184,195,75,203
17,High,30,0,0,183,175,113,182
14,High,22,0,0,166,156,103,155
8,Low,21,1,0,126,130,48,126
17,Low,31,1,0,177,187,52,197
14,Low,33,0,0,133,131,51,126
19,Medium,35,0,0,169,171,80,183
11,Low,32,0,1,150,162,30,165
9,Low,23,1,0,166,173,53,169
18,Medium,32,0,0,158,147,70,157
19,Low,28,1,0,159,152,38,160
10,Low,37,1,0,171,170,48,179
13,Medium,29,0,0,182,191,72,198
15,Medium,23,0,0,185,194,58,196
10,High,19,1,0,129,131,106,125
17,Low,39,0,0,165,174,51,183
10,High,31,0,0,120,112,113,115
14,Medium,27,0,0,132,136,67,136
15,High,32,1,0,138,144,115,150
16,Low,34,1,1,181,170,49,176
9,Low,26,1,0,126,117,50,120
12,High,25,0,0,163,175,96,174
10,Medium,35,1,0,173,182,56,176
11,Low,33,1,0,142,142,38,139
12,Low,31,0,0,153,145,41,142
13,Low,23,0,0,120,112,46,116
16,Low,27,0,0,165,174,53,175
13,Medium,26,1,0,164,157,70,151
8,Low,38,1,1,164,176,45,181
16,High,18,0,0,182,180,109,182
18,Low,33,1,0,179,190,38,182
12,High,35,0,0,151,144,106,148
16,Low,23,0,1,173,181,38,175
16,High,22,0,0,137,139,94,137
19,High,25,1,0,182,192,106,203
19,Medium,40,1,1,181,170,81,168
18,Medium,18,0,0,138,139,72,150
17,Medium,23,1,0,155,146,75,158
13,High,19,0,0,167,164,89,159
14,Low,27,1,0,179,190,40,198
12,Medium,35,0,0,167,162,81,154
11,High,23,1,0,175,172,111,178
10,Medium,38,0,0,173,173,69,178
19,Medium,24,1,0,127,127,61,131
13,High,19,0,0,183,174,104,179
17,Medium,23,0,0,121,122,69,122
16,High,27,1,0,165,159,96,161
16,Low,21,1,0,142,139,55,140
9,Medium,20,0,0,173,180,57,181
10,Low,25,1,0,183,182,29,181
13,Low,30,0,0,165,171,35,179
16,Medium,35,1,0,150,156,62,163
17,Medium,30,1,0,123,111,68,110
8,Low,19,1,0,120,118,27,128
16,Medium,34,0,1,155,167,66,161
13,Medium,30,0,0,156,164,58,169
16,High,21,1,0,134,124,109,117
14,High,36,1,0,125,121,120,114
19,High,25,1,0,124,113,99,110
18,Medium,29,0,0,179,181,83,173
15,Medium,29,0,0,155,147,76,158
16,High,30,0,0,172,180,106,172
19,Low,37,0,0,138,138,31,149
18,Medium,30,0,0,185,196,62,206
15,Medium,29,1,0,145,154,57,159
11,High,30,0,0,152,148,98,159
11,Medium,24,0,0,147,152,56,145
16,Medium,23,1,0,158,165,79,175
8,Low,18,0,0,129,134,48,144
15,Medium,33,1,0,163,163,61,158
15,Medium,19,0,0,160,150,71,157
19,Medium,24,1,0,151,141,60,149
17,Medium,39,0,0,167,165,82,163
17,Low,34,1,1,122,111,55,110
9,High,39,0,0,136,143,119,143
10,High,34,1,0,127,116,96,114
18,Low,35,1,0,137,141,42,136
10,Medium,24,0,0,169,159,60,151
14,Medium,19,0,0,121,129,75,128
17,High,24,1,0,126,125,105,131
11,Medium,18,0,0,122,116,75,120
18,Low,36,0,0,179,171,47,163
15,Low,34,1,0,162,173,36,172
9,High,34,1,0,185,186,102,191
11,Medium,28,1,0,157,156,67,168
10,Low,34,1,0,186,180,51,181
13,Low,26,0,0,177,183,32,194
18,High,36,0,1,152,157,95,161
14,Low,22,1,0,183,180,36,174
12,Low,35,0,1,135,139,49,142
19,Low,36,1,0,125,115,34,119
14,Medium,31,0,0,158,165,85,169
15,Low,32,1,0,120,118,54,130
9,Low,32,1,0,189,195,51,206
17,High,19,1,0,141,153,100,149
9,Medium,28,1,1,139,146,73,141
14,Low,37,1,0,158,158,48,161
17,Low,33,0,0,176,177,52,178
11,Medium,38,0,1,175,177,70,169
17,Medium,37,0,1,172,166,66,174
17,Medium,28,0,0,174,169,83,176
8,High,38,1,1,145,148,87,143
12,High,18,0,1,137,146,94,144
11,Medium,37,1,0,140,135,73,144
17,Medium,27,0,0,166,168,60,176
15,Low,34,0,0,182,181,43,177
17,Medium,38,1,0,181,189,74,194
12,Medium,19,0,0,161,172,67,184
9,High,25,0,0,174,175,107,173
16,Low,20,1,0,189,186,28,180
10,Low,18,1,0,125,121,27,125
18,Medium,39,1,0,125,135,82,141
19,Low,39,1,1,121,121,53,113
12,Low,40,0,0,131,142,30,135
13,Medium,22,0,0,122,114,63,121
13,Medium,27,0,0,167,176,79,171
19,High,32,1,0,189,197,99,197
11,Medium,28,1,0,126,133,75,141
9,Low,21,0,0,152,160,32,164
13,Medium,27,1,0,150,154,57,152
18,Medium,36,0,0,175,176,79,176
16,Low,22,1,0,129,120,50,112
16,Medium,21,1,0,167,173,74,178
11,Low,30,0,1,131,130,36,142
12,High,30,0,0,156,146,95,152
11,Low,29,0,0,137,145,51,144
12,Medium,35,1,0,121,124,65,133
10,Low,27,0,0,152,147,37,150
19,Medium,31,0,0,129,139,85,151
14,Low,26,1,0,177,166,53,172
9,Medium,40,1,0,133,138,76,132
8,Low,23,0,0,141,146,47,156
15,High,30,0,0,143,131,102,140
8,Medium,28,1,0,189,197,81,204
15,Medium,36,0,0,172,170,78,175
15,Low,26,1,1,141,140,53,140
17,High,18,1,0,149,160,105,169
18,Medium,32,0,0,171,182,57,190
9,High,32,1,0,133,122,104,116
12,Low,38,0,0,172,165,32,169
14,Medium,39,1,0,129,125,75,127
17,High,24,0,0,144,138,88,134
11,Medium,30,1,0,177,166,73,170
8,Medium,37,0,0,177,170,80,167
13,High,35,1,0,121,133,92,129
18,Medium,32,1,0,135,135,75,141
12,High,32,0,1,132,144,108,142
11,Medium,40,1,0,182,170,72,167
17,Low,22,0,0,178,176,52,170
17,High,18,0,0,176,164,118,159
15,Medium,34,1,0,181,176,59,177
14,Low,35,0,1,155,152,51,159
9,High,24,1,0,175,166,106,174
17,Medium,19,1,0,124,124,79,132
9,Medium,32,1,0,164,176,78,185
14,High,25,1,0,184,174,90,171
11,Low,25,0,0,138,149,27,156
12,Low,27,1,0,181,173,29,176
19,Low,19,1,0,170,180,38,187
9,Medium,37,1,0,189,184,61,186
11,High,34,0,0,137,149,89,161
10,Low,38,0,1,145,155,41,164
16,Medium,34,1,0,125,122,66,129
17,High,24,0,0,183,177,113,184
18,Medium,29,1,0,173,170,70,171
14,High,23,1,1,129,117,86,118
10,Low,31,1,0,136,127,41,123
19,Low,33,1,0,187,191,50,188
13,High,19,1,0,188,193,106,200
17,High,30,0,0,163,169,108,179
11,High,18,0,0,187,195,111,196
18,High,27,0,0,186,184,108,186
11,Medium,20,1,0,169,168,81,167
8,High,23,0,0,126,134,103,145
10,High,37,0,0,124,114,99,118
16,High,26,1,0,122,111,113,112
17,High,39,0,0,168,159,98,161
8,Medium,25,1,1,126,125,77,127
11,High,25,0,0,128,119,96,122
11,Medium,39,0,0,125,129,84,127
16,Low,34,1,0,145,150,26,144
11,Medium,28,0,0,154,148,77,158
19,Medium,23,0,0,136,140,66,152
13,Low,40,1,0,137,136,27,134
18,Medium,23,0,0,150,140,58,151
19,Medium,37,0,0,166,156,66,149
10,High,34,0,0,145,135,109,127
19,Medium,35,0,0,137,138,82,147
11,High,22,1,0,162,154,104,148
9,High,28,0,0,146,156,94,167
10,Medium,18,1,0,136,146,72,145
15,Low,38,0,1,147,155,48,167
17,Medium,26,0,0,154,156,75,168
17,Medium,31,0,1,142,146,59,138
14,Medium,29,0,0,150,162,83,158
14,High,36,1,0,180,187,90,189
10,Low,33,0,0,159,148,47,145
12,Medium,39,0,0,156,161,76,160
12,Medium,26,0,0,185,181,81,186
11,High,27,1,0,128,121,93,126
8,High,36,1,0,126,117,92,115
10,High,33,1,1,158,151,113,163
17,Medium,36,0,1,134,143,72,137
14,Low,40,1,0,140,151,48,157
15,High,34,0,0,143,132,103,138
11,Low,40,1,0,172,175,40,173
16,High,18,0,0,127,134,89,146
18,Low,21,1,0,166,162,34,164
13,Low,29,1,0,144,145,52,155
13,Low,40,0,0,169,168,46,160
8,Medium,26,1,0,147,143,76,147
8,Low,28,0,0,129,136,49,146
11,Low,31,0,0,178,169,50,165
19,High,29,1,0,125,119,118,126
13,Medium,39,1,0,130,121,85,118
16,Medium,38,1,0,186,195,58,202
16,Low,27,1,0,183,180,44,192
12,Low,36,1,0,133,141,25,136
11,Low,20,1,0,177,175,35,171
8,Low,29,1,0,190,186,38,196
18,High,33,1,0,173,173,87,174
19,Medium,25,1,0,153,145,83,144
13,Medium,29,1,0,153,147,75,155
11,Medium,27,1,0,180,183,59,187
11,Low,32,1,0,130,123,54,125
15,Medium,34,1,0,160,159,62,169
15,High,36,1,0,177,184,119,195
11,Low,19,1,0,150,147,35,141
8,Medium,27,0,0,159,156,76,163
19,High,23,1,0,148,152,107,159
18,Medium,30,0,0,133,133,64,132
11,Medium,22,1,0,163,175,79,177
12,Medium,22,0,0,174,176,72,186
17,High,23,1,0,139,150,108,149
10,Medium,32,1,0,130,125,61,125
15,Low,38,1,0,163,152,28,147
17,High,37,1,1,146,150,95,148
16,Medium,18,0,0,184,177,74,173
16,Medium,20,0,0,138,126,65,137
8,Medium,21,0,0,163,170,68,175
14,Low,36,0,0,130,123,41,132
15,High,26,1,0,151,158,90,152
17,Low,40,0,0,128,116,40,126
15,High,27,0,0,176,179,108,171
12,High,32,1,0,155,144,100,142
19,Low,33,0,0,124,125,34,136
19,High,36,0,0,180,183,97,189
12,High,40,0,0,130,139,91,150
19,Medium,36,1,0,122,110,74,110
15,Medium,18,0,1,187,196,57,205
17,High,25,0,0,121,111,94,112
17,High,18,0,0,179,179,102,174
12,High,38,1,0,130,128,106,140
9,Low,40,1,0,145,152,46,144
8,Low,23,1,0,152,143,26,154
19,High,22,0,0,150,158,88,170
16,Low,35,0,0,130,119,46,118
15,Medium,38,1,0,189,185,76,187
10,High,28,0,0,122,123,88,133
8,Low,39,1,0,183,193,54,193
12,Low,23,1,0,164,160,52,171
10,High,31,0,0,189,194,89,200
10,Low,31,0,0,150,142,52,139
10,Medium,23,1,0,141,136,79,130
11,Low,25,1,0,121,125,37,118
12,Medium,29,1,0,181,176,74,174
17,Medium,31,0,0,138,142,77,141
9,Low,26,0,0,156,157,48,154
16,Low,31,0,0,121,123,31,115
18,High,36,1,0,137,131,103,141
8,Medium,38,0,0,173,173,74,166
12,Low,30,1,0,190,180,46,185
13,Low,40,1,0,178,177,51,170
17,Low,35,0,0,172,168,47,171
15,High,29,0,0,182,172,107,169
16,High,25,1,1,179,175,116,176
15,Medium,26,1,0,143,141,73,152
13,High,26,1,0,148,137,90,142
16,Low,25,0,1,185,187,36,185
9,High,18,1,0,143,142,100,143
11,Medium,33,1,0,122,129,74,122
13,Low,19,0,0,121,122,30,120
10,High,36,1,0,181,170,98,166
13,High,21,1,0,136,124,100,122
9,Medium,36,1,0,125,130,56,129
13,Medium,38,0,0,123,128,63,126
10,Low,30,1,0,138,145,38,151
15,Low,36,0,0,124,129,35,125
13,Low,35,1,0,180,172,41,174
10,Medium,18,1,0,160,165,62,164
10,Medium,24,0,0,183,185,61,188
19,High,25,1,0,134,146,108,139
16,Medium,31,0,0,156,144,65,150
17,Medium,26,0,0,178,188,85,188
16,High,29,1,0,135,132,96,124
8,Medium,24,0,0,131,136,79,129
15,Medium,35,1,0,144,151,78,143
11,Low,31,1,0,144,156,26,165
13,Low,26,0,0,164,152,50,149
15,High,21,0,0,123,131,113,132
8,High,30,0,0,143,146,103,148
14,Low,39,1,0,160,167,50,177
8,Medium,28,0,0,158,164,62,162
18,Low,18,1,0,151,156,47,157
11,Medium,30,0,0,123,115,82,118
8,Medium,22,0,0,122,126,62,137
17,Medium,20,1,0,128,139,64,149
14,Low,31,0,0,156,153,46,152
19,Medium,38,1,0,184,192,84,202
13,Medium,25,1,0,127,130,61,127
15,Low,30,1,1,148,143,45,144
19,Medium,25,0,0,149,161,76,165
18,Low,23,1,1,185,197,42,191
16,Low,27,0,0,166,161,45,172
18,Low,34,1,1,171,169,44,175
16,Medium,33,1,0,176,176,59,179
12,High,35,1,0,166,158,110,168
14,Medium,40,1,0,184,194,78,205
18,Low,27,1,0,129,137,27,141
9,High,26,1,0,165,177,113,184
16,Medium,28,1,0,178,178,82,171
12,Low,38,1,0,140,143,38,142
18,Low,38,1,0,156,166,44,171
16,Medium,40,1,0,134,122,67,115
18,Medium,37,1,0,140,137,83,149
11,High,24,0,0,127,135,90,135
13,Medium,39,1,0,135,130,73,140
11,High,38,0,0,141,139,103,149
18,Medium,22,0,0,122,110,78,116
17,High,36,1,0,125,114,98,114
9,Medium,36,1,0,184,185,77,190
13,Low,20,1,0,174,178,29,188
17,Medium,18,0,0,167,165,82,174
15,Low,31,1,0,161,170,26,180
14,Low,31,1,0,169,170,53,172
10,Medium,35,0,0,187,175,70,176
10,Low,38,0,0,175,181,28,185
9,Medium,26,1,0,181,169,59,176
15,Medium,32,0,0,190,193,78,195
13,Low,24,1,0,182,171,40,180
19,High,21,1,0,140,133,109,129
12,Low,30,0,0,189,180,33,177
12,High,22,1,0,129,130,108,132
17,Low,36,0,0,178,190,52,201
13,Medium,34,1,0,173,183,59,194
17,High,18,0,0,169,179,102,175
19,Low,22,1,0,164,175,26,168
10,Low,37,0,0,136,134,38,146
18,High,39,1,0,152,140,108,137
13,Medium,31,0,0,170,178,84,181
10,Medium,40,0,0,181,189,77,183
13,High,35,1,0,136,145,112,140
14,Medium,27,0,0,173,182,79,176
11,Low,26,1,0,160,169,40,179
8,Medium,32,0,0,181,175,79,169
14,Low,30,0,0,133,136,44,142
12,Medium,20,1,0,130,122,60,129
13,Medium,30,1,0,187,180,82,190
9,Medium,33,0,1,132,129,70,141
15,Medium,37,1,0,155,145,66,137
17,High,40,0,0,128,117,103,124
16,Medium,39,1,0,130,127,60,134
9,Medium,40,0,1,168,169,73,167
14,Medium,31,0,0,133,131,72,124
15,Low,37,0,0,183,183,46,177
15,High,24,1,0,186,183,86,180
12,High,36,0,0,178,179,90,171
14,Medium,18,1,0,127,123,68,125
8,High,24,0,0,158,146,108,141
9,Low,32,1,0,172,181,42,173
12,Medium,28,0,0,160,169,68,176
11,Medium,18,1,0,181,177,75,171
13,Low,39,1,0,147,136,29,139
8,Medium,34,0,1,189,197,79,207
9,High,23,1,0,166,154,113,157
19,Low,27,1,0,169,158,51,153
11,Low,35,0,0,189,194,30,206
11,High,23,0,0,169,164,94,159
17,High,28,1,0,184,180,90,173
15,Medium,31,1,1,124,116,67,120
8,Low,19,0,0,166,168,52,180
11,High,24,1,0,172,163,107,166
12,Low,30,0,0,188,187,26,194
18,Medium,32,1,0,121,118,74,116
9,Medium,21,1,0,171,162,69,173
18,High,26,1,0,129,118,119,126
10,Medium,33,1,0,167,174,67,183
10,High,33,1,0,137,140,120,136
18,Medium,32,0,0,165,176,70,188
19,Medium,33,0,1,128,121,71,130
15,Medium,36,0,0,150,146,65,141
18,Medium,31,0,0,175,183,77,181
10,Low,18,0,0,141,151,31,159
10,Medium,25,0,1,147,143,65,142
17,High,36,0,0,180,192,119,193
18,Low,26,0,0,138,149,50,145
14,Low,18,1,0,137,141,50,149
16,Low,21,1,0,154,158,42,164
13,Low,22,0,1,138,140,30,137
12,Low,37,1,0,167,169,45,167
8,High,25,0,0,172,161,98,157
8,Medium,33,0,0,187,181,58,180
12,Medium,33,1,0,174,183,81,190
18,Medium,29,1,0,121,113,84,110
17,High,39,0,0,144,148,111,153
18,Medium,40,0,0,190,192,67,185
10,Low,20,1,0,132,132,52,131
10,Low,28,1,0,181,177,31,176
14,High,29,1,0,139,140,119,138
10,Low,38,1,0,144,149,53,142
13,Medium,33,1,0,167,172,79,181
15,High,18,1,0,137,125,118,122
16,Low,30,1,0,160,148,38,143
16,High,30,1,0,186,180,97,176
8,Medium,20,1,0,149,141,82,145
16,Low,25,0,0,129,127,32,130
9,Medium,27,1,0,129,129,62,126
9,Medium,25,0,0,186,181,73,188
9,Medium,26,1,0,157,167,56,169
13,Low,39,0,0,138,145,34,144
16,Medium,26,1,0,137,133,69,142
13,Low,21,1,0,167,159,30,152
18,Low,21,0,0,127,137,34,144
18,Low,19,0,0,176,172,32,171
8,Medium,20,1,1,139,131,74,136
11,Medium,37,0,1,155,161,67,163
14,Low,38,1,0,164,158,36,164
8,Medium,40,0,0,125,121,57,113
10,Low,31,1,0,185,187,50,184
12,Medium,34,1,1,161,155,63,151
9,High,21,0,0,122,117,106,116
8,Medium,19,0,0,120,110,61,122
15,Medium,36,0,0,147,148,69,154
13,Low,26,0,0,188,194,43,203
16,High,34,0,0,175,170,107,167
15,Medium,32,0,0,147,156,80,155
18,Medium,34,0,0,143,150,71,157
13,Low,37,0,0,166,176,49,185
12,Medium,22,1,0,154,158,69,170
11,Low,20,0,0,163,157,41,167
11,Medium,25,0,0,151,139,83,143
19,High,37,1,0,149,146,101,146
11,Low,36,0,0,132,129,43,127
9,Medium,33,1,0,177,186,74,179
19,Low,39,1,0,190,200,46,205
13,Medium,20,1,0,161,162,74,174
16,Low,32,1,1,142,153,31,165
19,Low,19,1,0,137,132,38,132
16,Low,24,1,0,177,167,46,173
17,High,34,0,0,175,165,114,162
14,Medium,19,1,1,139,128,71,120
14,Medium,31,0,0,182,179,79,179
10,High,24,0,0,171,172,87,165
15,Low,37,0,0,157,165,49,168
10,Low,31,0,0,155,148,32,149
12,Medium,40,0,0,167,177,69,173
19,Low,29,0,0,183,184,46,195
9,Low,33,1,0,163,171,33,172
10,Low,38,1,1,128,136,55,139
15,Medium,20,1,0,162,167,82,161
17,Low,18,0,0,125,116,52,118
17,Low,18,0,0,159,158,41,157
10,Medium,18,0,0,167,161,71,167
9,Medium,34,1,0,171,160,79,162
16,Medium,31,0,0,143,136,76,135
16,Medium,22,0,0,127,119,69,120
11,High,35,0,0,159,149,105,152
17,High,37,1,0,140,141,104,138
18,High,27,0,0,132,141,118,147
17,Medium,39,0,0,159,168,77,172
14,Medium,22,0,0,145,140,85,144
17,Medium,40,1,0,162,162,80,154
11,Low,34,0,0,170,174,30,184
12,Medium,20,1,0,142,141,73,145
15,Medium,20,0,0,130,118,76,123
17,Medium,23,1,0,170,171,68,165
12,Medium,35,0,0,131,142,71,144
12,High,26,1,0,153,159,94,163
17,High,28,1,0,189,179,94,174
19,Medium,22,0,0,167,158,84,163
8,Low,19,1,0,152,144,34,143
8,High,26,0,1,190,178,97,190
11,High,28,1,0,142,136,111,139
16,Low,20,1,1,132,125,55,125
13,Medium,24,0,0,185,187,83,199
11,Low,38,0,0,130,123,50,120
17,High,25,0,0,158,161,95,167
16,Low,21,1,0,185,193,47,204
17,Medium,22,0,0,157,160,69,165
8,Low,19,0,0,122,133,30,132
19,Low,38,1,0,144,141,40,139
10,Low,19,0,0,151,150,46,148
14,Medium,35,0,0,166,176,65,186
18,Medium,38,0,0,182,188,72,196
12,Medium,27,1,0,167,157,58,149
17,Medium,38,0,0,156,152,63,154
11,Medium,21,1,0,148,148,56,155
14,Low,18,1,0,167,162,35,167
16,Medium,24,1,0,120,112,60,114
12,Low,40,1,0,143,133,35,135
15,Medium,18,0,0,184,175,74,187
19,Low,26,1,0,148,149,42,161
14,Low,29,0,0,132,139,52,141
19,Low,40,1,0,185,190,53,195
14,Low,29,0,0,128,130,31,141
17,Low,37,1,0,176,179,46,182
10,Medium,18,1,0,138,145,77,138
17,Low,33,1,1,163,153,51,160
9,Low,24,0,0,121,124,46,133
14,Medium,22,1,0,121,127,72,119
16,Medium,18,1,0,126,125,69,128
16,Low,21,1,0,159,157,55,162
16,Low,35,1,0,176,164,29,166
12,Low,40,0,0,175,168,49,171
10,High,28,0,0,147,148,93,145
10,Medium,19,0,0,142,148,74,142
12,Medium,19,1,0,130,135,77,135
18,Medium,19,1,0,156,150,76,160
15,High,33,1,0,179,191,113,201
17,High,23,1,0,157,155,96,167
15,Low,34,0,0,183,186,42,179
8,High,19,1,0,132,128,103,126
8,Medium,24,1,0,149,142,59,137
10,Low,29,0,0,125,125,34,128
19,Medium,35,1,0,139,148,81,151
19,Low,40,1,0,136,129,51,127
8,Medium,22,1,0,164,167,79,162
18,High,24,1,0,177,186,104,193
8,High,30,1,1,179,173,112,175
18,Low,33,1,0,131,137,32,148
12,Medium,27,1,0,163,168,81,160
8,Low,40,0,1,137,130,42,132
18,High,39,1,0,165,163,93,168
18,Low,18,1,1,130,118,46,129
16,High,34,1,0,164,170,90,163
14,Medium,20,1,0,139,141,63,145
13,High,20,0,0,129,122,95,129
9,Medium,24,1,0,167,177,58,175
16,Medium,35,1,0,159,151,82,144
12,High,34,1,0,143,149,107,156
15,Medium,30,1,0,124,127,82,128
17,Low,26,1,0,122,126,45,120
11,Medium,31,1,0,135,129,73,130
17,Medium,33,1,0,150,140,72,146
9,Medium,40,1,0,178,177,74,187
19,High,29,1,0,167,160,100,154
16,Low,40,1,0,136,125,37,126
18,Medium,40,1,0,158,168,65,165
14,Low,36,1,0,150,154,40,151
9,High,36,0,0,170,178,92,176
12,Medium,19,1,0,130,125,60,125
12,Low,27,0,0,166,167,55,160
10,Low,24,0,0,159,169,42,177
9,Medium,35,0,0,139,147,79,154
15,Low,27,1,0,145,140,44,142
16,Medium,22,1,0,179,179,62,189
18,High,18,0,0,186,185,104,197
9,Medium,36,0,0,172,163,69,156
12,High,26,0,0,188,178,106,177
14,Medium,36,0,0,126,131,65,129
13,High,23,0,0,162,152,110,147
16,Medium,32,1,0,168,170,66,176
15,Medium,30,0,0,161,154,72,153
12,Low,29,0,0,171,178,50,189
12,Medium,40,0,0,173,168,84,171
12,Medium,22,1,0,138,128,76,133
16,Low,29,0,1,139,144,45,152
17,Low,34,1,0,157,159,31,156
16,Medium,26,1,0,161,151,79,145
18,Medium,31,0,0,171,170,82,165
17,Medium,34,0,0,175,170,71,170
18,Low,26,0,0,151,151,54,151
10,Medium,21,1,0,141,139,82,134
8,Medium,23,1,0,153,165,74,167
12,High,36,1,0,170,161,103,167
19,High,26,0,0,150,145,105,140
10,Medium,20,0,0,148,143,57,148
17,Medium,40,1,0,164,153,69,161
14,Medium,34,0,0,145,135,78,142
15,Low,32,1,0,172,176,38,176
18,High,20,0,0,149,141,105,146
17,Low,32,1,1,187,196,34,197
15,Low,23,1,0,168,165,29,158
17,Medium,39,0,0,123,119,73,123
17,High,31,1,0,132,133,120,132
9,Low,29,1,0,165,162,40,168
8,Low,40,0,0,175,182,26,178
8,Low,35,1,0,176,168,48,172
8,Low,22,1,0,144,143,38,138
17,Low,24,0,0,138,148,26,150
11,High,35,0,0,163,153,97,151
19,Medium,19,0,0,138,150,64,155
19,Medium,35,0,0,154,157,68,151
13,Medium,33,0,0,172,167,72,163
10,High,19,0,0,166,164,105,157
17,Medium,23,1,0,176,173,66,167
13,Low,20,1,0,163,160,49,154
16,High,40,0,1,154,146,93,158
14,Low,22,1,0,142,135,30,143
10,Low,29,1,0,141,130,44,126
15,Low,22,1,0,124,132,32,124
16,Low,39,1,0,167,162,47,166
19,Medium,29,1,0,170,182,77,178
18,Medium,34,0,0,121,111,74,118
9,Low,40,0,0,145,136,33,137
17,Medium,22,1,0,137,140,62,144
12,High,34,1,0,162,150,92,154
14,Low,18,1,0,122,125,44,125
10,Low,30,1,0,138,149,39,146
8,High,37,0,0,148,157,118,150
15,Low,18,1,0,159,157,31,153
12,Medium,32,0,0,156,150,64,146
17,High,34,0,0,120,127,92,130
17,Medium,34,0,0,190,181,60,183
10,Medium,23,0,0,124,124,61,119
19,High,28,1,0,139,143,98,140
15,Medium,19,1,0,176,185,70,188
18,High,29,1,0,151,159,98,159
11,Low,38,1,0,186,188,33,198
8,Medium,18,1,0,142,154,72,149
13,Low,25,0,0,175,166,52,172
8,Medium,25,1,0,156,167,68,171
12,Medium,35,0,0,170,178,68,183
12,High,29,0,0,178,168,86,172
17,Medium,33,0,0,122,121,80,133
12,Medium,21,0,0,131,136,72,147
16,Low,28,0,0,180,181,49,178
16,Low,38,1,0,184,182,26,188
16,Medium,37,0,0,135,141,66,136
16,Medium,29,1,0,178,182,70,175
10,Medium,25,1,0,141,145,82,152
16,Low,31,0,0,135,128,26,136
18,Low,34,1,0,162,152,29,159
10,High,25,1,1,125,132,87,142
8,Low,24,1,0,138,135,55,144
11,Low,30,1,0,146,153,40,153
16,Medium,22,1,0,179,179,76,187
18,Medium,32,1,0,155,166,79,178
19,Low,35,0,1,122,124,55,123
8,Low,24,0,1,126,129,37,135
19,Low,18,0,0,166,177,45,184
9,Low,21,1,0,123,116,41,115
14,Low,22,0,0,181,179,46,174
14,Low,30,1,0,184,178,46,188
16,Medium,22,1,0,121,121,82,115
10,Low,21,0,0,157,155,34,149
18,High,34,1,0,179,173,88,167
19,High,30,0,0,122,120,118,128
19,Medium,32,1,0,162,173,65,169
10,Medium,39,0,0,127,128,67,138
9,Medium,29,1,0,128,139,61,146
15,High,38,1,0,144,133,118,136
18,Medium,35,0,0,164,159,59,165
17,Medium,40,1,0,179,176,68,181
18,Low,32,1,0,153,142,42,141
10,Low,32,1,0,171,176,47,174
16,Low,18,1,1,140,141,41,151
9,High,38,1,0,181,191,103,200
16,Medium,26,0,0,187,181,60,188
10,Medium,38,0,0,182,180,75,184
9,Low,19,1,0,177,178,44,189
8,Low,18,1,0,140,151,48,145
8,High,19,0,0,137,135,105,131
11,Medium,37,1,0,178,172,77,184
18,Medium,34,0,0,143,140,72,152
8,Medium,21,0,0,122,134,64,126
12,High,22,1,0,131,125,100,132
19,Low,35,1,0,121,114,27,110
11,Medium,21,1,0,184,187,72,196
15,Low,27,0,1,140,152,36,154
14,High,19,1,0,186,198,113,202
14,Medium,36,0,0,132,128,67,132
14,High,32,1,0,183,171,114,169
9,High,34,1,0,126,119,116,131
11,High,33,0,0,164,165,97,176
16,Low,21,1,0,181,186,47,195
18,High,38,0,0,177,165,113,158
9,Medium,34,1,0,151,148,58,157
9,Low,33,1,0,183,190,52,184
19,Medium,30,0,0,161,163,58,166
11,Low,36,1,0,159,158,45,157
18,Low,39,0,0,124,122,41,115
12,High,27,0,0,155,150,99,157
10,Low,40,1,0,146,150,27,159
13,Medium,21,0,0,189,199,63,209
17,Medium,25,0,0,122,129,84,128
13,Low,30,1,0,137,137,40,132
16,Low,39,1,0,179,171,43,175
11,High,32,0,0,164,172,93,181
16,Low,37,0,0,136,142,40,136
12,Low,33,0,1,155,143,35,155
9,High,37,0,0,165,172,114,174
16,Medium,20,0,0,152,162,59,159
18,High,33,0,0,167,175,119,173
12,High,27,1,0,188,193,91,189
18,High,30,1,0,181,183,115,181
10,Low,18,1,0,133,131,53,131
9,High,29,0,0,165,162,86,171
14,Medium,39,0,0,149,143,79,155
14,High,31,1,0,172,163,91,168
14,Medium,34,0,0,133,142,70,147
15,Medium,32,0,0,174,186,60,186
9,Medium,35,0,0,154,153,57,163
10,Medium,28,1,0,178,175,57,183
10,Medium,22,0,0,132,124,72,133
18,Low,22,1,0,131,127,28,119
19,Medium,19,1,0,171,182,74,177
14,Medium,37,1,1,165,165,76,164
14,High,20,0,0,169,161,119,162
19,Medium,27,1,0,142,141,78,145
10,Medium,31,1,0,120,131,72,137
11,Medium,20,1,0,140,146,77,138
13,Low,22,0,1,168,171,35,168
12,Medium,34,1,0,187,198,72,208
9,Medium,31,0,0,155,144,81,154
10,Low,24,0,0,171,167,45,175
8,High,33,0,0,168,170,114,179
8,Low,31,0,0,165,158,29,164
16,Medium,32,0,0,173,179,77,173
19,High,20,1,1,167,165,109,176
13,High,25,0,0,125,137,105,143
16,High,30,1,1,122,112,113,110
12,Medium,30,1,0,157,163,59,156
10,Medium,19,0,0,176,185,66,187
9,Medium,29,1,0,182,177,56,189
10,Medium,37,0,0,183,172,64,184
9,Low,28,1,0,134,144,26,140
13,Medium,36,1,0,125,131,64,131
16,High,36,0,1,153,155,87,154
19,Low,25,0,0,188,181,42,193
11,Medium,34,1,0,187,183,76,179
17,High,23,0,0,125,123,91,131
16,High,24,0,0,157,145,102,149
14,Medium,23,1,0,170,166,71,175
11,Medium,27,0,0,161,165,76,163
11,Low,19,1,0,187,190,47,196
9,Low,33,0,1,176,164,55,171
15,Low,31,0,0,142,131,39,132
17,Medium,39,0,0,140,152,67,145
19,Medium,32,1,0,174,178,74,177
11,High,23,0,0,148,146,91,138
15,High,24,1,0,171,167,109,169
8,High,30,1,0,179,173,104,176
11,High,34,0,0,142,133,113,129
14,High,35,1,0,161,168,119,172
13,Low,20,1,0,167,159,41,165
11,Medium,35,0,0,186,183,80,186
16,Low,26,1,1,125,118,30,127
11,Low,25,0,0,155,160,51,160
12,High,20,0,0,131,120,108,128
11,Medium,39,1,0,159,169,76,165
11,Low,36,0,0,178,169,32,180
15,Medium,30,0,0,162,155,64,159
12,Low,24,0,0,157,169,50,176
19,High,23,0,0,159,147,113,141
13,Medium,23,1,0,129,136,72,129
17,Medium,32,1,0,177,184,64,192
14,Low,37,1,0,158,162,44,165
11,High,30,0,0,150,162,105,155
13,High,23,0,0,180,180,93,184
10,Medium,37,0,0,180,185,71,189
9,Medium,35,1,0,148,139,72,135
18,Medium,29,1,0,156,146,61,142
15,Medium,24,0,0,147,149,63,155
11,Low,25,1,0,144,152,38,151
10,Medium,21,0,0,138,145,84,152
8,Medium,32,0,0,161,171,61,183
14,High,19,0,1,158,158,93,154
15,Medium,38,0,0,140,141,75,138
14,High,39,1,0,185,191,89,186
12,High,26,1,0,133,139,86,134
16,Low,40,0,0,153,150,49,160
19,High,27,1,0,137,129,86,136
10,Low,28,0,0,142,145,46,144
10,Low,19,1,0,174,173,46,172
17,High,21,0,0,186,187,108,189
11,Low,39,1,0,133,131,46,142
11,High,35,0,0,168,165,96,160
17,Medium,20,0,0,157,161,68,166
9,Low,40,0,0,170,168,36,172
15,Low,37,0,0,170,179,53,183
17,Medium,32,1,0,169,158,74,165
12,Low,26,0,0,142,142,42,150
17,Low,29,1,0,186,185,41,192
10,High,34,0,1,164,168,93,168
8,High,29,0,0,172,174,104,180
18,Medium,23,1,0,154,161,61,158
10,Low,31,0,0,160,167,44,165
15,Medium,32,0,0,120,130,80,131
8,Low,33,1,0,164,176,55,187
13,Low,19,1,0,135,132,27,128
19,High,21,1,0,172,174,105,171
10,High,18,1,0,184,183,88,186
12,Medium,28,1,0,163,164,73,176
17,Medium,37,0,0,164,156,58,159
9,Medium,39,1,0,188,191,70,192
8,Low,40,1,0,143,149,28,158
9,High,32,0,1,182,171,119,177
12,Medium,31,0,0,126,126,79,129
15,Medium,19,1,0,157,156,70,157
8,Low,31,0,0,143,139,46,135
11,Medium,29,0,1,168,161,59,157
10,Low,32,0,0,134,127,51,125
18,Medium,20,1,0,167,167,64,163
13,Low,27,0,1,151,155,47,147
15,Medium,35,0,0,179,173,73,180
18,Medium,25,0,0,153,162,62,154
13,Low,30,0,0,153,148,27,155
10,Medium,40,1,0,135,144,66,137
9,Medium,29,0,0,148,151,85,160
18,High,20,0,0,149,158,87,160
13,Medium,25,1,1,144,132,77,132
19,Medium,32,0,0,171,160,62,169
10,Low,36,0,0,135,136,41,146
11,Low,25,0,0,183,188,54,195
13,Low,31,0,0,157,168,46,177
8,High,24,1,0,130,131,114,130
16,High,39,1,1,182,183,111,188
15,Low,19,0,0,131,128,52,140
13,Low,39,1,0,136,131,44,128
11,Medium,20,1,0,153,153,85,155
17,Medium,37,1,0,180,192,74,198
15,High,19,1,0,141,147,96,142
15,Low,29,1,0,152,143,31,148
17,Medium,26,0,0,131,119,57,124
17,High,33,0,0,168,168,97,160
19,High,29,1,1,135,124,114,128
9,High,19,0,0,142,130,101,134
13,Medium,38,1,0,150,152,78,161
15,High,28,0,0,139,141,104,152
12,Medium,40,1,0,159,147,58,145
16,Medium,18,1,0,157,157,79,163
11,High,21,1,0,159,162,118,171
16,Medium,22,0,0,125,130,75,122
10,High,39,1,0,175,176,113,185
9,Medium,38,1,0,167,164,67,167
11,Medium,27,0,0,178,174,57,174
13,Medium,39,0,0,157,159,81,166
9,High,23,0,1,145,145,113,150
14,Low,26,0,0,176,174,52,177
9,High,34,1,0,159,167,117,176
17,Low,29,0,0,138,150,53,152
9,Medium,19,1,0,182,184,78,181
18,Medium,23,0,0,149,138,85,142
8,Medium,20,1,0,162,150,72,144
15,Medium,29,1,0,182,175,68,184
14,Medium,40,1,0,157,145,66,138
19,Low,35,0,0,127,117,39,128
15,Low,27,0,0,173,172,43,177
19,High,40,0,0,129,133,106,138
13,Low,32,0,0,183,186,27,188
19,Low,29,0,0,152,164,48,173
18,Low,20,1,0,151,163,37,157
8,High,20,1,0,182,172,107,175
12,High,39,1,0,149,140,87,142
15,Low,33,0,0,120,115,25,110
8,High,33,0,0,155,163,89,158
17,Medium,24,0,0,130,138,80,145
18,Low,24,0,1,154,145,55,155
11,High,37,1,1,162,163,87,167
14,Medium,35,1,0,172,165,58,163
8,Medium,38,1,0,164,168,81,179
12,Low,20,0,0,133,136,31,130
18,High,20,1,0,188,188,95,197
8,Low,26,0,0,185,196,43,207
10,Medium,40,0,0,124,118,67,117
14,Low,35,1,1,162,151,50,151
16,Low,24,0,0,179,180,54,179
16,Low,30,1,0,149,137,30,147
15,Medium,21,0,0,185,195,80,190
18,High,28,0,0,185,190,115,198
14,High,37,0,0,168,158,119,156
18,Low,30,0,0,178,187,32,197
19,Medium,36,0,0,167,176,64,178
13,Low,34,1,0,187,192,39,204
12,Medium,24,1,0,143,146,63,156
10,High,21,0,1,125,132,95,136
12,Medium,21,0,0,124,117,59,117
10,Low,33,0,0,152,153,45,152
13,Medium,30,0,0,130,141,77,153
15,High,19,0,0,122,114,96,110
8,High,18,1,0,130,134,104,136
14,High,18,0,1,169,176,98,179
16,Medium,26,0,0,155,158,85,158
11,Medium,33,1,0,158,146,60,150
10,Low,39,0,0,124,119,41,118
15,High,39,0,0,136,147,99,157
15,High,22,0,0,132,121,104,124
14,Medium,31,1,0,128,129,74,137
14,Medium,27,1,0,179,179,85,187
12,Low,31,0,0,168,167,48,163
14,High,27,1,0,156,166,92,178
9,Medium,36,0,0,171,165,81,159
19,Medium,24,1,0,144,147,74,145
8,Low,23,0,0,156,162,29,157
14,High,34,0,1,157,168,117,165
8,Low,20,0,0,157,154,33,156
12,High,34,1,0,149,156,102,152
12,Low,26,0,0,126,127,51,124
14,Low,30,0,0,178,190,37,192
11,Low,20,1,0,184,179,40,174
14,Medium,18,0,0,169,158,76,157
13,Low,29,1,0,189,185,29,197
12,High,30,1,0,129,138,90,148
10,High,32,1,0,187,189,117,198
14,Low,22,1,0,151,160,48,157
12,High,32,0,1,126,129,99,132
9,Low,30,0,0,183,185,25,177
18,Low,24,0,0,129,120,29,132
16,Medium,28,1,0,190,186,84,197
15,Medium,32,1,0,132,138,71,130
12,Low,23,1,0,130,133,51,133
14,Low,35,0,0,162,168,52,164
14,Medium,34,1,0,125,137,68,141
19,Medium,21,0,0,172,174,80,172
9,Medium,20,1,0,129,139,81,144
12,Medium,23,0,0,173,162,73,174
18,High,26,0,0,166,162,96,161
17,Medium,36,1,0,158,160,65,152
9,High,30,0,0,125,132,88,137
18,Low,36,1,0,189,186,32,179
13,Low,36,1,0,163,163,52,160
19,Medium,30,0,0,125,134,63,143
12,Low,26,0,0,127,125,42,132
11,Low,20,1,0,161,169,32,167
18,High,36,1,0,154,164,119,168
9,High,22,1,1,126,136,113,137
10,Low,27,0,0,184,187,48,189
13,Low,20,0,0,150,143,44,147
13,Medium,33,0,0,137,133,70,136
13,Medium,40,0,0,143,137,60,148
10,Low,36,0,0,120,126,29,120
16,High,27,0,0,124,129,91,125
11,Low,22,1,0,137,133,48,131
18,Medium,29,0,0,177,172,77,177
8,Low,39,1,0,162,170,27,178
19,High,20,0,0,146,151,86,146
12,Medium,35,1,0,169,163,83,170
12,Medium,20,1,0,136,133,79,141
15,Low,28,0,0,168,162,43,167
18,Medium,39,0,0,181,174,74,175
9,Medium,33,0,0,133,145,57,152
15,Medium,32,1,0,185,190,60,194
14,High,21,0,0,126,136,95,136
8,Medium,18,1,0,148,143,59,155
18,High,29,0,0,182,192,103,184
19,Medium,35,0,0,160,157,72,169
12,Medium,36,1,0,151,159,59,151
10,Medium,20,1,0,137,126,57,121
10,Low,35,1,0,189,196,25,207
16,Medium,33,1,0,175,178,66,182
16,Medium,21,0,0,156,148,56,143
16,Medium,21,0,0,150,149,85,157
16,Medium,27,0,0,145,152,63,162
13,Medium,33,0,0,179,170,61,171
16,Medium,18,1,0,174,167,64,177
12,Low,37,0,0,188,195,49,197
14,High,39,1,0,141,148,98,152
14,Medium,24,0,0,179,167,57,164
11,Low,28,0,0,184,188,30,199
10,Low,37,0,0,127,119,44,126
10,Medium,28,1,0,178,182,58,175
17,High,26,1,0,144,139,107,143
9,Low,32,0,0,147,143,27,141
8,Low,37,0,0,129,138,51,146
10,High,21,0,0,124,115,92,124
19,Low,30,1,0,168,164,45,168
12,High,21,0,0,134,137,106,149
16,Medium,39,0,0,137,138,77,141
16,Medium,20,0,0,149,151,63,160
19,Medium,33,1,0,177,187,59,189
11,Medium,33,1,0,166,159,60,157
15,High,31,0,1,158,170,116,167
13,Medium,37,1,0,183,178,79,173
15,Medium,22,1,0,172,174,74,184
13,Medium,37,1,0,126,124,71,119
18,Medium,28,1,0,140,152,68,161
19,Medium,25,1,1,145,143,73,146
13,Medium,27,0,1,170,161,69,173
9,Low,36,1,0,167,171,43,165
9,Low,22,0,0,180,191,54,195
17,Medium,36,1,0,140,135,58,136
17,Medium,32,0,0,175,176,85,176
17,Low,38,0,0,158,165,53,168
11,High,26,1,0,188,198,109,208
11,Low,18,1,0,161,172,29,178
11,Medium,30,1,0,153,148,56,155
17,Medium,39,0,0,175,171,85,176
9,Low,22,0,0,176,171,27,168
15,Medium,19,1,0,134,142,69,142
14,Medium,33,0,0,158,166,64,160
8,Low,38,0,0,147,143,36,146
10,High,24,0,0,171,174,118,168
17,High,34,0,0,120,120,110,129
17,Medium,37,1,1,152,149,66,160
16,Medium,34,1,0,179,170,80,178
16,Low,22,0,0,186,177,48,170
8,Medium,33,1,1,188,190,64,190
19,Medium,18,0,0,159,150,67,154
8,Medium,32,0,0,171,178,59,183
16,Medium,19,0,0,165,153,81,162
19,Medium,33,0,0,149,151,67,143
16,High,34,1,0,177,177,93,175
9,High,30,0,0,176,171,106,170
18,Medium,28,0,0,123,119,65,119
10,Medium,23,1,0,140,142,57,154
19,Medium,23,0,0,156,151,72,158
8,High,30,1,0,145,148,109,151
16,High,26,0,0,132,121,110,118
11,Low,36,0,0,150,156,33,160
19,Medium,40,1,0,132,142,67,153
17,Medium,38,0,1,143,137,73,130
19,Medium,25,1,0,130,118,63,126
16,High,26,1,0,183,177,120,184
12,High,22,1,0,130,128,113,121
14,Low,32,0,0,175,177,43,174
9,Medium,34,0,0,184,183,81,185
10,Medium,37,1,0,146,137,61,148
19,Low,29,0,0,163,155,34,147
18,High,24,0,0,148,155,97,150
19,Low,28,1,0,162,162,27,162
14,Medium,30,0,0,177,184,79,180
18,High,28,1,0,145,145,92,145
17,High,31,1,0,155,150,118,148
15,Medium,34,1,0,177,173,76,181
8,Medium,35,1,0,178,188,78,180
17,Low,38,0,0,187,176,37,170
11,Medium,30,0,0,157,156,80,154
18,Low,25,1,0,123,127,27,133
14,Medium,25,1,1,135,133,64,138
19,Medium,23,0,1,188,186,80,182
12,Low,21,0,0,163,172,49,183
17,Low,19,1,0,139,128,38,128
15,High,30,1,0,154,154,111,155
15,Low,23,1,0,148,139,34,132
14,Medium,26,0,0,144,132,81,141
10,Low,39,0,0,145,157,53,150
19,Low,34,0,0,178,168,29,175
16,High,29,0,0,137,137,102,130
14,High,33,1,1,158,152,104,156
15,High,20,1,0,141,139,88,150
12,Low,28,0,0,182,186,41,184
14,Medium,21,0,0,168,177,65,172
13,Medium,20,1,0,149,161,66,163
16,Medium,19,0,0,180,188,77,198
9,Medium,30,1,0,155,156,85,166
18,Medium,19,1,0,125,121,81,133
17,Low,32,0,0,154,149,50,156
13,High,35,0,0,125,120,89,121
11,Low,26,0,0,142,150,36,148
19,Low,19,0,0,151,161,45,163
18,Low,38,1,0,158,157,55,153
16,Low,19,1,1,181,174,40,186
13,Medium,20,1,0,186,178,68,182
8,Low,36,0,0,125,128,30,136
11,Low,34,1,0,157,165,25,157
18,Low,34,1,0,124,118,26,129
11,Low,19,1,0,165,158,42,165
17,High,27,1,0,146,153,90,153
17,Low,33,1,0,188,189,35,190
18,Medium,38,1,0,172,175,63,170
18,Low,39,0,0,162,171,32,168
11,Low,28,1,0,160,163,55,175
13,Low,25,0,1,120,113,44,115
15,Medium,37,0,0,175,163,72,167
8,Medium,40,0,0,164,159,62,171
16,Low,19,0,0,138,143,35,148
12,Medium,36,0,0,135,125,56,136
16,Medium,25,0,0,160,172,80,178
12,Medium,27,1,0,143,142,56,146
15,High,20,1,1,142,132,101,140
11,Low,32,1,0,161,149,47,161
9,Medium,30,0,0,123,127,64,120
14,Low,35,1,0,162,151,34,162
8,Medium,21,1,0,150,151,77,157
13,Medium,27,0,0,188,176,72,178
9,High,21,0,0,135,144,96,153
19,High,18,0,0,150,143,97,154
10,High,39,0,0,148,157,91,155
13,Medium,33,1,0,188,185,69,182
9,Medium,25,0,0,131,125,80,133
13,Low,35,0,0,152,164,50,157
13,High,35,1,0,170,165,114,173
9,Low,18,1,0,182,176,48,176
19,High,32,0,0,166,158,95,164
9,High,37,0,0,182,173,110,178
8,Medium,18,1,0,132,134,82,132
15,Medium,24,0,1,190,182,61,193
8,Medium,27,1,0,126,116,75,110
11,High,39,0,0,189,189,94,187
8,Medium,40,1,0,187,193,62,201
17,High,28,0,0,180,174,115,174
10,High,24,1,0,143,143,108,143
12,Low,38,0,0,135,139,54,131
19,High,35,1,0,160,171,105,176
11,Low,21,1,0,179,168,39,177
18,Low,27,1,0,125,123,42,116
10,High,22,0,0,124,117,87,110
9,Low,19,0,1,135,143,36,153
17,Low,21,1,0,152,150,46,155
8,High,28,1,1,120,117,98,129
13,Medium,19,0,0,123,115,71,121
11,Low,24,1,0,136,135,39,140
12,High,24,0,0,179,173,91,183
9,High,33,0,0,166,174,90,172
10,Medium,36,0,1,185,178,74,174
12,Low,25,0,0,140,137,42,134
17,Medium,19,0,0,154,166,74,172
17,Medium,36,1,0,178,170,68,181
8,High,25,1,0,135,142,111,134
12,Medium,23,0,0,176,187,85,195
8,Medium,40,1,1,171,181,69,177
15,Medium,39,0,0,178,177,82,189
16,High,20,1,0,137,132,118,131
19,Low,39,0,0,165,163,34,160
15,Medium,19,1,0,141,151,80,154
16,Medium,23,1,0,126,133,72,142
15,Low,25,1,0,134,142,50,154
9,Medium,26,1,0,156,166,58,178
9,High,26,0,0,177,168,102,173
13,Medium,31,1,0,132,134,81,134
18,High,23,1,0,168,180,91,191
13,High,28,1,0,183,178,112,187
16,Low,28,1,0,153,149,46,141
13,Low,29,0,0,120,128,30,131
16,Medium,20,0,0,183,175,83,185
17,Medium,22,0,0,123,135,72,131
13,Low,40,1,0,125,130,34,124
11,Low,34,0,0,151,151,55,146
8,Medium,20,1,0,180,186,84,182
13,Medium,39,0,0,163,171,57,179
8,Low,21,1,0,188,183,47,190
14,Medium,22,1,0,124,120,63,131
10,High,32,0,0,123,120,96,124
9,High,23,0,0,158,152,86,145
17,Medium,33,0,0,157,152,81,162
12,High,21,1,0,145,151,88,154
8,Low,38,1,0,139,131,37,127
15,High,36,1,0,182,176,108,188
10,High,29,0,0,161,160,98,153
14,Medium,33,1,0,163,173,68,166
19,Medium,30,1,0,169,163,73,157
19,Low,21,0,0,120,110,35,113
18,Low,35,0,0,134,142,47,150
11,Low,40,1,0,186,180,34,175
11,Low,32,1,0,137,136,36,146
13,High,35,1,0,141,146,115,147
14,Medium,24,0,0,127,124,82,130
16,High,34,0,0,134,126,90,133
17,Low,24,1,0,136,145,49,148
14,Medium,38,0,0,159,152,58,161
13,Low,31,1,1,129,121,52,132
8,Low,31,0,0,165,165,49,177
8,Medium,30,1,0,173,184,60,180
14,High,38,1,0,140,147,95,139
14,Medium,24,0,1,160,160,74,171
11,Medium,21,1,0,138,133,75,127
18,Low,20,1,0,149,161,52,153
14,High,24,0,0,176,167,100,168
16,Low,20,1,0,163,155,41,152
13,Low,40,0,0,178,183,35,188
16,High,26,1,1,171,169,94,179
16,Low,20,1,0,166,169,27,163
13,Low,33,0,0,125,116,44,123
18,High,28,0,0,156,150,90,160
14,Medium,22,1,0,164,172,74,176
8,Medium,29,0,1,164,171,75,176
12,High,35,0,0,139,127,118,135
18,Medium,38,1,0,144,147,76,149
12,Low,24,1,0,133,121,39,115
10,Low,19,0,0,155,145,39,155
18,Medium,28,1,0,161,152,84,160
10,Medium,27,1,0,135,124,85,118
19,Medium,18,1,0,166,163,62,156
17,High,20,1,1,179,173,120,178
8,Medium,37,0,0,133,137,65,132
10,High,28,1,0,168,174,114,173
9,Low,20,1,0,166,170,40,162
9,Low,23,0,0,190,194,31,196
17,High,35,0,0,163,170,101,180
19,Medium,18,0,0,141,148,81,150
13,Medium,37,1,0,176,177,78,179
14,High,19,0,0,149,159,93,154
18,Low,38,1,0,167,161,50,156
18,Low,25,1,0,188,187,26,193
19,Medium,32,0,1,136,134,62,139
10,Medium,27,0,0,162,173,58,178
8,Medium,19,1,0,135,124,82,124
10,High,37,1,1,173,175,110,182
9,High,27,1,0,178,171,117,170
12,High,40,1,0,176,175,100,182
17,Low,19,0,0,163,156,50,155
18,Low,27,1,0,138,146,32,155
9,High,22,1,0,186,186,120,193
13,Medium,37,0,0,188,183,83,179
15,Low,18,1,0,150,139,53,134
16,Medium,31,1,1,160,155,70,166
13,High,29,0,0,156,159,88,153
17,High,22,0,0,167,179,93,175
13,Low,33,0,0,136,135,39,144
17,Medium,38,0,0,166,168,69,173
8,Low,23,1,1,183,185,41,179
15,Low,33,1,0,163,158,31,169
19,Low,36,1,0,181,175,34,176
16,High,29,1,0,189,186,90,190
11,High,28,1,0,128,137,104,138
9,Low,24,1,0,133,130,46,122
19,Medium,28,1,0,137,149,60,158
17,High,26,1,0,145,147,113,154
14,High,34,1,1,123,130,116,138
8,Medium,23,1,0,128,138,78,135
19,Low,38,0,0,146,144,32,150
8,High,25,0,0,125,122,108,115
14,Low,34,0,0,130,124,33,135
8,High,34,0,0,135,146,110,150
19,Medium,40,1,0,127,115,62,121
19,Low,22,1,0,184,180,45,188
8,High,40,0,0,122,117,94,124
13,Low,18,1,0,182,186,50,184
12,High,30,1,0,167,159,102,154
10,High,29,0,0,173,167,114,161
10,Low,19,1,0,158,161,45,163
16,Medium,39,0,0,178,171,70,170
11,Medium,22,0,0,141,144,69,146
11,High,35,0,0,162,164,118,163
9,Medium,21,0,0,142,154,69,158
16,Medium,31,1,0,165,169,77,171
13,High,18,1,0,158,148,102,149
19,Low,28,1,1,186,186,40,197
12,High,36,1,0,160,153,108,160
18,High,22,0,0,163,159,95,170
11,Low,34,1,0,131,126,37,132
17,Low,24,1,0,163,162,54,161
17,High,18,0,0,175,180,107,184
13,High,21,1,0,120,115,100,110
8,Medium,27,0,1,145,155,56,162
16,Medium,26,1,0,190,192,82,199
18,Low,28,1,0,145,144,49,156
18,Low,26,1,0,173,168,40,162
9,High,31,1,0,120,132,120,131
19,High,18,0,0,178,168,104,166
13,Medium,36,1,0,151,147,61,152
9,High,34,0,1,132,133,115,139
11,Low,34,1,0,157,161,39,173
18,Low,26,1,0,181,191,48,190
10,Medium,39,0,0,171,159,65,152
16,Medium,27,0,0,175,181,78,177
8,High,24,1,0,169,157,108,159
13,Medium,21,0,0,155,158,65,153
8,Medium,32,0,0,162,168,68,180
15,Medium,20,0,0,140,150,82,159
11,Medium,20,1,0,160,162,75,160
18,Medium,24,0,0,130,123,61,115
17,High,24,0,0,134,134,106,135
9,Medium,18,1,0,158,170,62,174
18,Medium,36,0,0,126,129,82,134
14,Medium,38,0,1,130,137,62,143
12,Medium,31,0,0,124,127,83,133
10,High,25,0,0,131,119,94,127
18,Medium,22,0,0,155,166,60,161
12,Low,27,1,0,169,157,55,159
14,Medium,30,1,1,132,127,60,124
19,High,37,0,0,121,121,106,115
13,Medium,30,0,0,139,151,58,145
18,Medium,23,0,0,141,130,70,135
13,High,38,1,0,167,179,119,187
12,Medium,35,1,0,150,158,59,150
18,Medium,38,1,1,134,124,65,135
10,Low,18,1,0,146,137,50,131
11,Medium,27,0,0,172,164,68,156
11,Low,39,0,1,146,145,49,144
16,High,20,1,0,187,183,120,181
14,Low,32,1,0,151,139,33,146
19,Low,24,1,0,168,156,45,162
16,High,25,0,0,141,152,109,153
14,Low,33,1,1,127,126,52,120
8,High,31,0,0,172,160,86,171
14,Low,22,1,1,172,176,26,184
8,Low,21,0,0,150,141,53,144
16,High,18,1,0,127,133,89,125
13,High,19,0,0,127,137,105,131
8,Low,26,1,0,159,158,40,153
8,Low,32,1,1,151,152,34,145
8,Low,23,1,0,156,165,42,171
11,Low,19,0,0,153,141,51,141
18,Medium,33,0,0,175,173,73,185
16,Medium,19,1,0,140,131,68,129
17,Medium,22,1,0,174,184,64,179
18,Medium,27,1,0,177,188,69,182
16,Medium,25,1,0,154,146,56,147
8,Low,18,1,0,189,184,28,186
14,High,39,1,1,131,136,93,143
14,Low,27,1,0,172,165,36,157
10,High,34,1,0,162,172,96,177
15,High,39,1,0,145,151,104,153
14,Low,18,0,0,181,182,31,188
13,Medium,36,1,0,144,143,65,150
13,High,19,1,0,143,137,107,146
11,Low,25,1,0,128,118,45,113
15,High,31,0,0,163,162,96,171
10,Low,22,1,0,155,152,55,153
10,Low,28,0,0,139,132,45,131
19,Medium,40,1,0,135,124,65,117
13,Medium,18,0,1,168,160,57,157
15,Medium,33,1,0,159,169,58,172
10,Low,20,0,0,120,118,46,111
8,High,39,0,0,169,159,87,152
8,High,20,1,0,172,174,97,174
18,High,38,0,0,138,133,100,144
9,Medium,35,0,0,129,128,85,138
10,Low,23,0,1,177,184,35,179
17,Medium,40,1,0,170,175,70,179
13,Medium,38,1,0,148,153,76,160
13,Low,22,0,0,175,182,45,174
17,Low,33,1,0,177,175,27,178
15,Low,20,1,0,173,185,27,182
19,High,24,0,0,162,151,118,143
8,Medium,19,1,0,121,123,65,121
18,Medium,30,0,0,160,158,74,156
15,Low,30,1,0,190,198,45,206
18,Low,22,1,0,126,130,30,138
12,Medium,38,0,0,155,150,79,155
12,High,33,0,0,184,191,110,202
16,High,35,1,0,134,138,105,138
18,Medium,21,1,0,186,196,58,202
15,High,40,0,0,144,148,93,143
18,Medium,38,1,0,138,142,65,148
10,Medium,28,1,0,153,161,72,171
8,Medium,22,0,0,130,131,71,131
12,Medium,27,1,1,179,168,61,166
12,High,21,1,0,130,140,95,144
19,Medium,20,0,0,129,124,81,129
15,High,37,0,0,132,127,111,119
18,High,39,1,0,146,145,90,139
18,Medium,36,0,1,144,138,78,148
10,Medium,30,1,0,168,176,68,176
12,Medium,40,1,0,173,168,83,162
15,Medium,39,0,0,187,196,57,208
15,High,23,0,0,149,148,95,154
16,Low,35,0,0,128,124,34,128
12,Low,37,1,0,166,172,51,166
19,Medium,21,0,1,161,172,62,167
13,Medium,34,0,0,121,124,81,129
19,Medium,29,1,0,188,195,56,188
14,Medium,38,1,1,127,115,57,110
19,Low,26,0,1,121,126,50,123
16,Medium,22,1,0,164,163,83,158
11,Medium,40,1,0,141,146,59,149
9,High,37,0,0,158,159,100,169
15,Medium,18,0,0,122,133,85,131
8,Medium,31,1,0,147,151,69,158
11,High,29,0,0,124,130,87,124
18,Medium,22,1,0,143,146,69,142
16,High,22,0,0,148,152,107,150
15,Medium,27,0,0,137,140,59,136
9,Low,31,1,0,153,144,40,148
13,High,39,1,0,148,143,92,143
16,Medium,31,0,0,147,156,82,156
15,Low,22,0,0,141,137,41,145
18,Medium,40,1,0,167,162,75,161
10,High,35,0,0,133,132,105,143
16,Medium,39,1,0,182,170,67,172
12,Low,39,0,0,146,156,29,163
9,Medium,28,1,0,155,145,66,139
10,High,36,1,0,136,124,96,128
9,High,20,1,0,133,124,94,120
9,High,21,0,1,155,148,96,147
15,High,29,0,0,182,186,109,182
10,Medium,29,1,0,152,144,83,137
11,Low,19,1,1,149,153,43,151
10,Low,36,1,0,154,161,33,160
9,Low,38,1,0,187,198,31,201
9,Medium,28,0,0,161,150,68,159
18,Low,29,1,0,127,129,45,133
11,Medium,18,1,0,139,150,57,150
15,Low,31,1,1,172,166,31,160
9,Medium,21,1,0,163,160,73,154
18,High,39,0,0,143,142,93,138
19,Medium,38,1,1,133,124,58,125
19,Low,39,0,0,141,144,29,153
18,Low,21,0,0,190,184,37,190
8,High,25,0,0,184,179,120,174
17,Medium,31,0,1,179,172,74,168
19,High,22,1,0,121,116,92,111
8,Medium,32,1,0,176,169,64,169
18,High,19,0,0,145,137,86,133
15,High,40,0,1,152,148,104,141
16,High,24,1,0,164,173,111,175
17,High,22,0,1,157,169,114,163
9,Medium,28,0,0,143,153,71,151
17,High,20,1,0,164,152,92,155
14,Medium,27,0,0,121,132,62,143
17,Medium,30,1,0,152,145,71,149
9,High,24,0,0,189,190,92,189
9,Medium,37,0,0,158,154,57,146
8,Medium,39,0,0,138,140,58,133
12,Medium,25,0,0,131,140,57,134
18,Medium,21,0,1,125,131,61,134
13,Low,35,1,1,139,132,30,129
11,Medium,29,1,0,183,181,77,183
18,Medium,28,0,1,125,116,56,115
17,Medium,38,1,0,170,179,67,173
10,Medium,22,1,0,162,167,61,175
12,Low,37,0,0,174,169,47,176
17,Medium,19,0,0,128,133,76,145
17,High,37,1,0,150,147,103,157
9,Low,19,1,1,127,132,25,138
16,Low,30,1,0,160,158,33,151
8,Medium,35,0,1,173,165,58,177
9,Low,23,0,0,121,118,32,130
8,Medium,32,1,0,181,177,61,171
10,High,31,0,0,170,159,98,161
18,Low,20,0,0,128,116,34,121
13,High,33,0,0,126,127,88,134
16,High,26,1,0,176,179,111,176
16,Medium,20,1,0,120,128,65,140
11,Medium,20,1,1,187,195,72,190
19,High,37,1,0,127,128,104,126
15,High,25,1,0,123,113,100,110
17,Medium,22,0,0,132,121,66,128
15,Low,36,1,0,176,164,55,176
15,High,19,1,0,141,146,117,157
17,Low,18,1,0,126,121,41,116
8,Medium,36,0,0,158,167,72,172
16,High,35,0,0,136,141,94,148
11,Medium,20,0,1,183,194,68,201
13,Low,23,0,0,137,143,53,140
11,Medium,27,0,0,183,187,63,197
18,Medium,37,0,0,160,165,77,169
12,Low,29,1,1,155,162,45,165
8,Medium,22,1,0,149,147,77,145
12,Medium,35,0,0,126,116,74,110
19,High,21,0,0,140,152,111,157
15,High,21,1,0,182,192,115,198
10,Medium,38,1,0,128,118,74,115
16,Medium,20,0,0,189,196,69,198
12,Medium,32,1,0,141,135,74,144
15,High,23,1,0,145,133,87,137
11,Medium,29,0,0,124,134,77,130
13,Low,26,0,0,134,142,45,134
19,Medium,28,1,0,146,135,73,139
14,High,31,1,0,132,132,98,141
14,Low,39,1,1,183,193,53,192
13,High,23,0,0,134,129,92,124
9,High,38,1,0,173,177,90,181
8,Medium,18,1,0,120,131,71,136
17,Medium,28,1,0,128,140,68,151
9,Low,38,0,0,144,148,54,155
11,Medium,40,0,0,154,150,57,156
16,Medium,27,0,0,154,150,83,162
11,Low,25,1,0,132,127,39,125
11,Low,20,0,0,157,148,53,157
16,High,38,1,0,159,159,106,162
17,Medium,35,0,1,183,195,57,189
17,High,33,1,0,175,171,101,171
17,Low,21,1,1,181,193,48,195
15,Low,29,1,0,135,141,48,143
10,Medium,30,0,0,133,141,84,152
10,Low,24,1,0,156,154,39,146
12,Medium,19,1,0,135,143,60,151
17,Medium,18,1,0,176,164,62,173
9,High,33,0,0,130,132,106,142
14,High,29,1,0,137,137,104,135
19,Medium,26,1,0,125,121,73,129
11,Low,38,0,0,143,154,35,153
9,High,18,0,0,163,152,99,153
18,Medium,25,0,0,162,167,69,171
13,High,40,1,0,134,145,116,156
10,High,20,1,0,167,173,108,167
11,Low,20,1,0,151,155,29,149
9,Low,28,1,1,149,138,36,136
11,Low,33,0,0,143,148,43,160
10,Low,18,1,0,155,148,31,150
12,Low,37,1,0,173,169,50,164
19,High,28,1,0,160,163,105,163
11,Medium,28,0,0,158,168,59,162
15,Medium,22,1,0,154,142,74,154
15,Low,37,1,1,180,189,28,199
13,Low,27,0,0,163,154,42,146
15,Medium,40,0,0,146,157,83,154
11,Low,31,1,0,127,122,50,128
8,Medium,28,1,0,134,135,75,135
16,Medium,28,0,0,123,124,80,136
10,High,19,0,0,135,127,116,125
18,Medium,22,1,0,160,172,76,181
14,Medium,38,1,0,129,139,56,143
13,Low,21,0,0,178,175,32,170
13,Medium,40,0,0,131,142,68,144
19,High,38,1,0,138,133,97,145
8,Medium,32,1,0,125,131,78,141
11,High,22,1,0,128,129,116,137
10,Medium,22,1,0,156,154,69,157
12,Low,21,0,0,175,169,38,177
14,High,37,1,0,190,183,102,184
17,Medium,36,0,0,183,184,62,194
18,Medium,28,1,0,152,161,64,156
12,High,35,1,0,144,150,105,147
19,Low,40,0,1,184,188,41,184
12,High,23,0,0,174,175,118,182
18,Low,21,1,0,128,136,39,138
10,High,37,0,0,125,129,112,125
9,Medium,40,1,0,150,154,69,147
18,Low,30,1,0,131,141,36,144
14,High,22,1,0,186,193,103,203
10,Low,34,0,0,134,122,44,127
17,Low,24,0,0,153,155,45,149
19,Low,21,0,0,136,145,51,151
9,Medium,24,1,1,153,153,85,150
15,High,38,0,0,169,163,91,170
18,High,28,1,0,176,165,94,157
18,Medium,33,1,0,148,143,57,140
14,Medium,37,1,0,169,160,64,170
15,Medium,32,1,0,146,151,70,155
19,High,39,1,0,153,158,113,166
9,Medium,27,1,0,133,132,69,135
16,Low,19,1,0,153,157,35,159
19,Low,20,1,0,171,163,41,155
17,Medium,30,1,0,171,179,79,186
19,High,19,0,0,164,166,101,171
16,Low,18,1,0,187,183,53,189
18,High,30,1,0,188,187,90,192
18,High,32,0,0,152,144,111,136
11,High,20,1,0,126,115,106,111
15,Medium,40,0,1,173,173,63,183
15,Low,19,1,0,183,187,55,195
17,High,33,0,0,144,132,93,134
18,Medium,36,1,0,174,183,64,184
8,Low,33,1,0,168,174,42,173
15,High,40,0,0,183,183,108,194
17,Medium,31,1,0,162,160,67,168
11,High,39,1,0,133,131,86,143
12,Low,24,0,0,186,176,47,175
8,Low,27,0,0,178,170,46,178
13,Low,33,1,0,126,127,29,130
11,Medium,23,1,1,154,163,58,160
14,Low,29,0,0,167,172,26,171
13,Medium,40,1,0,185,187,84,186
13,Low,23,1,0,151,163,34,157
12,High,31,0,0,131,120,115,128
16,Medium,40,0,0,148,145,78,141
11,Low,28,0,0,142,144,27,145
9,High,29,1,1,160,170,97,173
16,Medium,18,0,0,160,168,58,171
15,Low,39,0,0,175,178,45,182
12,Medium,32,1,0,156,147,76,155
15,Low,21,0,0,146,155,30,153
19,Low,21,1,0,159,166,27,168
10,Medium,25,1,0,186,192,72,193
11,Medium,21,1,0,179,191,78,194
16,Low,37,1,0,166,155,41,166
14,Low,23,1,0,131,126,45,130
15,Low,32,0,0,188,184,25,181
13,High,34,1,0,146,145,96,153
9,Low,18,0,0,189,188,49,198
17,Medium,38,0,0,132,142,58,146
16,Low,27,0,0,124,121,43,123
9,Medium,24,0,0,177,175,77,180
9,Low,37,1,0,128,127,29,133
18,High,23,1,0,145,139,112,136
10,Medium,29,1,0,155,162,66,154
18,Low,18,1,0,123,117,32,120
19,Low,40,1,0,148,159,38,156
15,Medium,30,1,0,150,139,61,134
19,High,20,0,0,135,129,96,125
8,High,28,0,0,146,141,101,153
18,Medium,31,1,0,166,155,71,151
19,High,35,0,1,176,166,94,167
17,Medium,25,0,0,144,145,62,140
9,Medium,27,1,1,188,190,65,201
15,High,38,0,0,159,157,100,163
19,Low,20,0,0,178,190,26,190
12,Medium,18,1,0,123,122,62,134
12,Medium,37,0,1,171,168,66,175
17,High,33,0,0,130,124,106,118
12,Medium,25,1,0,179,180,61,185
16,Low,33,1,1,142,145,48,144
16,High,23,0,0,156,165,105,163
15,High,29,0,0,145,137,88,140
16,High,25,1,0,169,170,91,164
19,High,24,0,0,153,150,101,142
10,Low,39,0,0,128,140,27,140
10,Medium,31,1,0,146,148,65,147
17,High,23,1,0,150,147,93,154
15,Low,26,1,1,179,186,26,187
14,High,40,1,0,153,145,118,140
14,Medium,39,0,0,188,182,80,188
19,Low,36,1,0,146,145,54,155
18,High,32,0,0,161,154,104,148
15,Low,32,1,0,154,162,34,169
9,Low,33,0,0,181,180,41,172
8,High,37,1,0,189,191,113,195
9,Low,27,0,0,163,168,28,178
12,Low,31,0,0,176,178,29,182
9,Low,20,0,0,170,174,54,184
9,Low,23,1,0,152,158,31,162
16,Medium,35,1,0,184,190,58,185
16,High,34,0,0,137,142,99,153
14,Low,20,0,0,133,142,29,149
12,Low,25,0,1,124,126,37,137
14,High,39,1,0,153,144,118,148
16,Low,34,0,0,179,186,40,197
18,Low,32,0,0,157,159,41,158
19,High,39,0,1,145,142,111,135
9,Medium,36,1,0,131,121,65,133
16,Medium,35,1,0,138,150,74,151
17,High,39,0,0,166,162,92,165
14,Medium,19,1,1,141,146,82,148
8,High,33,1,0,159,154,109,163
18,Low,18,1,0,124,124,38,125
12,Low,27,0,0,189,185,46,180
15,High,18,1,0,177,173,87,166
17,Medium,40,1,0,124,136,80,147
17,High,35,1,0,182,186,106,190
18,Medium,20,1,1,161,151,73,145
19,Medium,27,0,1,161,171,64,163
8,High,31,0,0,156,158,96,152
12,Medium,34,0,0,152,142,76,137
15,Low,29,0,0,146,139,45,143
13,High,35,0,0,179,185,109,177
8,Low,31,1,0,138,137,42,133
8,Low,32,1,0,171,171,29,163
16,Low,18,1,0,176,187,37,199
14,Low,34,1,0,136,143,26,139
12,High,37,1,0,141,140,101,144
17,Low,39,0,0,186,183,41,194
13,Medium,24,0,0,158,165,62,169
16,Low,28,0,0,171,160,42,172
